!Series_title	"Gene expression in alveolar macrophages from phenotypically normal smokers compared to non-smokers"
!Series_geo_accession	"GSE3212"
!Series_status	"Public on Sep 26 2005"
!Series_submission_date	"Aug 26 2005"
!Series_last_update_date	"Jul 08 2016"
!Series_pubmed_id	"16520944"
!Series_summary	"Cigarette smoking is the leading cause of the respiratory diseases collectively known as chronic obstructive pulmonary disease (COPD). While the pathogenesis of COPD is complex, there is abundant evidence that alveolar macrophages (AM) play an important role. Based on the concept that COPD is a slow-progressing disorder likely involving multiple mediators released by AM activated by cigarette smoke, the present study focuses on the identification of previously unrecognized genes that may be linked to early events in the molecular pathogenesis of COPD, as opposed to factors associated with the presence of disease. To accomplish this, microarray analysis using Affymetrix microarrays was used to carry out an unbiased survey of the differences in gene expression profiles in the AM of phenotypically normal, ~20 pack-yr smokers compared to healthy non-smokers. Although smoking did not alter the global gene expression pattern of AM, 75 genes were modulated by smoking, with 40 genes up-regulated and 35 down-regulated in the AM of smokers compared to non-smokers. Most of these genes belong to the functional categories of immune/inflammatory response, cell adhesion and extracellular matrix, proteolysis and antiproteolysis, lysosomal function, antioxidant-related, signal transduction and regulation of transcription. Of these 75 genes, 69 have not been previously recognized to be up- or down-regulated in alveolar macrophages in association with smoking or COPD, including genes coding for proteins belonging to all of the above categories, and others belonging to various functional categories or of unknown function. These observations suggest that gene expression responses of alveolar macrophages associated with the stress of cigarette smoking are more complex than previously thought, and offer a variety of new insights into the complex pathogenesis of smoking-induced lung diseases. "
!Series_summary	"Keywords: Comparison of gene expression profile in smokers vs non-smokers"
!Series_overall_design	"5 non smokers and 5 smokers"
!Series_overall_design	"Alveolar macrophages were obtained from bronchoalveolar lavage"
!Series_type	"Expression profiling by array"
!Series_contributor	"Adriana,,Heguy"
!Series_contributor	"Timothy,,O' Connor"
!Series_contributor	"Stefan,,Worgall"
!Series_contributor	"Ben-Gary,,Harvey"
!Series_contributor	"Neil,,Hackett"
!Series_contributor	"Ronald,,Crystal"
!Series_sample_id	"GSM71942 GSM71991 GSM72243 GSM72244 GSM72245 GSM72246 GSM72247 GSM72248 GSM72249 GSM72250 "
!Series_contact_name	"Yael,,Strulovici-Barel"
!Series_contact_email	"yas2003@med.cornell.edu"
!Series_contact_laboratory	"Crystal"
!Series_contact_department	"Department of Genetic Medicine"
!Series_contact_institute	"Weill Cornell Medical College"
!Series_contact_address	"1300 York Avenue"
!Series_contact_city	"New York"
!Series_contact_state	"NY"
!Series_contact_zip/postal_code	"10021"
!Series_contact_country	"USA"
!Series_supplementary_file	"ftp://ftp.ncbi.nlm.nih.gov/geo/series/GSE3nnn/GSE3212/suppl/GSE3212_RAW.tar"
!Series_platform_id	"GPL80"
!Series_platform_taxid	"9606"
!Series_sample_taxid	"9606"
!Series_relation	"SubSeries of: GSE5060"
!Series_relation	"BioProject: https://www.ncbi.nlm.nih.gov/bioproject/PRJNA104805"

!Sample_title	"NS1_NS010112"	"NS2_NS010119"	"NS3_NS010823"	"NS4_NS010827"	"NS5_NS010926"	"S1_S010228"	"S2_S010403"	"S3_S010809"	"S4_S010926"	"S5_S5010928"
!Sample_geo_accession	"GSM71942"	"GSM71991"	"GSM72243"	"GSM72244"	"GSM72245"	"GSM72246"	"GSM72247"	"GSM72248"	"GSM72249"	"GSM72250"
!Sample_status	"Public on Sep 26 2005"	"Public on Sep 26 2005"	"Public on Sep 26 2005"	"Public on Sep 26 2005"	"Public on Sep 26 2005"	"Public on Sep 26 2005"	"Public on Sep 26 2005"	"Public on Sep 26 2005"	"Public on Sep 26 2005"	"Public on Sep 26 2005"
!Sample_submission_date	"Aug 25 2005"	"Aug 25 2005"	"Aug 26 2005"	"Aug 26 2005"	"Aug 26 2005"	"Aug 26 2005"	"Aug 26 2005"	"Aug 26 2005"	"Aug 26 2005"	"Aug 26 2005"
!Sample_last_update_date	"Aug 26 2005"	"Aug 26 2005"	"Aug 26 2005"	"Aug 26 2005"	"Aug 26 2005"	"Aug 26 2005"	"Aug 26 2005"	"Aug 26 2005"	"Aug 26 2005"	"Aug 26 2005"
!Sample_type	"RNA"	"RNA"	"RNA"	"RNA"	"RNA"	"RNA"	"RNA"	"RNA"	"RNA"	"RNA"
!Sample_channel_count	"1"	"1"	"1"	"1"	"1"	"1"	"1"	"1"	"1"	"1"
!Sample_source_name_ch1	"alveolar macrophages from bronchoalveolar lavage"	"alveolar macrophages from bronchoalveolar lavage"	"alveolar macrophages from bronchoalveolar lavage"	"alveolar macrophages from bronchoalveolar lavage"	"alveolar macrophages from bronchoalveolar lavage"	"alveolar macrophages from bronchoalveolar lavage"	"alveolar macrophages from bronchoalveolar lavage"	"alveolar macrophages from bronchoalveolar lavage"	"alveolar macrophage from bronchoalveolar lavage"	"alveolar macrophages from bronchoalveolar lavage"
!Sample_organism_ch1	"Homo sapiens"	"Homo sapiens"	"Homo sapiens"	"Homo sapiens"	"Homo sapiens"	"Homo sapiens"	"Homo sapiens"	"Homo sapiens"	"Homo sapiens"	"Homo sapiens"
!Sample_characteristics_ch1	"Gender: male"	"Gender: male"	"Gender: Male"	"Gender: Male"	"Gender: male"	"Gender: Male"	"Gender: Male"	"Gender: Male"	"Gender: Male"	"Gender: Male"
!Sample_characteristics_ch1	"Age: 40"	"Age: 34"	"Age: 57"	"Age: 25"	"Age: 31"	"Age: 32"	"Age: 34"	"Age: 38"	"Age: 37"	"Age: 25"
!Sample_characteristics_ch1	"Ethnicity: black"	"Ethnicity: white"	"Ethnicity: White"	"Ethnicity: Black"	"Ethnicity: White"	"Ethnicity: Hispanic"	"Ethnicity: White"	"Ethnicity: Black"	"Ethnicity: White"	"Ethnicity: White"
!Sample_molecule_ch1	"total RNA"	"total RNA"	"total RNA"	"total RNA"	"total RNA"	"total RNA"	"total RNA"	"total RNA"	"total RNA"	"total RNA"
!Sample_label_ch1	"biotin"	"biotin"	"biotin"	"biotin"	"biotin"	"biotin"	"biotin"	"biotin"	"biotin"	"biotin"
!Sample_taxid_ch1	"9606"	"9606"	"9606"	"9606"	"9606"	"9606"	"9606"	"9606"	"9606"	"9606"
!Sample_description	"normal non-smoker"	"normal nonsmoker"	"normal non-smoker"	"normal non-smoker"	"normal non-smoker"	"normal smoker, 30 pack-yr"	"normal smoker, 14 pack-yr"	"normal smoker, 14 pack-yr"	"normal smoker, 20 pack-yr"	"normal smoker, 10 pack-yr"
!Sample_data_processing	"MAS 5.0"	"MAS 5.0"	"MAS 5.0"	"MAS 5.0"	"MAS 5.0"	"MAS 5.0"	"MAS 5.0"	"MAS 5.0"	"MAS 5.0"	"MAS 5.0"
!Sample_platform_id	"GPL80"	"GPL80"	"GPL80"	"GPL80"	"GPL80"	"GPL80"	"GPL80"	"GPL80"	"GPL80"	"GPL80"
!Sample_contact_name	"Yael,,Strulovici-Barel"	"Yael,,Strulovici-Barel"	"Yael,,Strulovici-Barel"	"Yael,,Strulovici-Barel"	"Yael,,Strulovici-Barel"	"Yael,,Strulovici-Barel"	"Yael,,Strulovici-Barel"	"Yael,,Strulovici-Barel"	"Yael,,Strulovici-Barel"	"Yael,,Strulovici-Barel"
!Sample_contact_email	"yas2003@med.cornell.edu"	"yas2003@med.cornell.edu"	"yas2003@med.cornell.edu"	"yas2003@med.cornell.edu"	"yas2003@med.cornell.edu"	"yas2003@med.cornell.edu"	"yas2003@med.cornell.edu"	"yas2003@med.cornell.edu"	"yas2003@med.cornell.edu"	"yas2003@med.cornell.edu"
!Sample_contact_laboratory	"Crystal"	"Crystal"	"Crystal"	"Crystal"	"Crystal"	"Crystal"	"Crystal"	"Crystal"	"Crystal"	"Crystal"
!Sample_contact_department	"Department of Genetic Medicine"	"Department of Genetic Medicine"	"Department of Genetic Medicine"	"Department of Genetic Medicine"	"Department of Genetic Medicine"	"Department of Genetic Medicine"	"Department of Genetic Medicine"	"Department of Genetic Medicine"	"Department of Genetic Medicine"	"Department of Genetic Medicine"
!Sample_contact_institute	"Weill Cornell Medical College"	"Weill Cornell Medical College"	"Weill Cornell Medical College"	"Weill Cornell Medical College"	"Weill Cornell Medical College"	"Weill Cornell Medical College"	"Weill Cornell Medical College"	"Weill Cornell Medical College"	"Weill Cornell Medical College"	"Weill Cornell Medical College"
!Sample_contact_address	"1300 York Avenue"	"1300 York Avenue"	"1300 York Avenue"	"1300 York Avenue"	"1300 York Avenue"	"1300 York Avenue"	"1300 York Avenue"	"1300 York Avenue"	"1300 York Avenue"	"1300 York Avenue"
!Sample_contact_city	"New York"	"New York"	"New York"	"New York"	"New York"	"New York"	"New York"	"New York"	"New York"	"New York"
!Sample_contact_state	"NY"	"NY"	"NY"	"NY"	"NY"	"NY"	"NY"	"NY"	"NY"	"NY"
!Sample_contact_zip/postal_code	"10021"	"10021"	"10021"	"10021"	"10021"	"10021"	"10021"	"10021"	"10021"	"10021"
!Sample_contact_country	"USA"	"USA"	"USA"	"USA"	"USA"	"USA"	"USA"	"USA"	"USA"	"USA"
!Sample_supplementary_file	"ftp://ftp.ncbi.nlm.nih.gov/geo/samples/GSM71nnn/GSM71942/suppl/GSM71942.CEL.gz"	"ftp://ftp.ncbi.nlm.nih.gov/geo/samples/GSM71nnn/GSM71991/suppl/GSM71991.CEL.gz"	"ftp://ftp.ncbi.nlm.nih.gov/geo/samples/GSM72nnn/GSM72243/suppl/GSM72243.CEL.gz"	"ftp://ftp.ncbi.nlm.nih.gov/geo/samples/GSM72nnn/GSM72244/suppl/GSM72244.CEL.gz"	"ftp://ftp.ncbi.nlm.nih.gov/geo/samples/GSM72nnn/GSM72245/suppl/GSM72245.CEL.gz"	"ftp://ftp.ncbi.nlm.nih.gov/geo/samples/GSM72nnn/GSM72246/suppl/GSM72246.CEL.gz"	"ftp://ftp.ncbi.nlm.nih.gov/geo/samples/GSM72nnn/GSM72247/suppl/GSM72247.CEL.gz"	"ftp://ftp.ncbi.nlm.nih.gov/geo/samples/GSM72nnn/GSM72248/suppl/GSM72248.CEL.gz"	"ftp://ftp.ncbi.nlm.nih.gov/geo/samples/GSM72nnn/GSM72249/suppl/GSM72249.CEL.gz"	"ftp://ftp.ncbi.nlm.nih.gov/geo/samples/GSM72nnn/GSM72250/suppl/GSM72250.CEL.gz"
!Sample_supplementary_file	"ftp://ftp.ncbi.nlm.nih.gov/geo/samples/GSM71nnn/GSM71942/suppl/GSM71942.EXP.gz"	"ftp://ftp.ncbi.nlm.nih.gov/geo/samples/GSM71nnn/GSM71991/suppl/GSM71991.EXP.gz"	"ftp://ftp.ncbi.nlm.nih.gov/geo/samples/GSM72nnn/GSM72243/suppl/GSM72243.EXP.gz"	"ftp://ftp.ncbi.nlm.nih.gov/geo/samples/GSM72nnn/GSM72244/suppl/GSM72244.EXP.gz"	"ftp://ftp.ncbi.nlm.nih.gov/geo/samples/GSM72nnn/GSM72245/suppl/GSM72245.EXP.gz"	"ftp://ftp.ncbi.nlm.nih.gov/geo/samples/GSM72nnn/GSM72246/suppl/GSM72246.EXP.gz"	"ftp://ftp.ncbi.nlm.nih.gov/geo/samples/GSM72nnn/GSM72247/suppl/GSM72247.EXP.gz"	"ftp://ftp.ncbi.nlm.nih.gov/geo/samples/GSM72nnn/GSM72248/suppl/GSM72248.EXP.gz"	"ftp://ftp.ncbi.nlm.nih.gov/geo/samples/GSM72nnn/GSM72249/suppl/GSM72249.EXP.gz"	"ftp://ftp.ncbi.nlm.nih.gov/geo/samples/GSM72nnn/GSM72250/suppl/GSM72250.EXP.gz"
!Sample_data_row_count	"7129"	"7129"	"7129"	"7129"	"7129"	"7129"	"7129"	"7129"	"7129"	"7129"
!series_matrix_table_begin
"ID_REF"	"GSM71942"	"GSM71991"	"GSM72243"	"GSM72244"	"GSM72245"	"GSM72246"	"GSM72247"	"GSM72248"	"GSM72249"	"GSM72250"
"A28102_at"	595.6	1081.3	585.7	1064.2	997.8	265.1	1479.8	849.8	875	458.5
"AB000114_at"	631.2	429.7	407	699.2	210.8	15.4	885.2	352.9	385.4	108.4
"AB000115_at"	3499.4	4375.3	2720.2	794.5	2181.8	929.3	3183.1	957.4	864.1	714.3
"AB000220_at"	3903	8036.2	3053.2	3976.6	8156.6	5540	2363.8	3687.4	1843.9	5296
"AB000381_s_at"	364.3	372.7	105.9	191.1	45.7	101.4	35.8	291.2	330.2	37.8
"AB000409_at"	4541.3	4468.9	5738.3	3416.6	5864.9	3382	3732.3	7220.1	6271.8	4347.2
"AB000410_s_at"	345.5	556.1	613.6	141.7	98.2	124.8	324.6	162	118.1	94.7
"AB000449_at"	710.6	901.5	725.3	1526.8	600.3	63	663.7	673	429.8	362.9
"AB000450_at"	5094.6	3392.1	1604.9	2067.1	5560.7	1657.3	1374.6	2411.4	1525.2	4088.5
"AB000460_at"	3595.9	4477.9	2561.4	6077.2	3448.7	3593.5	2515.3	2731.9	2602.8	3077.8
"AB000462_at"	582.6	1538.6	653.1	1536.1	653	75.3	658.1	996.5	515.1	503.3
"AB000464_at"	846.6	2253	686.7	2473.6	1204.9	498.1	1047.6	1150.9	670.8	617
"AB000466_at"	190.9	266.5	261.3	318.1	235.6	93.6	290.1	264.7	238.2	120.3
"AB000467_at"	300.3	657.5	763.4	684	233.2	478.9	1017	1059.9	1004.2	737.1
"AB000468_at"	5040.4	4741.3	3245.6	4965.8	3565.9	5184.7	4505.2	6574.1	3976.9	3660.1
"AB000584_at"	13298.4	3366.7	2208	6108.2	3214.6	2550.4	18897.3	3825.9	3205.3	13475.2
"AB000816_s_at"	148.5	187.1	331.3	71.5	355.2	306.5	375	661	211.4	449.1
"AB000895_at"	276.7	2022.9	189.1	487.8	1197.6	265.3	2014.1	1383.8	588	150.3
"AB000896_at"	1082.9	789.7	666.7	906.1	684.2	1022.6	529.1	1021.6	878.6	444
"AB000897_at"	627.6	861.7	658	617.3	580.8	1770.8	1496.8	1385.6	623.2	453.9
"AB000905_at"	1072.9	586.9	686.3	760.4	651.4	814.2	1731	439.7	474.9	233.8
"AB001106_at"	2805.3	3293.9	1496.4	2436.5	3243.3	7929.4	2758	3404.1	3076.6	3002.2
"AB001325_at"	4726.8	4269.4	3808	17247.4	4211	2956.2	3498.7	7293	8048.2	4569.1
"AB002314_at"	604.1	658.4	392.4	568	537.8	995.1	2608.8	375	462.7	311.8
"AB002315_at"	1699.5	984.4	896.7	2253.1	1326.6	1555.6	627.5	2140.3	1849.3	1366.5
"AB002318_at"	801.5	2099	1835.3	3548.7	1725.4	1700.7	2747.7	1458.8	2053.9	2067.5
"AB002332_at"	1238.9	886.8	1379.1	5548.9	1142.4	1751.9	560.4	1513.6	1125.2	1446.9
"AB002356_s_at"	7094.3	4316.8	2581.7	3719.2	3905.2	3492.9	7594.1	3887	3151.4	3908.2
"AB002365_at"	634.6	475.8	60	7657.5	1780.9	33.1	1025.5	316.1	36.3	1197.9
"AB002366_at"	161.7	291.4	30.2	523.7	358.5	15.7	58.9	41.2	81.7	44.7
"AB002380_at"	550.8	206	299.2	2562.1	291.9	276.7	234.5	479.2	225.6	334.8
"AB002382_at"	4127.7	2104.8	1829.6	5417.7	2130	1435	2348.7	3503.3	1240.2	2422.7
"AB002409_at"	512.7	991.9	119.9	364.7	127.2	205.7	505.3	84.4	121.6	86.3
"AB002533_at"	54549.3	57091.1	80155.6	46890.6	59911.2	43656.2	83244.3	43671.8	53954	53572.1
"AB002559_at"	7060.8	6847.1	9665.5	1350.9	3615.7	2106.6	4339.1	5286.3	3805.6	5080.5
"AB003102_at"	5303.2	7395.1	2858.5	4946.6	7788.8	7744.5	2481.9	5065.1	5830.3	6752.9
"AB003103_at"	962	855	468	1762.1	1251.3	791.6	388	1302.7	667.9	1666.8
"AB003177_at"	7141.8	4820	5996.6	6414.3	5684.1	7150.2	3160	6438.7	7768	6643.7
"AB003698_at"	227.3	233.4	65.6	842.8	381.9	285.2	84.8	327.3	573.7	204.7
"AB004884_at"	3954.6	8520.6	1764.8	2702.8	2914.3	4888.8	1020	2567.3	2396	2930
"AB005535_s_at"	265.9	34.7	15.4	33.3	14.9	14.4	66.9	59.3	23	15.2
"AB006190_at"	2052.1	2344	1663.4	3442.8	1794.9	1815.1	1729.8	2412.1	1879.6	1553.2
"AB006781_s_at"	558.2	564.6	728.2	891.1	250.4	241.7	720.7	320.3	120.3	477.3
"AB006782_at"	29183.6	29044.8	49036.7	13536.2	23778.2	22999.6	39799.5	37400.3	39983.1	33043.9
"AC000061_cds2_at"	667.8	1135.9	106.2	1125.8	985.7	662.6	1449.7	1249.5	724.8	476.7
"AC000061_cds3_at"	79	40.3	24.1	69	35.8	25.1	46	53.8	193.4	15.2
"AC000062_at"	56.2	18.2	85.8	17.6	6.6	22.7	40.3	178.1	9.1	4.5
"AC000063_s_at"	104.4	108.8	238.7	1054.1	411.1	186.8	647.7	340.6	119	216.2
"AC000064_cds1_at"	1352	938.3	1233.8	963.6	1265	1212.6	2183.1	3084.5	1680.1	2068.5
"AC000064_cds2_at"	352.9	438.6	427.8	968.5	390.9	234.6	893.9	335.5	412.1	201.3
"AC000066_at"	322.4	64.1	80.8	40.1	127.8	43.2	768.7	45.6	76.7	15.2
"AC000099_at"	303.2	619.3	115.5	716	381.7	118.3	1102.8	939.6	347.5	151.1
"AC000115_cds1_at"	92	47.5	72.2	56.7	77.8	38.6	159.2	89.5	150.3	39.9
"AC002045_xpt1_at"	529.1	298.9	272.1	1407.5	683.4	228.4	560.6	861.1	470.2	165
"AC002045_xpt2_s_at"	5998.6	5996	4341.5	30880.4	4986	6864.7	9020.1	8643.7	4335.3	6951.2
"AC002073_cds1_at"	520.3	70.7	428.4	1034.4	177.4	239	546.6	536.3	607.7	240.9
"AC002076_cds2_at"	30.3	20.3	31.2	302	400	14.9	42.6	53	16.7	121.9
"AC002077_at"	1165.4	532.4	830.1	458.7	364.3	382.2	465	355.1	655.1	241.2
"AC002086_at"	194.9	62.8	175.8	159.6	24.6	59.2	68.4	163.6	47.2	73.3
"AC002115_cds1_at"	35685.5	33668.2	33694.9	32015.2	20046.6	21065.1	33185.9	21632.9	19164.6	23079.8
"AC002115_cds3_at"	1502.2	1101	828.6	1337.8	1110.3	1171.8	1543.6	1575.2	1274.8	942.5
"AC002115_cds4_at"	322.7	270.3	201.6	485.6	309.7	258.9	1097.6	291.1	227.1	227.3
"AC002115_rna2_at"	5032.7	3177.7	3476.5	3759.2	1946.6	2362.7	1948.6	4000.5	1832.1	2945.6
"AC002450_at"	376.2	881.9	133.8	157.7	468.7	371.5	540.2	794.6	317.6	692.3
"AC002464_at"	334.3	182.1	171.5	1037.1	164.7	76.6	73.1	97.8	78.5	47.6
"AC002477_s_at"	2603.2	1536.2	1858.5	1202.9	1336.3	837.2	2998.7	2302	1716.2	1008
"AC002486_at"	756.8	465.9	739.5	490.6	126.3	428	356	385.6	302.2	269.8
"AD000092_cds1_at"	1150.5	534.3	332	1806.9	1253.8	480.3	1511.7	1036.4	778.8	974.2
"AD000092_cds2_at"	2304	2878.8	2868.8	985.3	2112.2	1376.2	1945.3	4341.2	2948.2	2568.4
"AD000092_cds7_s_at"	7786.1	2991.7	3275.2	2642.2	2869.2	3802.9	9174.5	5042.5	2787.4	4003.4
"AD000684_cds1_at"	82.8	123.4	70.8	3725.9	124	53.6	86.5	624.3	93.3	38.1
"AD001527_cds1_at"	439.7	214.9	84.1	651.3	482.5	103.4	1135.4	145.3	331	366.8
"AF000177_at"	2581.4	925.1	1471.9	3333.6	1753	1198.4	1208.1	2629.2	3196	2202.6
"AF000231_at"	966.6	345.6	345.1	1530.9	812.7	245.1	481.1	982.5	599.6	580.4
"AF000234_at"	12887.2	4892.7	5132.9	1543.5	4608.5	9676.2	13370.1	5279.9	3654.9	4363.4
"AF000424_s_at"	5561.4	10685.1	18184.4	247.1	6023	6430.2	14281.1	10445.5	10930.7	10862.6
"AF000430_at"	590.6	222.4	476.3	65	529.7	313.6	694.4	562	377.8	395.3
"AF000545_at"	405.8	921.9	348.4	999.4	635.4	199.6	1520.9	696.9	444.6	131.1
"AF000560_at"	1737.7	1272	839.7	885.6	977.3	1149.5	1963.8	1407.2	851	970.4
"AF000562_at"	666.6	1189.1	242.3	2107.6	599.7	403.1	706.1	421.8	837.4	302.6
"AF000573_rna1_at"	75.4	41.1	44.3	1752.1	44.5	35.2	33.2	57.2	18.5	28.9
"AF000959_at"	179.6	205.5	132.9	449.3	649.3	276.1	1030.1	238	200.7	183
"AF001294_at"	3468.3	17456.7	1457.1	1442.6	3837.4	4708.6	3015.3	1813.2	3347.6	2901.3
"AF001359_f_at"	6574	6122	4115	6708.2	4923.7	5217.3	14934.3	5646.4	5436.8	4544.9
"AF001548_rna1_at"	84.8	429.5	166.7	139.4	259.2	395.9	450.8	550.4	450.6	204.3
"AF001620_at"	31.5	37.1	21.8	35.4	36.7	9	24.3	40.2	20.8	28.4
"AF001787_s_at"	34.1	34	45.2	27.7	15.6	17.7	55.1	30.5	24.4	8.1
"AF002020_at"	10125.9	9108.2	2928.2	1607.5	7007.1	6203.7	6547.9	4238	3424.4	6567.8
"AF002224_at"	258	267.1	141	934.6	570	432.3	1250.6	117.2	133.8	197.7
"AF002700_at"	333.5	105.2	361.3	839.2	108	39.3	226.9	495.7	258.2	243.2
"AF003743_at"	193	182.3	199.9	251.2	311.4	142.6	327.7	265.9	120	239.8
"AF005037_at"	218.9	330.2	134.7	384.5	303.6	43.4	362.2	351.7	85.3	436.7
"AF005043_at"	567.5	45.1	23.4	475.6	71.8	141.1	132.9	412.1	330.9	93.5
"AF005361_at"	62.2	35.8	10.3	42.5	57.6	13.5	42.5	32.8	41.3	24
"AF005775_at"	4104.3	6898.8	646.4	2295.6	3751.5	7050.1	833	1308.8	1263	1568.8
"AF005887_at"	1870.5	1256.9	1431.9	1862.1	1719.9	1763	379.3	1659.3	1662.3	1701.2
"AF006041_at"	5929.3	4850.2	2787.2	4966.8	5039.3	7200.5	10427.3	3545.1	5424.2	4879.8
"AF006084_at"	16764.3	5586.9	21796.9	3599.4	5755	9299	8675	15752.9	14853.6	13811.1
"AF006087_at"	1932.6	1383.4	2726.9	1844.7	1354	1358.8	2814.3	3313	2015.1	2242.8
"AF006609_at"	188.5	173.9	179.7	211.4	249.9	224.3	119.8	150.5	56.9	149.8
"AF007111_at"	227.6	117.3	97.6	294.6	257.7	26.5	622.1	85.9	141	143.4
"AF007551_at"	1051.7	1125.3	420.8	869.8	511.6	191.6	903.5	1072.1	610	602.4
"AF007875_at"	1785.7	2463.8	1207.1	2249.6	3157.3	3611.1	1828.4	1907.3	2379	4681.4
"AF008445_at"	7898.1	7453.8	2933	1706.3	5029.1	3548.9	3692.8	3508.1	3342.2	2421.3
"AF008937_at"	365.7	27.4	476.8	94.1	191.1	166.1	526.8	652.4	270.5	241.8
"AF009301_at"	844.4	698.8	1073.2	11197.1	1973.2	842.4	781.8	1293.3	939	1354.2
"AF009368_at"	3528.1	2628.5	1971.6	3830	1425.6	2593	2260.6	1540.7	1381.8	1276
"AF009426_at"	149.5	93	143.9	803.6	168.5	113.6	18.4	401.3	292.3	142.6
"AF009674_at"	3131.8	2518.1	771.1	3702.2	3055.2	3767.7	2510.2	2358.4	2163.3	4177.3
"AF010193_at"	1427.1	2364.4	1939.7	1391.4	3152.3	1452.6	102.5	2792.6	1639.4	3416.3
"AF012024_s_at"	518.8	368.5	197.5	516.3	203.9	253.7	316.7	369.3	276.2	110.1
"AF012270_at"	59.7	75.7	16	140.8	46.2	15.3	244.8	109	35.6	31.9
"AF014958_at"	16806.3	23904.7	2936.8	196.2	45239.1	43639.3	4567	3164.6	7051.7	17657.2
"AF015910_at"	363.9	335.7	589.6	1241.5	201.1	688.5	265.8	424.2	818.8	50.3
"AF015913_at"	2460.8	1352.4	2196.5	5507.4	1774.4	966.4	1301.7	3609.2	1646.2	2411.5
"AF015950_at"	1626.7	971.3	198.1	455.8	259.3	412.5	112.3	998.8	572.4	198.3
"AFFX-BioB-3_at"	8707.4	14456.6	1226.6	1866.8	1526.5	1442.5	5263.6	259.5	1043.8	751.7
"AFFX-BioB-3_st"	853.3	1511.5	101.6	215.2	212.6	84.3	126	272.7	89.8	92.1
"AFFX-BioB-5_at"	7437.2	14068.5	1451.9	1869.7	1494	1870.1	5637.7	679.4	482.5	1108.4
"AFFX-BioB-5_st"	1006.2	610.8	537.1	600.5	58.7	119.4	626.8	546.3	89.5	58.3
"AFFX-BioB-M_at"	14715.7	27965.9	2840.1	3639.9	2828.6	1543.7	7401.8	1119.7	2414	1690.2
"AFFX-BioB-M_st"	971.9	633.2	107.6	243.5	347.5	112	509.7	124.7	89.5	90.1
"AFFX-BioC-3_at"	7913.2	12851.5	3873.3	5835.8	5101.3	2386.5	2632.2	1445.8	1858.3	2750.7
"AFFX-BioC-3_st"	206	68.2	66.3	129.7	69.5	21.7	29.5	50.8	32.1	50.2
"AFFX-BioC-5_at"	10575.2	17428.9	4358.7	6918.8	5145.4	3000.8	7585.5	2239.1	4003.3	2609.8
"AFFX-BioC-5_st"	161.4	415.2	100.7	82	273.1	78.4	754.7	171.6	205.4	94.3
"AFFX-BioDn-3_at"	55571.4	79400.3	27078.1	32162.6	29538.3	14228.5	30618.8	11037	18484.7	20271
"AFFX-BioDn-3_st"	1234.1	1409.5	922.5	1021.1	869.9	177.7	1228.2	1041.3	942.8	502.3
"AFFX-BioDn-5_at"	7130.7	14556.2	3410.1	6971.2	5444.8	2210.2	6052.6	1603.6	3124.4	3044.5
"AFFX-BioDn-5_st"	371.9	214.7	198.9	570.4	104.2	344.9	1101.4	561.7	731.9	154.7
"AFFX-CreX-3_at"	109507	236534	70026.5	83439.6	80390.6	27708.5	55735.5	30116	35751.5	47990.3
"AFFX-CreX-3_st"	629.6	1007.7	360.6	761.4	515.9	564.3	827.8	140.3	123.3	183.9
"AFFX-CreX-5_at"	89531.5	159783.8	44996.6	65048.9	55043.9	22647.2	48536.8	13014.6	25860.8	30077.3
"AFFX-CreX-5_st"	946.9	952.3	692.6	662.8	542.5	353	203.7	606.2	732.1	469.2
"AFFX-DapX-3_at"	70.2	18.6	13.9	176.9	48.2	42	171.7	25.8	51.6	28.9
"AFFX-DapX-5_at"	38.9	25.1	11.4	116.5	8.7	37.2	48.1	20.6	15	9.3
"AFFX-DapX-M_at"	78.1	24.2	43.9	89.3	13.2	15.7	321.8	85.8	28.6	9.8
"AFFX-HSAC07/X00351_3_at"	136631	154303.9	123748.2	73826.6	83052.7	76714.7	153130.8	88162.8	103189.3	77846.5
"AFFX-HSAC07/X00351_3_st"	2692.4	5970.7	1284.1	5355.6	3640.8	1468.9	5192.6	1179.7	4082.9	1730.2
"AFFX-HSAC07/X00351_5_at"	65734.7	29826.7	72206	18003.1	33096	29330.1	55511	75392.2	51596.5	42360.6
"AFFX-HSAC07/X00351_5_st"	1217.9	254.5	706.3	240.4	785.2	170.8	161.8	149	187.5	672.7
"AFFX-HSAC07/X00351_M_at"	142114.1	92153.5	121795.7	38341.5	63704.5	60955.4	115455.9	100498.6	99414.2	75692.1
"AFFX-HSAC07/X00351_M_st"	1178	1188.4	783.3	1080.4	730.5	417.7	729.5	312.4	839.2	468.2
"AFFX-HUMGAPDH/M33197_3_at"	101931.8	70221	57458.7	44446.1	35666.6	61289.4	129308.3	44256.4	51831.4	40810.1
"AFFX-HUMGAPDH/M33197_3_st"	1469.8	1340.4	490.3	1667.7	696.2	686.5	578.3	558.4	436.2	797.1
"AFFX-HUMGAPDH/M33197_5_at"	52298.4	32004.2	28825.2	28362.3	22027.2	34930.1	86075	41652.5	37324.6	31058.6
"AFFX-HUMGAPDH/M33197_5_st"	583.5	313	119.2	153.1	328.2	48	101.1	85.8	121	337
"AFFX-HUMGAPDH/M33197_M_at"	83973.7	49015.3	35554.7	25276.5	21164.6	46269.6	126567.5	44122.4	42742.6	36682.8
"AFFX-HUMGAPDH/M33197_M_st"	1193.6	1300.8	355.5	1231.3	808.4	806.7	1398.1	431.9	772.4	500.3
"AFFX-HUMISGF3A/M97935_3_at"	11074.7	5737.8	9173.1	4745.3	8131.9	8121.4	3518.6	7335.4	6197.4	8116.4
"AFFX-HUMISGF3A/M97935_5_at"	51.1	60.3	20.5	26	15.6	30.9	75.5	34.6	21.6	15.1
"AFFX-HUMISGF3A/M97935_MA_at"	3665.8	2716.7	1435.2	250.7	301.1	1121.9	2840.6	2447.2	273.4	872.1
"AFFX-HUMISGF3A/M97935_MB_at"	3027	1904.7	1561.3	741.7	1508.1	1067.2	2132.7	1195	1123.4	939.5
"AFFX-HUMRGE/M10098_3_at"	155.5	899.3	1232.4	4488.8	5296.5	195.1	2469.4	332.3	10572.6	1006
"AFFX-HUMRGE/M10098_5_at"	80.8	206.7	1553.3	1845.2	3838.2	35.9	2542.6	324.5	20122.4	1025.7
"AFFX-HUMRGE/M10098_M_at"	45.4	609.1	2014.5	6875.3	8581.8	55.4	1552.9	658.2	5893.9	853
"AFFX-HUMTFRR/M11507_3_at"	2710.3	2745.3	2993.4	833.6	4056.5	1190.8	9297.8	9673.6	3535.5	5600
"AFFX-HUMTFRR/M11507_5_at"	775.9	1107	1081.9	429.4	622.9	426.1	1850.1	2107.7	813.3	1750.7
"AFFX-HUMTFRR/M11507_M_at"	811.7	830.8	756.4	211.9	748	349	2215.3	1471.4	595.4	1201.8
"AFFX-LysX-3_at"	74.7	39.5	265.2	99.1	14.7	75.9	335.3	22.5	94.1	12.7
"AFFX-LysX-5_at"	56.3	182.2	45.7	223.2	72.4	51.6	13.8	28	22.6	11.1
"AFFX-LysX-M_at"	43.1	147.2	97.4	299	53	59.1	109.8	23.7	53.7	88.8
"AFFX-M27830_3_at"	785.8	1066.2	656.8	724.1	442.2	469.8	495.8	565.9	520.1	546.5
"AFFX-M27830_5_at"	671.3	5512.4	1203.3	2595.7	3556.7	375.3	3086.5	789.9	4949.6	824.3
"AFFX-M27830_M_at"	2598.2	26221.5	14090.6	6018.5	7287.9	1747.8	17446.1	2331.5	29826.6	4598.1
"AFFX-PheX-3_at"	220.2	152.3	342.4	187.9	422.5	224.7	184.1	182.6	143.8	61
"AFFX-PheX-5_at"	20.7	30.8	20.9	45	6.7	11.7	39.1	24.9	24.2	7.3
"AFFX-PheX-M_at"	43.5	32.5	42.4	65.3	19.9	26.4	33.6	33	62.4	11.4
"AFFX-ThrX-3_at"	50.6	71.5	46.1	71.9	128.9	140.8	78.4	67.1	65	47.5
"AFFX-ThrX-5_at"	71.9	56.1	39.6	42.4	48.2	38.2	101.3	168.9	325.3	32.2
"AFFX-ThrX-M_at"	24.2	24.4	153.7	182.4	134.4	30.4	40.5	57.1	135.8	20.4
"AFFX-TrpnX-3_at"	29.8	44.4	10.5	20.7	9.2	15.6	38.9	14.4	12	8.3
"AFFX-TrpnX-5_at"	72.7	126.4	132.1	89.4	26.2	65.9	89.9	53.2	67.5	87.4
"AFFX-TrpnX-M_at"	36.5	40.6	21.3	27.7	16.5	20.9	47.7	23.3	19.5	14.3
"AJ000099_s_at"	4894.1	3073.3	3698.2	4525.2	3338.7	3285.6	6574.1	5907.4	4591.1	3390.2
"AJ000480_at"	905.9	3520	2357.6	2008.8	5586.1	1617.9	1233.8	3408.4	3586.6	3493.9
"AJ001047_at"	101.2	95.7	116.2	165.1	85.6	72.4	32.8	61.6	65	70.9
"AJ001421_at"	19329.7	10368.8	15764.3	17070.7	12960	13600.9	7823.5	24002.7	20061.9	14682.1
"AJ001487_at"	79.8	53.7	33.9	132.2	57.3	63.3	85.9	148.5	87.5	42.5
"D00003_at"	73.9	46.8	29	551.8	17.2	42.6	340.9	68.7	49.3	37.2
"D00003_s_at"	10.9	17.7	3.8	7.1	8.1	7.2	15	5.9	6.3	4.9
"D00017_at"	101185.4	131564.4	94350.4	89464	86400	66726.2	59838.6	64424.8	81385.2	61179.9
"D00097_s_at"	360.2	140.9	173.5	94.2	105.9	261.1	91.2	129.2	55.5	130.2
"D00408_at"	122.5	21.1	2.7	139.1	2.7	0.8	4.9	89.6	8.3	1.6
"D00408_s_at"	902.7	351.7	107.8	151.9	2313.2	904.2	154.1	1391.9	528.9	125.8
"D00591_at"	924.8	947.2	836.6	1440.6	1160.8	653.2	1282.9	1344.3	565.8	636
"D00596_at"	119.2	247.8	662.2	251.1	443.1	347.7	42.7	1484.6	1268.3	525.4
"D00632_at"	6076.7	4523.2	7516.6	9672	2362.3	7566.2	4148.5	11246	7591.6	7041
"D00654_at"	270.4	304.4	191.8	233.9	250.4	25.4	369.2	196.7	176.9	113.5
"D00723_at"	281.3	260.6	491.2	875.1	529.4	21.4	59.9	1179.9	777.6	791.7
"D00726_at"	1677.4	1263.4	2038.9	3289.3	2783.4	1591.6	1082.8	3267.2	2317.3	1868.8
"D00749_s_at"	2244.5	1849.6	2086.9	2683.8	1723.3	2110.7	3085.6	1680	1374.2	1344.6
"D00760_at"	5213	4312.8	4285.3	3038.4	5658.2	8343.4	2446.8	5222.1	6388.6	6603.9
"D00761_at"	14190.2	13624.1	10953	8219.7	9369.7	11651.3	12270.9	10806.5	13781.4	11903.7
"D00762_at"	13410.5	12324.5	8306.2	5445.7	9740.2	20686	10877.8	10319.7	9724.6	12463.7
"D00763_at"	7837.2	5626.3	7121.1	7030.3	8471	10086.2	7511.1	6712.9	9061.6	7857.8
"D00860_at"	1352.3	1310.7	882.3	2973.7	2111.9	1473.5	1422.3	1932.5	2338.9	2117.9
"D10040_at"	5667.2	5563.4	2833.2	1003	10831.7	11461.1	4874.9	6200.6	4688.8	5797.9
"D10202_at"	4753.1	465.6	3459.4	188.6	856.9	1234.1	433	5601.6	3216.1	2943.8
"D10326_s_at"	247.9	434.7	183.4	289.5	232.2	189.2	373.5	237.1	285.4	117.1
"D10495_at"	14699.1	7149.9	9986.5	11790.1	7437	12253.5	7544.7	18163.9	13428.6	9218.1
"D10511_at"	3582.5	2045.2	3035.3	2845.5	2589.8	2104.8	1261.9	3950.2	2485.8	3092.4
"D10522_at"	9184	10991.3	815.4	11169.3	15041.5	23115.8	725	616.4	936.2	2724.7
"D10523_at"	5039.3	2333.2	3989.2	3438.1	2217.4	2818.7	2840.3	4022.9	3311.3	2914.5
"D10537_s_at"	867.7	1120.9	1067.8	1302.8	1012.8	1234.4	1837.8	1602.9	1289.8	1086.8
"D10656_at"	455.9	800	546.8	684.8	406.1	1414.7	183.8	769.8	382.7	488.7
"D10667_s_at"	93.4	105.7	36.1	45.9	33.4	23.6	24.2	86.6	19.5	70.3
"D10704_at"	2511.7	1911.6	1354.9	2292.5	1099.2	1493.2	2567.4	1610.6	764	1670.3
"D10922_s_at"	476.4	1252.5	1266.1	42.3	1783.7	1785.6	121	3344.7	837.8	394.9
"D10923_at"	8805	10356.3	5133.5	1760.7	16380.5	9098.1	3352	5076	5835.8	9635.5
"D10925_at"	9121.7	1729.6	2711.6	77.3	2051.5	3516.3	7328.9	3871.7	4713.9	4159.9
"D10995_at"	695.7	879.6	355.9	845.8	463.8	485.9	1995.1	613.8	877.6	507.2
"D11086_at"	18449.3	13307.9	10294.1	3372.6	8956.5	13225.3	16488.1	12024.6	7761	10564.8
"D11094_at"	10251.5	8242.2	7951.3	5511.5	7281.4	10564.3	7637.1	8885.2	10131.4	8390.8
"D11139_at"	100.3	377.5	126.2	688	344.5	294.2	101.7	808.3	516.9	421.4
"D11151_at"	372.2	66.1	81.9	549.4	331.4	17.8	43.4	45.6	93.9	64.2
"D11327_s_at"	985	537	730.8	970.9	345.4	1140	983.9	765.2	746.2	704.3
"D11428_at"	8195.9	17758.8	1157	326	2222.2	7817.2	2221.9	2694.5	6421.1	3985.2
"D12485_at"	421.8	193.5	241.8	330.5	159.3	90.2	81.2	248.1	232.2	73.6
"D12620_s_at"	136.2	165.8	119.5	762.6	66.3	78.3	455.4	168.2	431.3	76.4
"D12625_at"	11.4	56.6	178.9	193	183.8	24.6	238.6	15	26.2	33.4
"D12676_at"	31.5	386.7	249.2	479.9	312.6	24.3	118.5	264	46.9	70.6
"D12686_at"	2915.5	3091.1	1762.1	2994.4	1932.8	3380.4	5539.5	2831.9	1858.2	3364.9
"D12763_at"	109	657.6	39.4	187.8	66.5	112.8	108.7	106.8	129.1	65.5
"D12775_s_at"	2652.6	1414.8	152.9	4430.1	385.2	3116	735.9	327.4	287.5	387.7
"D13118_at"	9253.4	5644.2	9383.2	10112.7	6365.7	4326.1	4231.5	9013.7	5805.7	7707.6
"D13146_cds1_at"	4299.6	3036	3772.7	2965.9	2696	2865	3651.3	2897.1	3477.4	2714.9
"D13168_at"	16.8	116.2	43.9	19.9	81.8	6.5	120.7	174.6	16.5	3.6
"D13264_at"	1257.6	891.4	1896.1	461.9	2034.9	1665.3	431.3	2638.9	1275.9	2178.4
"D13305_at"	852.4	449.2	150.1	345.1	226.3	386.9	162	197.3	189.1	103
"D13315_at"	3905.7	4284	7882.1	6003.6	8050.7	4827.9	1666	9102.3	6426.1	6820.6
"D13370_at"	4740.8	3023.5	9837.1	2514.5	4823.2	2952	2043.6	11326.3	10931.5	7288.8
"D13413_rna1_s_at"	73647	120442.9	73925.5	82988.9	92337.8	74897.6	130812.8	42683.7	64038.1	71903.3
"D13435_at"	1368.3	473	1779.7	3538.5	1480.7	871.5	1160.6	1938.4	1551.3	1304.2
"D13540_at"	42.4	120.7	144.3	55.6	248.4	158.3	90.5	248.9	219.6	119.4
"D13626_at"	72.1	16.6	26.4	19.3	23.1	9	45.1	129.6	13	4.3
"D13627_at"	6994.2	5769.3	9166.2	7439.3	8638	9045.5	2187.4	9111.5	8252.9	10625.6
"D13628_at"	423.9	55	126.4	301.2	198.8	191.3	378.5	230.5	239.1	130.6
"D13630_at"	4073.5	7586	5901.4	5704.7	13418.8	13650.3	1084.1	6279.8	7594.4	10203.5
"D13631_s_at"	726.5	687.5	1890.7	541.8	1297.4	410.2	1019.3	1522	1320	1010.3
"D13633_at"	54.7	204	274.5	292.1	135.7	97.3	393.8	516.8	161.2	254.2
"D13634_at"	426.5	360.1	521.6	868.1	483.2	1212.5	960.3	775.6	474.6	398.5
"D13635_at"	920.8	909.2	630.5	997.5	916.7	1448.6	1180.9	1759.8	1244.4	1234.7
"D13636_at"	1721.7	1537.6	1336.8	2633	1565.5	1488.9	3402.8	2456.4	2005.9	1382.4
"D13637_at"	1552.3	1225.2	849	1000.8	451.7	2319.7	2158.7	2456.2	1289.9	861
"D13638_s_at"	49	45.1	75.2	24.4	206.8	20.5	19.3	117.4	59.6	105.7
"D13639_at"	427.2	803	439.8	2579.6	535.7	1268.4	1092.8	2065	2131.5	547.6
"D13640_at"	2427	2475.3	3073.6	3740.5	2656.2	1856.1	3892.6	3618	3869.2	2006.2
"D13641_at"	2556.6	1814.1	3860.9	5976.1	6013.3	2374.5	2362.7	3620.5	4827.7	5491.8
"D13642_at"	456.8	178.5	138	1466.8	488.6	347.5	173.7	318.6	102.6	386.2
"D13643_at"	1770.7	1468.6	2559.2	28957.2	3065.5	3112.7	1887.4	4743.9	5553.8	2444.3
"D13644_at"	100.1	289	14	439.1	234.3	214.3	196.1	429.2	162.1	84.8
"D13645_at"	800.4	567.1	352.1	753	646	1110.5	93.8	770.9	392	674.1
"D13666_s_at"	202.1	37.5	114.5	514.9	92.7	26.7	320.5	34.6	101.3	9.3
"D13705_s_at"	908.6	443.3	332.1	969.4	1169.8	550.2	2373.2	1249.2	638.8	329.5
"D13720_s_at"	327.5	445	67.6	325.9	203.4	679.4	261.6	218.3	333.6	96.8
"D13748_at"	26460.1	36402.1	22633.3	21938.1	22119.2	21477.3	19048.5	12628.5	26474	29373.7
"D13789_at"	462.8	272	239.4	208.9	219.7	185	248.9	303.5	201	144.5
"D13814_s_at"	45.3	80.4	22.4	281.2	173.3	48.7	67.3	229.4	177.3	19.5
"D13897_rna2_at"	471.9	424.4	836.5	1055.3	187.3	407.5	1138.5	876.8	247.2	291.1
"D13900_at"	6837.8	5354.9	11443.9	15033.3	8510.4	5320.7	5581.1	10212.6	8038.1	8556.8
"D13969_at"	381.5	132.4	500.9	1252.4	205	410.9	151.9	505.6	349.4	288.2
"D13988_at"	3976	4361.5	5491.2	4696.7	4693.4	4259.6	2161.6	8125.3	5712.7	5870.3
"D14043_at"	7044.9	7324.8	9767.9	14469.3	17260.5	10803.5	700.5	13646.1	11203.3	16807.8
"D14134_at"	97.1	36.2	52.4	156.8	26.2	45.8	50.9	44.5	215.5	24.1
"D14446_at"	353.7	73.9	48.2	197.4	273	159.2	192.2	258.7	229.9	140.1
"D14497_at"	433.7	720.6	339.6	325.1	676.5	889.9	46.6	488.4	464.2	389.6
"D14520_at"	46.5	1743.3	1019.2	7161.6	377.5	675.3	69.3	195.6	335.9	116
"D14530_at"	44744.4	72216.3	64707.7	54826.8	67573.1	45824.7	12510.5	47239.7	50957.8	56299.6
"D14533_at"	1167.8	865.8	1133.5	1778.9	770	610.8	945.1	999.3	776	373.7
"D14657_at"	177.4	166.5	271	322	279.9	31	41.4	482.4	732	249.5
"D14658_at"	8490.5	5737	9192.6	13106.9	13260.8	15764.6	3312.9	10941.9	14004.8	15700.4
"D14659_at"	941.7	410.9	633.6	1287.1	1086.2	1413	506.6	2022.1	929.4	1500.3
"D14660_at"	533.9	59.1	270	57.5	284.8	392.4	508.1	449.2	200.3	195.7
"D14661_at"	4420	7912.8	2574.7	1340.3	7686.3	11852.5	1478.4	1900.3	3620.6	4778.6
"D14662_at"	3644.7	3213.9	3044.3	10389	3800.3	2995.7	3507.8	3435	4402.6	2830.5
"D14663_at"	5073.3	5970.4	3856.4	6464.8	4978.1	7374.2	5185.1	5453.1	6193.1	6301.9
"D14664_at"	556.1	883	2648.7	764.5	4186.3	364.5	263.5	1693	1084.7	1534.1
"D14678_at"	161.6	57.7	92.1	105.4	44.6	63	71	124.1	113.8	50
"D14686_at"	3082.2	1128.8	1652.7	4040	2526.9	1259	1840.5	2381.7	1791.4	1544.2
"D14689_at"	5079.9	3970.4	7596	5024.9	4249.2	2198.9	4120.5	5083.7	5161.9	4220.9
"D14694_at"	12120.5	9380.9	11780.6	7150.9	9632.3	11078.9	17519.4	11904.6	13972.8	14970.5
"D14695_at"	4532.6	8182.2	7386.5	5586	4297.9	4428.6	1570.6	5588.5	5439	6953.8
"D14710_at"	23258.5	11809.6	33284.7	33089.2	24277.5	15974.3	33506.3	26155.5	30605.1	26945.1
"D14811_at"	2897.8	4925.5	2003	2922	4354.5	3099.6	4374.5	2478.7	2638.9	4650.8
"D14812_at"	4098.7	9882.8	7927.4	20755.8	13735.7	6896.8	2309.1	8357	6405.1	12854.9
"D14822_at"	165.9	177.3	22.9	122.2	157.9	13.7	40.8	32.8	33.8	35.4
"D14823_at"	102.3	800.9	140	663.6	511.6	91.6	50.6	125.3	164.9	176.2
"D14826_s_at"	868.3	734.8	811.7	639.7	858.5	950.1	395.1	528.6	475.7	441
"D14827_at"	682.1	533.4	219	403.7	206.3	326.6	66.7	528.2	180.3	131.8
"D14838_at"	853.7	656.1	400.9	1010	273.3	212.6	454.6	1090.7	164.9	220
"D14874_at"	3196.4	14107.3	10204	841.3	12125.5	13041.9	707.4	704.3	3093.3	8044
"D14878_at"	1963	1164.5	2014.2	2454	1435.8	1962.6	621.1	2530	1946.1	1403.2
"D14889_at"	748.4	538.6	576.2	1247.7	621.1	824.3	881.3	808.2	732.5	527.7
"D15049_at"	943.8	1070.3	179.7	1737.3	891.7	548	743	293	523.6	795.3
"D15050_at"	264.2	1168.3	843.5	2383	559.9	534.4	261.1	384	1080.7	749.7
"D15057_at"	6946	4009.3	6657.1	9791.7	5501.6	6807.2	2433.3	4218.2	8856.1	7219.5
"D16105_at"	1336.5	1200.2	869.9	3431.7	1473.2	1271.2	2239	1525.3	1244.4	1050.4
"D16154_at"	205.9	40.2	86.1	475.1	117.7	47.8	214.7	163.8	103	56.8
"D16181_at"	424.3	94.1	261.2	336.7	122.7	120.6	80.9	462.4	189.9	151.5
"D16217_at"	5246.2	10449.6	4438.3	6969.4	6396.3	9358.8	3787.6	5877.7	6015.8	7129.7
"D16227_at"	1297.1	212.6	2051.9	99	671.8	827.8	2240.9	3824.7	2427	2898.2
"D16294_at"	9654.8	6337.6	6587.3	1008.8	5764.4	5128.2	4127.3	8612	10105.3	7096.5
"D16350_at"	226.4	407.7	785.2	647.7	295.1	159	190.2	85.7	400.9	142.3
"D16469_at"	30218.2	10947.9	22343.3	9784.5	12321.2	21505.8	28962.3	29735.6	24157.2	25651.1
"D16480_at"	11639.7	6497.7	11474.1	7486.5	6986.2	6987.6	14333.7	9639.1	10543.1	9558.9
"D16481_at"	8535.1	4904.5	11569.1	7267.1	12690.5	8496	6236.7	12683.5	13778.7	13037.8
"D16532_at"	139.4	94.1	35.9	1079.9	153.9	62.4	868.8	199.4	62.5	45.8
"D16562_at"	10877.4	8593.9	11157.4	8038.6	9764.5	8560.3	9716.1	10451.9	12382.5	12039
"D16581_at"	2631.9	2561.9	2891.6	1761.8	1281.7	1516.9	473.9	2872.4	2351.8	1914.1
"D16583_at"	115.2	176.7	106.6	850.1	175.1	209.1	270.6	154.3	59.3	65
"D16593_at"	929.6	388.7	426.9	556.5	1024.5	309.4	1802.8	73.8	600.2	217.6
"D16611_s_at"	429.6	38.6	291.2	349.7	219.4	93.9	280.2	504.9	442.2	152.7
"D16626_at"	253.2	58.9	21.6	284.2	60.7	35.9	77.3	304.3	108.8	22.8
"D16688_s_at"	112.8	26.9	243.5	282	104.1	68	248.9	200	69.1	62.9
"D16815_at"	159.1	443	286.1	169.9	51.6	35	1054.3	360.2	73.7	195.9
"D16827_s_at"	134.5	105.1	122	82.9	124.5	146.2	236.4	139.9	133.7	98.8
"D17357_at"	549.9	601	268.8	357.4	580.7	344.4	380.4	393.7	515.3	195.3
"D17390_at"	141.8	180.1	120.1	186.8	110.9	87.9	118.8	130.3	117	81.3
"D17391_at"	26.7	46.2	82.2	105.1	29.3	10.7	49.5	42.1	31.9	16.1
"D17400_at"	1028.4	1630.4	1074.4	4963.5	1734.5	1917.6	785.2	2197.1	1312.5	2604.7
"D17408_s_at"	138.9	782.3	27	751.6	76.3	83.3	307.2	74.4	36.1	102.7
"D17427_at"	140.9	268.4	20.5	244.7	215	41.8	429.4	110.2	193.9	21.7
"D17461_at"	179.9	184.3	68.6	269.7	157	100.8	299.2	199.5	127.8	70
"D17516_at"	124.8	319.5	87.2	367.4	232	92.1	260.2	611.2	430.1	107.6
"D17525_at"	504.5	629.1	121	1743.5	679.6	592.4	646.3	354.8	833.2	148
"D17532_at"	409.9	546.4	239.3	902	869.5	769.5	247.3	450.9	325.6	841.5
"D17547_at"	61.2	152.2	46.3	124.8	106.4	48.9	70.3	97.2	64	48
"D17570_s_at"	253.9	25.1	39.2	16.5	33.4	16.9	32.1	31.3	6.1	5.6
"D17716_at"	255.5	271.1	547.9	315.5	527.6	334.8	1235.9	78.3	150	154.7
"D17793_at"	4399.2	7972.4	4986.1	13721	4718.3	17245.2	7769.8	5807.3	3008.3	6363.1
"D21063_at"	1207.7	351.9	1372.4	3204.1	956.4	496.7	1084.9	1566.2	1406.3	932.4
"D21089_at"	3051.7	1812.8	2469	6182.6	1603.9	1459.3	1341.4	4885.5	3138.9	2420.6
"D21090_at"	2233.3	1833.8	2281.7	3126.2	2235.7	3722.3	42.8	3868.3	3085.7	3440.9
"D21163_at"	1705.8	1447.6	1658.4	1444	1152.4	930.8	1226.7	1172.4	1505.7	1127
"D21205_at"	188.6	160.9	116.1	186.1	138.3	150.4	925.7	155	127.8	266.2
"D21235_at"	9704.6	5922.4	7456.7	9758	8059.4	8349.5	11060.3	7836.8	7788.5	8158.5
"D21239_at"	412	75.8	149.3	164.8	146.8	202.5	488.3	691.3	87	408.8
"D21241_xpt1_s_at"	210.2	455.1	41.9	156.6	242.7	181.8	96.6	301.8	89.6	134.3
"D21255_at"	12.6	30.7	7.4	57.5	13.7	12.3	137.5	32.4	12.3	6.4
"D21260_at"	12154.2	13925.8	12967.8	16510	17495.5	21550.6	5145.8	16427.3	16832.8	16596.8
"D21261_at"	79836	58270	56189.4	49885.6	61540.9	57707.3	83804.1	56712.9	62058.9	41847.4
"D21262_at"	1283.5	945.5	1210.1	1703.1	1484.3	1116.4	218.3	1559.6	1415.3	1209.4
"D21267_at"	61.3	35.6	21.5	257.2	156.2	27.1	242.9	238.6	177.3	24.4
"D21337_at"	170.9	68.2	20.6	668.3	85.1	43.5	628.9	75.8	92.8	17
"D21851_at"	980.2	781.2	709.4	1298.4	558.9	857.7	1035.7	793.5	999.7	491.9
"D21852_at"	952.6	745.7	1411.5	1317.2	1373	648	1067.7	1421.2	1342.9	1341
"D21853_at"	6372.3	31149.9	21547	6204	30870.3	12777	5808.7	7220.2	13744.1	13307.9
"D21878_at"	546.1	824.4	2325.2	172.5	1846.6	707.5	293.5	1705.1	2034.1	484.3
"D23660_at"	28061.3	43904.1	58730.2	41724.3	38487.6	28996.2	34362.8	37306.7	49563	40707
"D23662_at"	13752.5	10108.3	14587	11158.8	11936.3	10341.5	13655.3	11566.9	13251.9	11650.6
"D23673_at"	6159.5	6241.9	5578.3	9802.1	5807.6	4643.4	4443.4	6203.2	6610.1	5188
"D25215_at"	592.1	286.5	523.8	567.7	325.7	217.7	616.7	722.1	573.3	425
"D25216_at"	1575.5	2040.9	1886	2179	1262.2	1113.2	1131.2	1132.7	1228	1036.5
"D25217_at"	161.5	140.4	28.8	340.6	194.4	78.4	61.8	167.1	235.1	24.5
"D25218_at"	1073.8	520.6	1374.9	1649.6	739.9	362.1	669.3	1633.6	1014.8	1114.7
"D25248_at"	359.5	399.8	250.2	1180	326.8	99.8	590.5	249.7	568.2	83.8
"D25274_at"	33931.5	15527.4	30575.1	23766.7	26516.7	25001.1	3274.6	28398.5	22152.6	27244.9
"D25278_at"	338.9	529.1	410.4	1564.3	734	515.8	889.6	731.6	606.6	529.9
"D25303_at"	314.7	267.3	324.4	211.2	127.8	615.5	99.5	261.2	604.9	354.2
"D25304_at"	2757.6	1838.6	4032.3	2775.9	4394.4	1422.4	2609.4	3994.5	3119.1	3246.5
"D25328_at"	2528.5	2876.5	2287.7	5041	1722.2	8371.6	785.3	5353.4	3810.7	4745.7
"D25538_at"	4820.5	2075.6	3128.6	675.6	4458	2503.4	409	8727	5550.2	3640.5
"D25539_at"	70.4	354.9	27	472.5	22.6	67.3	88.3	213	99.2	37.4
"D25547_at"	4142.5	4854.8	6538.5	3750.3	8094.6	9575.9	1336.6	6299.5	6139.9	8386.1
"D26018_at"	787.6	470.3	565.7	1728.2	1118.5	993.2	587.6	872	619.8	786.5
"D26067_at"	1192.4	1014.5	1045.6	1463.4	1868.2	3065.8	573.2	1330.5	1615	1744.7
"D26068_at"	15731.4	20042.3	18365.8	21563.4	24582.4	28742.3	8823.2	18347.7	22990.7	24261.7
"D26069_at"	914.5	515.7	505.3	743.9	865.2	773.8	286.5	1234.8	564.2	576.6
"D26070_at"	2119.2	1303.5	1909.3	3251.3	2805.2	3865.5	3554.9	2121.3	1379.6	2170.2
"D26129_at"	1141.7	2446.8	1459.9	2017.7	1869.1	2381.1	1275.6	3519.8	7708.9	2793.3
"D26135_at"	72.5	51.7	33.1	48.2	73.1	85.8	75.7	109	54.1	49.1
"D26155_s_at"	577.4	355.1	657.6	1752.6	393.7	288.9	793.4	1258.3	800.9	593.1
"D26156_s_at"	3995	1999.6	2400.1	7554.1	1716.7	2739.4	5160.8	2960.4	3678	1883.1
"D26308_at"	13213.7	4869.2	6199.3	4974	3226.1	3927.8	13604.7	3706.1	3668.5	5306.2
"D26350_at"	869.3	288.9	473.1	33.3	822	55.7	1633.6	1060.9	325.9	917.8
"D26361_at"	453.4	392.7	86.1	135.7	224.6	382.9	560	555.7	492.1	214.5
"D26362_at"	1988.1	1378.8	2088.6	4886.3	1251.1	650.1	3055.4	3541.4	2844.8	1470.6
"D26443_at"	4365.1	1142	1002.1	260.4	1280.5	2550.6	1836.7	2590.1	1346.9	1308.8
"D26528_at"	66.5	388	135.3	378.9	161.7	134.8	263.9	252.9	113.2	80.3
"D26535_s_at"	1138.3	731.9	974.3	1644.7	1261.2	1356.9	879.9	1006.1	1234.5	823.4
"D26561_cds1_at"	64.5	38.6	42.3	189.7	94	25.1	49.5	32.3	126.4	20.9
"D26561_cds2_at"	217.3	66	19.8	249.5	27.5	39.5	68.1	65.1	203	42.5
"D26561_cds3_at"	227.9	260.9	50.5	244.8	83.8	39.2	56.7	47.4	157.7	29
"D26579_at"	1771.4	1952.6	768.3	2241.3	922.9	1554.4	1579.7	988.1	1187.1	713
"D26598_at"	19750.4	14772.2	18142.8	10845.5	8359.7	10655	20189	9264.1	17428.2	12146.2
"D26599_at"	18560.5	15689.8	15894.5	14133.3	16056.6	21321.7	11367.7	20307.1	19843.4	19962.2
"D26600_at"	13426.9	12754.4	13603.2	12094.6	13198.3	16013.9	7936.7	14250.5	16001.5	14958
"D28114_at"	726.9	525.9	48.1	758.3	430.9	271.9	335.9	336.3	558.2	198.7
"D28118_at"	1403.4	1882	1598.1	6106.2	2105.5	2045.8	145.2	2229.9	1139.9	2007.8
"D28124_at"	1694.1	2424.7	1673.5	17453.3	2250.2	1931.6	1444	2792.4	2240.2	2234
"D28137_at"	10433.9	5586.9	9222.5	850.7	5412.6	3857.5	2757.4	5570.1	5343.8	4764.9
"D28235_s_at"	1749.5	2544.8	343.4	162.9	9540.7	10453.3	39.1	136.3	699.8	1746.4
"D28364_at"	5337.5	10051.4	6909.7	7546.8	12984	8912.2	4612.8	10531.4	7569.9	8057.3
"D28383_at"	1262.3	930.4	2932.6	2862.6	2242.4	1493	1638.8	2544.1	2687.2	2303.8
"D28416_at"	6186.5	5126.9	8179.8	8949.4	10611.4	8822.5	7561	12554.8	10003.2	11432.4
"D28423_at"	5889.2	16072.5	23325.6	4762.2	5642.5	4892.8	7212.6	6887.2	8881.9	8490.7
"D28473_s_at"	2400.2	3272.9	1721.3	4700.1	2536.9	3699.4	4061.9	2540.7	2557	2901.5
"D28476_at"	6473.4	8383.6	7783	7368.8	10194.7	16750.5	1196	7772.6	7835.9	8541
"D28483_at"	385.4	494	1481.4	1767.9	1370.7	755.9	204.1	1612.3	1036.2	901.4
"D28532_at"	329.4	123.9	98.9	474.3	289.7	173.1	32.2	150.9	230.5	36.2
"D28539_s_at"	165.2	26.2	45.8	62.6	24.2	25.7	64.9	43.3	50.2	13.2
"D28588_at"	1318.4	827.9	1071	1843.9	2125.2	1839.8	825.2	1810.3	1019.9	1752.8
"D28589_at"	605.2	1467.5	755.7	2851.3	664.7	227.5	794.8	674.1	753.6	1365.6
"D28791_at"	280.8	616.4	233.6	368.8	699.3	934.8	466.6	235.1	499.1	299.7
"D28915_at"	7861	6964.8	4108.6	2291.3	5798.4	1982.4	1445.2	3471.1	3190.2	2833
"D29012_at"	16229.2	7830.4	9605.8	7419.7	6418.5	11288.4	16872.1	11883.2	11231.5	8603.7
"D29013_at"	1527.5	990.6	1815.3	2410.8	1216.3	1778.9	1534	1539.9	1163.2	1125
"D29640_s_at"	2274.8	2359.2	2819.9	1899.3	4524.5	4631.3	1764.3	3933.5	4100.5	4808.4
"D29641_at"	762.5	715.6	708.8	1048.3	732.8	385.9	676.5	1136.9	824.1	774.9
"D29642_at"	3503.2	1546.3	2365.3	689.7	2265.4	2061.3	4163.6	5425.7	4239.2	1562.4
"D29643_at"	3881	2807.6	4653.5	4307	2186.4	3442.1	3892.4	4687.9	4882.7	3544.9
"D29675_at"	77.5	83.9	36.2	64.2	32.3	44.3	99.6	260.9	145.1	31.3
"D29675_s_at"	847.1	628.1	861.9	1220.8	1002.7	809.7	875.1	851	762.2	385.3
"D29677_at"	978.7	1136.5	536.9	1700.9	1368.4	1295.6	941.6	1206.8	881.2	833.5
"D29805_at"	10019.1	9217.1	7073.9	9322.4	6043	8787.4	7000	6128	7620.3	11698.4
"D29810_at"	44.7	289.1	55.6	76.4	28.5	44.2	48.6	59.2	19.2	41.4
"D29833_at"	83.1	37.4	34.2	108.9	57.1	55.5	103.5	59.8	170	72.3
"D29954_at"	920.6	1039.1	1395.9	1860.1	974.3	1066	920.4	1281.9	1347.5	1101.8
"D29956_at"	925	590.3	711.8	1137.2	1177.9	1051.4	419	964.9	1464.1	1682.9
"D29958_at"	3346.4	1367.2	1875.7	2423.4	1521.1	1267.2	1815.1	2812.6	2395.9	2432.4
"D29963_at"	9906.8	10142.8	8588.2	9915.2	8248.4	9549.6	4989.4	10795.8	13348.3	11884.8
"D29992_at"	128.4	254.2	359	552.1	381.9	768.9	383.4	163.1	117.6	65.5
"D30036_at"	1107.6	1150.7	1141.9	2377.8	1428.1	1392	1318	2700.4	1510.1	1817.6
"D30037_at"	658.6	926.1	635.9	107.7	663.1	489.4	235.4	1277.7	471.5	604.7
"D30655_at"	16103.1	17907.1	23114.6	35988.4	26550.6	15097.4	1530.2	27952	24328.8	26890.3
"D30715_xpt5_s_at"	324.3	179.4	143.7	297.2	344.6	63.9	338.8	92	103.1	199.4
"D30742_at"	93.6	112.5	286.9	350.2	298.6	256.7	56.4	136.6	501.7	151.3
"D30755_at"	24502.8	21036.7	3747.2	7225.9	6670.1	36874.2	1571.5	3873	3636	5839.4
"D30756_at"	1923.2	655	1834.3	4143.4	1830.5	719.7	180	2515.5	1508.1	1400.7
"D30758_at"	497	1533	925.2	3165.8	757.9	796.5	1255.2	620.7	1008.5	938.3
"D31628_s_at"	109.4	423.1	63.5	121.1	58.8	60.4	758	111.7	57	47.8
"D31716_at"	595.5	164.5	167.8	602.6	578.6	456.8	610.3	647.2	438.3	337.9
"D31762_at"	977	551.9	807.1	934.2	844.3	447	113	1585.9	1527	725.9
"D31763_at"	31.8	201.9	240.9	935.2	34.6	16	59.8	311.3	75.3	69.1
"D31764_at"	10964.1	4877.8	10249.6	6175.5	6408.1	5557.7	16188.8	12907.5	11361.9	7482.5
"D31765_at"	1097	861.7	665.3	1833.2	1015.8	849.2	1133.6	989.9	1164.3	1229.4
"D31766_at"	9566	4287.5	5658.5	2900.4	4794.6	5170.4	3612	7559.9	5677.4	5020.6
"D31767_at"	20938.4	17766.6	18691.5	25000.7	24339.2	25425.3	6073.8	18168.8	23793.4	18334.1
"D31784_at"	213	32.6	85.9	270.9	11.9	58.2	505.9	201.3	180.9	15.9
"D31797_at"	453.1	212	183.9	62.1	400.4	709.3	1254.6	334.3	481.5	242
"D31815_at"	763.4	113.2	434.1	202.8	56.2	87.4	2000.2	124.9	62.2	58.5
"D31833_s_at"	206.2	245.6	370.9	251.8	215.9	252	268.6	251.9	190.2	135.5
"D31840_s_at"	642.3	502.7	518.2	578.2	392.2	816.7	459.2	426.4	434.1	389.7
"D31846_at"	2572.6	3312.4	1630.6	3069.4	1722.1	1516.5	5080.5	2386.6	1862	1960.8
"D31883_at"	454.2	628.3	68.5	7100.5	560.1	305.3	1220.3	439	87.7	132.8
"D31884_at"	6109.9	6105.3	2760.6	2983.7	4854.4	7297.6	5826.3	4626.4	8329.4	6332.6
"D31885_at"	4968.9	9866	9223.7	4726.6	19647.5	12992.6	2958.9	7798	10606.8	11203.3
"D31886_at"	1690.3	956.5	968	1149.2	1513.2	1692.6	1149.2	1846.5	1847.6	1464.3
"D31887_at"	564.4	309.3	509.4	1146.6	226.1	635.4	75.3	489	418	454.2
"D31888_at"	1415.2	1814.8	1252	1660.2	4998.6	1881.8	369.2	4072.8	3677	5046.6
"D31889_at"	681.7	701.1	163.9	69.4	166	501.9	771.3	715.7	283.6	302.8
"D31890_at"	5072.2	4636.3	7040.2	5271.3	4607	4581.4	2584.5	7470.2	8250.3	6110.5
"D31891_at"	3589.8	3119.4	1873.9	5525.1	2311.1	2294	1421.4	4788	2342.4	2625.4
"D31897_at"	1237.1	1006.5	1431.4	1507.6	745.3	271.8	1202.2	1399.8	108.7	508.5
"D32001_at"	1652.4	1009.3	1166.9	2180.2	1607.2	1247.7	347.6	1149.3	724.2	1186.7
"D32002_s_at"	482.4	157	240	94.2	370.2	119.4	208.1	100.2	475.3	97.6
"D32050_at"	5895.2	2883.2	5462.6	7239.4	3939.8	2937.8	3864.1	9051.6	6797.2	6211.8
"D32129_f_at"	107019.8	118493.7	50441	45770.8	80129.8	68387.1	202532.7	55473.2	50766.6	72782
"D32202_at"	375.9	551.1	98.8	451.8	109.9	291.9	56	182.6	318.7	181.6
"D37781_s_at"	398.9	214.6	161.6	42.3	19.4	160.6	214.1	65.3	54.1	56.2
"D37931_at"	177.6	597.9	623.3	3202	824.6	101.8	146	702.6	376.9	468.7
"D37965_at"	57.2	61.9	87.5	128.1	51.1	53.4	29	54	68.1	36.2
"D37984_s_at"	148.7	418.9	600.7	278.4	511.9	412.1	196.9	951.3	366.9	577.8
"D38024_at"	2746.5	2746.2	1371.5	2082.8	848.3	2038.3	2256.7	1540.5	1172.4	1503.2
"D38037_at"	1298.6	1374.6	1174.1	3853.2	1539.3	1678.7	587.3	1536	1306.3	1355
"D38047_at"	19685.3	21365.1	20515.4	11791.7	9753.5	19553.6	16163.2	18578.1	21329.4	17294.6
"D38048_at"	8344.1	8866.5	5491.8	7831.2	4331.7	9308.7	2981.4	5297.1	6745.2	6585.1
"D38073_at"	1171.4	1358.5	1175.5	1243.3	594.6	656.6	1008.4	1461.9	1182.3	711.6
"D38076_at"	3084.2	2668.8	5136.9	3035.9	1519.2	2155.5	2938.1	3984.6	4856.8	2625.9
"D38081_at"	256.4	511.8	129.6	246.6	180.4	216.4	221	263.6	183.8	166.9
"D38122_at"	329.8	42.6	162.7	146	162.1	266	149.4	180.5	88.7	36.8
"D38128_at"	306.6	538.4	227.5	325.4	163.9	613.3	200.3	193.8	285.3	159.4
"D38145_at"	215.7	333.3	463	432.8	447.3	630.6	453.2	696.5	546.2	383.6
"D38163_s_at"	135	507.9	96.4	149.8	70.6	99.6	132.4	72.2	114.4	171.3
"D38251_s_at"	12238.9	5241.6	8420.7	8456.9	6973.2	8584.9	19000.2	8707	7554	9389
"D38293_at"	1057.9	387.7	738.2	2102.8	621.5	827.2	1190.4	1470.7	699.7	716
"D38305_at"	784	2620.8	1573	3660.8	2943.5	1242.7	1008.4	1267.6	3192.7	8610
"D38437_f_at"	700.8	407.9	109.6	1049.2	196.9	195	225.8	651.3	303.9	348.9
"D38449_at"	401.4	134.3	118.2	185.7	120.2	668.6	347	188	62.7	164.6
"D38462_at"	241.3	45.7	86.4	82.7	35.3	33.4	1017.7	36.5	19.3	4.1
"D38491_at"	661.1	388	630.4	624.8	911	529.5	1570.3	769	705.8	562.3
"D38496_s_at"	1268.1	886.3	1148.9	1754.2	953.9	898.7	1566.1	1697.6	865	971.1
"D38498_f_at"	175	209.3	322.7	668.2	68.8	110.3	906.9	432.6	428.2	432
"D38500_at"	61.7	74.7	79.5	140.2	69.6	77.3	131.9	74.1	257	56.7
"D38502_at"	118.3	109.7	136.7	185.7	98.9	102.5	267.2	158.4	109	62.8
"D38503_at"	207.3	300.8	60.1	209	103.3	220.1	83.4	127.3	209.3	18.5
"D38521_at"	5969.3	8969.9	3082.1	1998.9	6550.3	6712	2046.8	4149.6	4042.1	6863.3
"D38522_at"	484	415.7	424.9	331.1	375	210.5	99.3	371.1	580.8	237.4
"D38524_at"	1325.6	1562.4	1273.8	1411.5	1478.3	1384.8	751.5	1601.7	1641.5	1194.3
"D38535_at"	2113.3	2278	2052.7	2282.1	2353.6	1288.2	3083.4	2695.8	1364.7	1843
"D38537_s_at"	755.6	540	824.3	7870.6	685.3	320	904.6	918	859.2	264.9
"D38548_at"	2080.4	1315	1395.2	2816.4	973.2	1403.5	1622.8	2056.7	1378.8	1133.5
"D38549_at"	4942.5	3199.4	5826.5	5878.1	6564.8	6179.8	3868.7	6019.8	6863	7067.8
"D38550_at"	1679.1	1528.3	899.1	814.1	3371.2	2928.6	670	1669.5	1496.9	1839
"D38551_at"	1248.6	1250.1	1254.5	2530.2	2589.6	3120.2	238.5	2829.8	1233.6	1886.6
"D38552_at"	993.1	938.3	949.9	1563.7	994.8	847.8	114.4	1453.2	493.1	955
"D38553_at"	182	404.3	387.7	492	563.1	855.8	455.3	730.6	678.4	298.8
"D38555_at"	3495.3	2383	2290.9	3050.7	2217.1	4652.8	1133.9	3096.4	2616	2273.6
"D38583_at"	93680.4	80404	68887.6	45766	61209.9	47261.3	16587.2	60754.7	65153.9	57111.5
"D38751_at"	133.4	86.9	235.6	176.6	51.7	125.5	69.2	186.1	151.2	108.2
"D42038_at"	165.8	35.1	48.8	146	223	35.2	265.5	81.2	199.6	33.2
"D42039_at"	176.6	103.1	708.7	200.6	207.1	158.6	121.9	1516.8	946.5	282
"D42040_s_at"	7652.3	18279	5717.4	8738.6	16683.9	7998.4	9521.7	7011.8	22492.1	17650.5
"D42041_at"	4680.3	2522.3	4600.7	7942	3365.1	3402.4	1465.4	3796.6	5195.9	4043.4
"D42043_at"	8539.7	3465	2143.7	3024.2	2880.6	11476	992.8	3123.5	3344	2596.2
"D42044_at"	235.2	90.4	622.5	435	455.6	75.8	147.5	543.3	544.4	399.5
"D42045_at"	62.7	56.6	180.1	573.1	127	23.8	33	466.2	306.7	216.3
"D42046_at"	231.8	306.9	55.3	667	177.6	56.8	535	693.5	444.7	169.8
"D42047_at"	881.8	828.2	1295.6	3836.1	1355.2	936.5	586	2258.8	1698	1485.1
"D42053_at"	3275.6	1737.8	2167.5	5889.5	1366.1	1907.5	3060.5	3005.6	2221	1322.6
"D42054_at"	714.4	333.9	729.8	1316.9	1092.3	179.3	670.5	725.5	483.2	757.8
"D42055_at"	68.4	325	38.5	45.4	204.8	28.4	563.1	220.2	157.6	65.2
"D42063_at"	526.1	675	515.3	745.3	801.8	715.5	1310.1	617.6	495	658.3
"D42072_at"	100.4	305.6	21.2	26.4	79.5	6.7	198.9	104.4	65	50.6
"D42073_at"	849	702.1	450.4	819.6	543.3	1800.9	641.4	843.6	1006.7	804.2
"D42084_at"	2148.8	1063.1	2394.4	5874.7	2448.9	1803.8	460.6	2528.4	3249.1	2407.5
"D42085_at"	3910.1	1830.9	1973	3652.5	1525.4	1728.5	2412.7	2286.8	2771.1	1550.8
"D42087_at"	2213.1	4045.3	1793	1401.4	7169.4	8126.7	1617.3	2471.4	3183	4254.5
"D42108_at"	278.3	246.5	121.2	229.4	294.4	101.6	49.7	271.7	295	134
"D42123_at"	4702.7	3534.5	2967	19113	3145	3491.6	2637.6	2158.6	2909.3	3172.9
"D42138_at"	540.6	347.6	599.9	605.5	351.1	300.1	353.9	466.4	406.3	341.4
"D43636_at"	579.6	611.6	495.1	2148.9	935.8	672.1	27.6	1028.5	653.9	684.3
"D43638_at"	220.8	131.9	67.5	1036.3	81.2	208.6	73.9	388.4	91	178.8
"D43642_at"	5928.8	4459.9	5570.9	7520.2	4580.6	4870.9	5038.2	7364	5449.6	5131.8
"D43682_s_at"	18827	10647.8	10818.8	6999.7	8010.4	13376	15836.5	14435.3	6928.1	8263.6
"D43767_at"	1022.1	856.5	418.6	188.6	279.3	840.9	216.9	1454.9	1022.6	379.6
"D43768_at"	23.8	20	21.7	25.8	18	277	32.1	82.2	49.1	12.9
"D43772_at"	279.8	284.9	226.3	3262.1	226.5	303.8	284.3	1809.2	414.8	204.9
"D43947_at"	1953.4	583.3	2324.2	2270	1062.7	237.9	902	3082.2	2626.2	1100.7
"D43948_at"	2011.5	1060.4	1193.7	2805.2	1110.3	1339.9	1032	2274	1680.4	1245.2
"D43949_at"	4755.4	2884.8	4570.7	5134.8	3168.3	2673.4	1324.5	6238.8	5013.7	2797.1
"D43950_at"	7992.5	7973.6	11277.8	7138.2	8681.1	9879.3	1570.3	8293.9	10067	8793.8
"D43951_at"	2078.6	2360.6	1368	6592.5	5171.6	5051	845.7	6256.9	4495.5	3767.3
"D43968_at"	3401	2933.5	3036.8	6007.7	3628.1	3605.8	2793	5449.6	4189.1	5354.9
"D44466_at"	6547.9	8454.6	6628.1	5602.6	4009.4	9516.8	578.4	6912.3	6918.1	6016.8
"D45132_at"	483.3	702.9	457.8	1274.1	1365.8	837.3	420.7	974.8	655.9	893.9
"D45248_at"	67000.4	21763.1	36722.6	9610.3	13760.4	26499	10530.6	17109.7	21383.7	17945.2
"D45370_at"	2092	780.2	374.1	9874.7	365.1	644.6	445.8	649.4	490.6	544.6
"D45371_at"	339.5	506.8	162.5	435	431	527.2	298.9	798	393.6	135.7
"D45399_at"	302.3	78.5	27	51.5	225.5	41	73.9	220.3	76.5	85.6
"D45906_at"	2692.5	2423.5	3182	8053.7	4089.9	8650.7	2507.7	2706.5	2429.7	1690.2
"D45917_s_at"	106.6	280.8	46.3	410.1	57	687.2	428.7	302.4	117.6	160
"D49354_s_at"	1255.8	1015.1	788.5	1190.7	1216.2	1219.9	2679.3	1261.2	1037	1477.7
"D49357_at"	554.6	813.9	277.3	442	653.8	1094.8	1019.5	362.4	230	509.9
"D49372_s_at"	209.6	221.5	9	69.2	151.8	162.2	525.3	41.4	59	38.7
"D49387_at"	2909.4	2115.1	884.3	2571	2454.8	1750.6	1901.6	3350.8	2174.5	1082.8
"D49394_at"	122.8	126.1	51.3	78.8	444	56.5	90.3	57.7	55.4	43.6
"D49396_at"	1641.9	1120	2251.2	3043.8	3180.4	1697.7	1958.1	2979.1	3580.4	2457.3
"D49400_at"	47312.7	32160.3	24395.1	8383.6	21074	37873.7	41039.4	18738.2	28470.5	24095.8
"D49410_at"	3166.6	5180.5	2417.1	423.4	4044.3	2275.3	2232.5	1063.8	4431.3	1615.9
"D49487_s_at"	1064.8	428	407.9	1045.5	904.7	598.3	1489	861.9	621.7	664.4
"D49488_at"	65.7	268.6	18.5	372.6	137.8	78.7	295.6	332.4	259.5	57.8
"D49489_at"	4782.1	4878.8	5976.5	8676	6291.7	8802.4	2558.6	8930.8	10201.2	6621.6
"D49490_at"	436.9	330.9	496.8	1804.4	828.5	581.6	32.9	1152.3	645.1	475.3
"D49493_at"	40.5	37.1	30.8	16.5	20.1	14.7	86.1	37	29.6	24.7
"D49677_at"	326.6	203.2	186	1282	159.4	105.8	72.6	232.8	132.7	137.2
"D49728_at"	1298.7	752.4	628.5	259.6	253.7	358.3	1353.1	1023.1	369.9	472.8
"D49738_at"	7007.8	5155.6	7082.4	11093.1	6895.6	5204.4	4198.7	9110.4	8505.5	7266.6
"D49742_at"	120.7	104.4	106.7	152.3	79.6	68.4	174.4	106.8	32.3	74
"D49817_at"	340.6	984.6	272.9	406.5	180	78	188.4	280.6	255.8	155.3
"D49818_at"	662.4	1060.1	825.8	1066.2	994.8	1204.6	2808.8	1431.2	837.5	1304.6
"D49824_at"	72.1	87.3	45.5	59.5	24.5	40.5	308.1	56	44.3	24.8
"D49824_s_at"	116997.6	274582.3	139553.2	89330	150552.5	105518.5	473718	94429.9	121088.1	87148.7
"D49950_at"	1129.1	1644.9	983.2	269.4	2680	4485.5	577.6	1694.6	1449.3	1334
"D49958_at"	477.9	221.5	185.4	448.4	16	56.3	200.9	189.1	128.4	11.9
"D50063_at"	6337	5695.4	4385.5	5391.9	3680.4	6643.1	1972.4	5969.4	4900.3	7197.3
"D50310_at"	21270.4	23191.3	38865.8	27147.2	25124.7	24047.5	7303.8	33661.3	27772.1	34094.2
"D50312_at"	70.9	111.9	19.7	188	90.2	36.5	63.6	33.8	69.4	53.7
"D50370_at"	99	198.8	15.8	97.6	48.2	44.2	370.5	154.1	121	105.7
"D50402_at"	14503.1	8716.6	8602.3	767.1	5262.4	5377.8	7670	9598.8	11376.7	7520.7
"D50405_at"	3182.6	1912.9	3391	6051	2786.1	2440.1	2074.8	3105.5	2743.7	2455.1
"D50477_s_at"	483.2	166.4	372.3	385.3	319.4	132.4	160.2	316.8	117.4	74.3
"D50487_at"	1948.3	1482.5	1201.6	1480	1084.7	2013.7	426.5	1703.1	1757.9	1735.8
"D50495_at"	423.8	377.4	314.9	4221.3	351.1	1007.7	365.4	459.2	357.2	419.3
"D50525_at"	1279.8	1570.6	1219.4	2985.4	1358.8	1478.3	1382.7	1528.6	1416.3	1687.1
"D50532_at"	961.9	206.8	267.2	1150.6	944.5	1560.8	1063.4	1129.1	1675.1	948.3
"D50550_at"	537.5	308.1	1030.3	541.9	705.7	413.6	573.3	392.4	376.5	289.7
"D50582_at"	336.6	699.5	343.2	126.6	148.2	62.6	196.9	253.3	351.7	102
"D50640_at"	983.2	294	454.6	367.9	773.8	1427.9	1905.6	1588.5	1037.1	1552.4
"D50645_at"	1570.9	2064.3	1709.7	1411.9	1630.9	1811	727.1	1401.5	2183.4	1712.8
"D50663_at"	13118.4	8993.6	6985.5	28224.5	4199.9	9041.4	8549	8736	8016.5	6296.4
"D50678_at"	115.2	438.7	340.4	845.8	79.6	709.3	481.8	253.2	225.9	230
"D50683_at"	4611	1815.3	10221.9	2265.5	6475.7	2974.2	5087.9	6115.6	7399.8	5479.5
"D50692_at"	602.3	334.6	516.4	3582.7	499	466.7	186.6	128.7	474.5	221.3
"D50810_at"	295.4	417.2	721.3	149.2	720	627.6	699	794.2	772.2	162.3
"D50840_at"	11024.6	8828.9	2191.3	9539.5	21711.3	22196.5	9537.1	4788.5	7084.5	15762.8
"D50855_s_at"	912	235	525.4	1291.8	693.6	491.2	284	360	511	574.3
"D50857_at"	1402	963.4	1121.2	1353.1	1429.7	1145.5	1264.1	1928.3	1631.2	1003.8
"D50863_at"	3304.5	2998.1	2554.3	1416.7	1696.7	2745.2	2960.6	2257	2586.1	2343.4
"D50911_at"	1563.8	668.5	1604	7153.9	1270	2056.2	963.1	2932.6	2430.3	1856.2
"D50912_at"	1405.5	882.3	1208.9	2873.6	640.4	820.3	784.4	1637.8	1270.9	1173.2
"D50913_at"	753.3	1556.1	1452.4	2331.9	983.6	1275.7	2970.2	2059.8	3591.4	1874.8
"D50914_at"	289.1	592	1504.5	1160.4	845.2	506.3	698.5	937	1115.2	1077.1
"D50915_at"	74.2	65.3	257.5	151.9	94	80.1	195.9	99.1	57.6	69.6
"D50916_at"	2902.9	1588.3	2622.7	5056.8	4847.4	2785.1	498.4	4951.4	5427.8	4418.5
"D50917_at"	4195.4	6466.3	2780.2	3346.7	6518.5	4139.3	453.2	3706.5	3367.3	4751.4
"D50918_at"	58.3	160.7	657.9	171.4	876.9	70.2	106.3	184.8	135	279.7
"D50919_at"	1268.4	2258.2	4173.4	929.7	2872.1	1859.3	1781.3	3914.3	3602.3	2093.7
"D50920_at"	2245	1304.1	2058.8	4409.9	1144.1	1585.8	378.6	2078.6	2732.8	1497.2
"D50922_at"	3103.4	2589.8	1083.7	3277.7	2047.2	3740.9	1931.2	2675.1	2786.3	2566.4
"D50923_at"	898.8	215	347.7	879.9	595.7	567.7	168.6	787	379.1	672.7
"D50924_at"	80.5	54.9	186.9	349	220.1	17.4	86.1	169.3	57.4	171.6
"D50925_at"	321.1	479.3	223.1	2188.5	332.4	106.9	126.1	1065.6	601	250.9
"D50926_at"	1363.1	1560.2	1051.8	971.7	2458.2	4471.7	781.8	1507.9	863.8	1994
"D50927_at"	1081.2	995.4	695.4	1455.4	906.6	1665.5	340.3	1898.1	935.3	1585.4
"D50928_at"	2202.3	2724.8	1417.4	2606.4	1217.4	1409.3	1272.7	2539	1331.4	1783.6
"D50930_at"	1948.4	841.3	1407.8	3967	1063.9	239.9	1226.4	2325.2	1506.5	842.5
"D50931_at"	1200.6	1470.4	2384.3	2331.4	1329.2	1096.4	1589.7	1347.9	2679	1040.7
"D55638_at"	160.7	141.8	298.7	244.8	238.4	135.3	480.4	179.7	148.2	80.3
"D55640_at"	452.9	300.7	132.2	83.7	99.1	152.8	394	102.8	82.1	45.2
"D55643_s_at"	255.4	184.5	206.3	417.3	246.8	157.5	113.9	260.2	173	38.2
"D55654_at"	30624.9	22912.3	39125	20401.7	28144.8	24657.1	22361.6	32189.9	40230.5	27040
"D55696_at"	10373.7	12395.4	4465.2	7690.5	4440.5	19698.1	7712.4	14878.5	15683.3	9534.4
"D55716_at"	2003.8	2274.1	2669.2	2871.7	1589.8	1131.8	1115.3	3512.3	2750.6	1360.4
"D56495_at"	560.2	305.1	422	1038	598.5	486.1	147.4	400.9	419.6	745.4
"D59253_at"	1061.8	905.2	1121.9	753.3	873.1	1162.5	772.2	1155.3	879.4	995.7
"D61380_at"	9816.6	7265.1	14703	19336.6	11357.3	9184	6143.1	9541.3	12900.6	12183.6
"D61391_at"	1524.4	1132.1	2329.4	6243.5	2228.5	1461.3	820.8	2721.1	2323.5	1418.8
"D63134_at"	89.6	138.5	84.1	115.4	45.1	37.3	146.2	75.2	53.8	60.7
"D63135_at"	822.8	595	547.8	442.1	255.7	513.6	400.7	575.3	459.3	319.8
"D63160_at"	747.2	909.6	599.9	802.9	314.8	233.1	90.5	1362.4	502.9	491
"D63390_at"	660	354.3	425.7	864.7	606.6	699.4	219.2	814.7	695.2	500.7
"D63391_at"	988.9	1439.4	1955.4	3132.9	1248.1	849.8	179.7	1484.7	795.7	1290.9
"D63412_at"	56	14.2	31.6	187.2	402.8	23.2	145.6	116.3	62.4	97.2
"D63475_at"	21041.5	9979.8	20212.1	9298	11058.1	15654.9	6439	19365.7	15423.3	16407.9
"D63476_at"	4587.3	2928.8	2218.7	8521.5	3629.1	6315.1	1694.1	4635.8	3642.5	3898.6
"D63477_at"	2903.2	2121.3	2168.7	3413.9	4997.7	6207.2	658.5	6163.3	4110.5	5516.1
"D63478_at"	3104.6	4500.1	2000.2	2536.7	2298.3	3112.8	2234	3948.5	2179.5	3339.2
"D63479_s_at"	907.4	1647.9	699.1	2312.3	361.2	750.7	993.6	1198.5	1105.1	778.4
"D63480_at"	827.2	681.8	866.5	2559.9	1444.8	979.1	562.1	1992.7	1267.3	998.2
"D63481_at"	3197.6	2130.8	2249.2	3837.7	1928.9	2408.3	3424.7	3172.6	2451.1	1916.8
"D63482_at"	1258.8	742.8	707.1	199.1	359.6	764.5	1077.2	1578.3	1093.9	631
"D63483_at"	344.3	44.1	115	219	372.9	292.9	31.2	302.1	88.7	199.2
"D63484_at"	731.8	351.6	252.7	272.9	188.6	466.8	346.9	285.8	278.1	204.6
"D63485_at"	4957.7	1904.2	1976	3438.4	1605.1	1989.3	5457.2	3465.9	3208.4	1878.6
"D63486_at"	5198.6	3437.3	6303.7	10745.6	4975.1	6132.5	19570.5	8968.1	6306.5	6360.3
"D63487_at"	4489.2	1827.1	2451.6	5164.3	2068.8	1689.1	3391.4	3708.9	3492.4	2309.8
"D63506_at"	1681.2	1590.7	814.3	1427.2	1788.4	2360.7	439.5	4384.9	2173.9	2798.8
"D63813_at"	68.5	298.2	614.8	268.7	301.5	91.5	523.7	386.3	443	223.3
"D63851_at"	790.5	910.3	763.3	6475.9	955	930.1	673.8	1049	1311.2	806.8
"D63861_s_at"	724	499.4	1272.8	543.5	626.5	695.3	289.7	1100.2	280.7	287.8
"D63874_at"	7932.4	6729.8	8458.9	17459.5	16112	8704.6	2614.5	8675.3	11581.4	11991.2
"D63875_at"	1227.7	1097.3	1177.8	1711.9	1308.5	1462	387	1975.8	1260.3	1609.5
"D63876_at"	5789.4	3853.8	3492.7	3543	2327.5	3855.7	5726.6	5453.3	5408.2	3630.5
"D63877_at"	1671.1	1091.2	810.4	1685	1249.7	1381.7	959.4	1883.2	1325.3	1518.5
"D63878_at"	4703	4703	10061.5	8731.9	14283.6	6625.8	2840.5	6924.9	9272	6812.6
"D63879_at"	1831.1	1225.4	955.8	2578.1	1378.6	1146.2	337.5	1722.6	726.4	873.6
"D63880_at"	528.4	609	823	1405	613.5	364.5	769.2	1451	965.6	668
"D63881_at"	1702.2	1635.8	1781.7	6281.7	2508	2477.7	204.4	2753.1	1847.3	2450.3
"D63882_s_at"	318.8	42.7	26.8	271.8	83.2	41.2	27.9	34.9	286.3	8.5
"D63940_s_at"	296.9	256.5	203.3	417.8	127.5	147.9	632.9	374.8	300.7	271.9
"D63998_at"	1297.8	878.3	2684.6	827.4	1543.6	1065.6	366	4206	1713.5	1479.9
"D64015_at"	632.9	154	258.4	657	627.7	864.9	359	841.8	274.3	648.5
"D64053_at"	48.4	20.2	32.9	36.2	141	17.8	40.7	21	21.2	19
"D64108_at"	234.8	64.4	74.6	74	18.2	4.3	17.3	14.6	17.3	9.8
"D64109_at"	1137.6	3165.2	1750.3	12847.9	3121.2	2122.7	1424.9	1079.2	2903.4	5065.6
"D64110_at"	4059.7	5957.7	1770.8	2736.9	7898.2	12210.7	1273.7	1153.8	2283.9	4894.9
"D64142_at"	7837.3	3391.7	5533.5	15805.6	3623.6	2617.1	4028.5	7110.8	7117.3	4843.8
"D64154_at"	6754.8	7222.2	6298.4	5401.2	3525.7	7621.7	5894.9	4654.5	6021.9	5473.2
"D64158_at"	613	785.8	733.1	1530.3	1017.7	1000.6	395.2	1636.7	917.1	539.6
"D64159_at"	867.6	506.3	371.9	34.2	458.4	674.6	246.6	430.9	437.2	694
"D67029_at"	2271.7	1295.3	1470.8	3713.6	1779.9	2185.3	1073	2860.8	2810.5	1819
"D70830_at"	317	249.8	210.4	342.9	188.7	537.2	416.3	264.2	180.8	127.9
"D76435_at"	44.2	146	191.6	330.1	76.5	17.8	30.6	39	279.6	13
"D76444_at"	1890.1	3564.9	1883.4	4357.9	3015.5	2821.9	582.7	1946.3	1623.2	2984.7
"D78011_at"	107	54.5	69.8	155.3	62.9	64.1	144.1	112.5	81.1	45.1
"D78012_at"	46.8	701.6	295	111.1	417.2	494.2	621.6	144.7	337.7	347.6
"D78014_at"	2687.8	2464.2	280.6	3279.6	833.7	3657.2	2251.4	285.3	110.1	319.1
"D78129_at"	591.1	1603.6	298.4	9254.6	1225.9	1359.2	738.8	4230.7	2496.2	1658.8
"D78132_s_at"	8869.7	13580.7	7892.4	3082.2	10543.2	14034.1	7287.7	7998.2	7158.1	12434.2
"D78134_at"	6496.1	5341.4	12628	28991.9	13632.1	7173.1	5531.9	13592.6	19625.2	15771.3
"D78151_at"	13065.5	8025.7	7858.9	9636.3	6823.6	10066.3	14435.2	8524.4	10610.7	6358.3
"D78156_at"	403.4	285	150.8	640.4	248.5	540.8	250.2	419.4	212.3	310.9
"D78261_at"	31.9	18.2	7.7	149.9	20.7	25.8	77.2	38.3	151.4	45.9
"D78275_at"	1819.5	2927.9	1578.2	2984.1	3292.4	4892.1	1328.3	3241.4	3682.9	3260.2
"D78333_at"	35.8	207.7	326	507.3	259.2	26.2	31.7	192.8	147.8	264
"D78334_at"	242.3	134.6	127.3	104.2	107.9	36.4	186.6	172.1	126.4	20.9
"D78335_at"	144.9	111.1	473.6	396.1	99.5	129.5	824.9	143.6	227.6	93.5
"D78361_at"	129764	197789.6	136952.9	95977.1	131683.1	95942.1	183900.1	99856.6	122900.9	88101.7
"D78367_at"	306.8	321.5	244.3	706.8	598.5	246.1	493	531.6	298.8	219.8
"D78514_at"	583.8	651	655.2	971.5	593.4	691.6	521.2	1532.9	994.8	1018.1
"D78577_s_at"	8511	9939	23325.4	6734.4	15096.7	11216.4	6804.9	17851.1	15636.6	14119.8
"D78586_at"	1584.8	667.2	1604.7	1357.9	847.9	420.4	1232.8	2575.4	1838.5	1017.1
"D78611_at"	367.9	89.8	267.3	431.4	201	156.9	240.5	212.1	140.5	21.3
"D79205_at"	68670.4	101162.5	90499.2	76806.2	102957.7	61904.2	25945.5	56175.5	73241.2	73600.7
"D79206_s_at"	13075.3	11059.7	1777.8	13131.9	9542.5	23680	5852.3	3290.7	4054.4	8501.7
"D79983_at"	294.1	83.9	198.6	755.4	197.3	96.5	45.2	311.2	63.9	40.7
"D79984_s_at"	2204.8	2543.4	2137.8	1293.9	1428.8	2332.1	2098.8	2075.7	1310.9	2137.3
"D79985_at"	2768	1297.4	1649.3	7677.4	1393.7	883.7	482.1	1838	670.9	775.3
"D79986_at"	3423.9	2921.4	2137.1	7045.2	5062.6	4062.3	873.3	4773.3	3772.8	6619.6
"D79987_at"	427.7	1091.3	122.3	216.5	207.3	431.8	162.8	288.5	155.8	190.3
"D79988_at"	602.3	394.9	175.3	196.4	339.4	147.7	80.9	61.5	461.5	302.1
"D79989_at"	211.9	796.9	862	1041.7	609.8	439.2	176.3	687.9	1052.2	775.2
"D79990_at"	394.1	839.8	253	599.5	328.3	958.4	18.7	1002.2	1382.7	332.4
"D79991_at"	6156.1	3993.5	2681.8	4519	3465.9	7613.8	3169	4460.3	4043.6	3760.8
"D79992_at"	1784.2	1380.5	777.3	2622.7	1093.2	1300.8	853.2	1264.2	1444.3	1198.1
"D79993_at"	1022	1137.4	1096	3878.5	3519.6	3615.8	689.7	2037.1	1407.2	1723.3
"D79994_at"	362.6	502.1	38.9	1495.4	1047.8	1133.5	285.6	724.8	402	319.1
"D79995_at"	755.2	858.9	577	1193.8	629	540.8	996.1	721.8	481.2	517
"D79996_at"	10382.2	16498.1	10087.7	16085.3	14626.8	15629.7	3785.7	10613.8	17340.2	13256.4
"D79997_at"	220.4	497.4	270.2	386.3	561	458.2	40.4	513.3	639.8	243.5
"D79998_at"	1522.7	1674.6	1045.4	1895.4	1320.9	1351.8	1261.1	1085.1	905.9	1417.4
"D79999_at"	7446.8	6512.3	7361.1	5816.7	9696.5	5493.1	5898.9	14824.5	14121.5	8569.7
"D80000_at"	1021.8	372.6	931.6	1759.7	1247.3	1074.8	307.5	1796	1438.6	1281.3
"D80001_at"	401.5	377.5	458.3	662	573.1	298.8	24.7	688.1	608.7	364.5
"D80002_at"	739.9	853.7	697.1	949	696.6	572.3	544.6	1147.3	1078.8	577.4
"D80003_at"	2461.6	3093.3	1397.7	3152.2	1850.8	3589.5	855.4	2879.3	1860.5	2054
"D80004_at"	629.7	184.8	506.2	1732.6	719.2	286.3	731.3	1207.5	622.7	511.2
"D80005_at"	2140.9	2481.2	2997.1	7065.4	5384.1	4600.4	2014.2	5858.1	4565.8	6250.1
"D80006_at"	4811.5	2652.1	6650.8	4688.8	5862.4	7416.4	2465.1	9978.1	6603.2	8295.8
"D80007_at"	1010.1	609.4	703.9	960.4	459.8	335.9	447.6	935.5	727.4	650.2
"D80008_at"	244.7	72.6	483.9	787.8	272.2	63.2	55.6	636.6	563.3	186.1
"D80009_at"	1540.6	1023.3	1200.1	2397.1	1127.5	821.1	1392.8	1774	1142.2	1071.2
"D80010_at"	664.4	1607.6	1061.6	1074.2	2480	2857.6	440.2	1743.5	1366.9	1406
"D80011_at"	648.7	939.4	73	89.2	1560.3	1339.4	76.7	711.4	428.5	1031.6
"D80012_at"	2098.5	1738.8	1224.4	8377.7	1729.8	2609.7	1088.7	1767.9	1684.1	1675.9
"D82060_at"	747.7	619.4	784.8	2078.8	195.7	204	134.1	548.3	484.7	496.5
"D82061_at"	692.7	558.2	1643.5	3288.2	906.3	495.2	673.6	1108.7	1025.8	1051.6
"D82070_at"	618	1415.3	833	1563.7	519.5	852.1	921.4	1249.9	1052.7	715.9
"D82326_at"	51.6	119.9	36	99.6	73.1	49.7	435.8	88.1	74.8	112.8
"D82343_at"	81.6	29.5	27.4	112.1	203.7	32.3	56.6	439.8	71.7	35.1
"D82344_at"	113	409.4	41.6	332.3	205	41	163	289.7	187.3	200.1
"D82345_at"	48.4	85.1	104.8	49.6	123.6	24.8	41.4	336.7	35.2	67.3
"D82346_at"	115.7	110.3	83.7	205.9	51.3	211.5	1098.9	59.7	76.8	57.7
"D82347_at"	61.2	31.2	164.2	228.9	148.7	51.9	104	143.3	137.8	84.8
"D82348_at"	5380.2	2143.5	8085.8	6787.4	5961.8	2915.7	5960.3	8147	8782.3	6212.5
"D83004_at"	2551.7	2069.8	2785.1	3529	4701	5523	1457.3	4279	4655.2	4477.4
"D83017_s_at"	233.3	469.6	52.1	373.3	154.1	62.4	78.3	65	392.5	78.2
"D83018_at"	307	580.9	500.9	1941.7	482.2	728.6	1913.2	862.8	567	333.2
"D83032_at"	1709.6	1595.5	744.2	2662.2	1283.2	1700.9	1200.7	2045.7	1176.1	1101.7
"D83174_s_at"	4131.9	4241	8586.7	2620	1895.1	3896.6	5318.4	3267.5	2462.5	3323.1
"D83195_at"	90.7	116.5	58.4	134.3	105.8	82.2	237.8	103	127.3	64.8
"D83243_at"	592	437.9	413.6	1263.7	884.9	422.9	621.3	1404.7	725.3	495.5
"D83260_s_at"	7044.9	4192.5	5314.6	3528.6	2688.4	6351.5	8861.2	5755.4	5153.6	5150.9
"D83407_at"	620.6	521.7	211.4	308.8	178.7	142.2	399	204.8	208.3	19.1
"D83542_at"	2127.8	1647.2	912.8	1856.8	1729.1	1446.7	3123.9	1418.1	2506.1	1322.5
"D83597_at"	69.2	616.8	489.7	845	257.2	93.9	152.4	1170.8	1008.1	538
"D83646_at"	494.1	444.8	606.6	764	415.7	255.7	237.6	514.8	538.8	223
"D83657_at"	80.9	98.4	80.4	91	69.8	77	81.7	97.6	62.6	50.4
"D83699_at"	265.7	150.6	486.2	1145.9	439	133.8	158.9	408.5	420.2	296.7
"D83702_at"	223.2	524	353.8	915.7	1427.5	495.9	138.9	331	375.5	438.3
"D83703_at"	399.4	771.4	974.8	974.8	631.6	389.5	940.8	860.9	492.2	525.9
"D83735_at"	4968.2	2659.7	6393.7	2367	3862.6	3457.7	4403.6	6407.3	8275.3	6921.8
"D83767_at"	271.7	44.6	172.1	428.5	556.1	193.1	164	667.5	570.6	321
"D83776_at"	614.3	311.4	299	892.3	306.8	208.1	256.7	691.6	666.6	348.6
"D83777_at"	1071.3	260.6	594.5	4472.5	749.5	596.8	29.3	649.9	469	206
"D83778_at"	4076.5	3875.9	2513.8	4910.4	2212.9	4241.2	2574.4	3331	2819.4	2922.1
"D83779_at"	5002.7	2545.6	5635.5	11223.9	3777.2	3216.1	2773.1	6805.6	4091	3991
"D83780_at"	1714.9	1330.1	2593.4	1250.7	1615	1463.9	137.8	3066.9	1997.1	1972.9
"D83781_at"	475.6	265.5	476.4	790.6	414.3	254.5	229.1	744.8	685.1	313.3
"D83782_at"	2581	347.7	2946.2	3474.8	823.6	1336.4	3402.3	4190.6	2380.2	1467.9
"D83783_at"	5496.1	4884	3334.6	5398.3	2468.9	4176.3	2245.7	5770.9	3580.1	3771.5
"D83784_at"	1482.1	1418.8	971.9	2301.1	1687.8	2871.4	681	1335.4	1557.1	1650.9
"D83785_at"	3926.4	3083.4	1840.7	2664.4	4487.7	5226.7	1170.3	2885.3	3236.2	2961.9
"D83920_at"	269.7	1008.6	1250.9	585.9	593.4	699.6	1875	2043.6	3846.4	1465.2
"D84110_at"	1485.5	675.1	552	1155.6	165.2	101.7	170.4	1208.7	434.3	270.2
"D84145_at"	1709.5	2021.3	2113.3	1748	2921	3075.3	1453.4	3051.8	2409.6	2408.6
"D84239_at"	234.8	390.9	270.2	2186.3	157	381.6	520	555.5	762.3	365.7
"D84276_at"	629.2	153.5	39.6	1449.8	343.8	217.2	47.5	127.3	150.4	117.6
"D84294_at"	3232.4	1955.5	3736.1	12107.8	3685.1	4107.3	1114.8	6563.9	4133.4	5077.4
"D84307_at"	1267	1279.7	1656.8	6755.9	1689.9	1237.5	635	2028.8	2691.3	1821.2
"D84361_at"	1397.8	1971.1	648.3	2260.1	1308.8	1141.8	2143.5	336.3	1557.4	1306
"D84424_at"	297.5	242.2	127.3	219.5	447.1	244.9	749.5	220.1	229.7	339.4
"D84454_at"	1815	1073	1286.9	7552.2	1496.4	1436.4	1380.5	1332.1	1883.5	1431.7
"D84557_at"	1585.4	2290	1803	1564.6	1525.5	1567.8	802.1	3444.4	3320.2	2047.5
"D85131_s_at"	873.7	218.5	623.2	154.5	98.3	142.1	1955.5	620.2	71	547.1
"D85181_at"	918.1	1209.2	1124.5	1202	1472.3	1064	530.1	2098.7	1609.5	1817.3
"D85245_at"	494.8	529	621.4	822.7	898.1	302.4	1355.4	631.4	111.1	701.3
"D85376_at"	96	219.1	227.7	278	78.4	6.3	352.4	158.5	161	42.3
"D85418_at"	1203.8	428.1	736.2	2297.4	959.3	829.9	1580.3	1869.8	1802.6	1208.5
"D85423_at"	160.6	46.3	82.5	131.1	62.2	121.8	85.5	98.5	235.8	43.3
"D85425_s_at"	1327.6	1349.7	1168.7	318.2	1092.1	916	1410.5	1794.9	1632	1249.9
"D85429_at"	5399.1	84138.9	143957.8	15186.4	32926	11985.3	8063.9	7017.8	21520.9	30698.6
"D85433_at"	2671	1342.5	2511.6	2062.2	1661.6	2199.1	1816.2	1977.7	2607.5	2173.3
"D85527_at"	1061.6	2025.5	1349.7	2777.8	973.7	1524.1	1554.1	1778.7	1223.4	904.1
"D85758_at"	4600.7	4487.9	7056.5	12143	5453.9	4621.2	2178.6	5991.1	9390.4	6846.2
"D85759_s_at"	294.9	123.7	318.7	167.9	81.7	131.6	128.3	72.1	47.4	82
"D85815_at"	2445.1	4588.9	3190.8	7619.3	3700.9	2802.8	4370.9	4364.1	4743.2	2939.3
"D85939_at"	165.8	170.8	788.9	2574.4	443.3	157.2	119.9	668.9	711.4	379.7
"D86043_s_at"	2590.8	1336.9	1895.4	641.7	1061.3	2007.4	4568.6	4989.7	785.4	2243.6
"D86062_s_at"	173.8	79.9	197.9	175	57.4	95.7	1659.8	235.1	123	54
"D86096_cds1_s_at"	800.5	201.3	394.1	374.2	405.8	128.7	329.3	288.4	224.2	206.2
"D86096_cds3_at"	73.8	88.2	10.7	114.8	18	14.2	44.5	32.8	25.8	10.2
"D86096_cds6_at"	330.8	12.6	9.7	21.3	88.7	13.4	541.3	19.7	25.5	8.5
"D86331_s_at"	336.9	259.8	297.1	274	195	592.2	1738.9	570.4	279.7	749.5
"D86425_at"	127.7	130.9	16.7	269	25.3	75.3	187.6	209.1	76.6	6.8
"D86479_at"	950.8	467.5	996.8	648.1	632.9	507	342.9	892.3	678.3	586
"D86519_at"	39.5	81.7	453.2	1156.4	529.1	536.3	123	241	512.4	149.8
"D86549_at"	1533.4	388.4	1515.9	4341.3	1476.1	1203.6	579.2	1441	1372.3	1933.8
"D86550_at"	2252.3	3021.3	1443.7	5259.8	4332.3	4658.4	1561.4	2959.8	2574.5	3509.4
"D86640_at"	3531.3	2245.7	8085.2	507.4	8218.7	2755.3	486.8	6450.5	5586.6	6410.4
"D86956_at"	3285.5	29814.8	26919.2	14740	24327.5	12412.7	2962.5	5708.9	5931	15831.3
"D86957_at"	326.4	249.3	524.2	1178.3	325.8	543.1	151.8	779.5	744.9	492.6
"D86958_at"	255.5	573.2	194.1	557.4	413.7	391	259	164.4	303.8	188.7
"D86959_at"	675.4	659.4	454.1	1154.8	1624.5	1947.3	1298.5	1028.6	960.9	1293.8
"D86960_at"	740.2	560.8	526.5	1952.8	747.4	853.9	259.8	1370.6	945.4	906.3
"D86961_at"	9792.8	3476.3	2529.2	422.1	3836.4	9341.1	3947	5306.7	6132.6	10834.8
"D86962_at"	543.8	640	266.3	1032.4	298.2	404.5	253.5	1146.6	448.1	317.5
"D86963_at"	5139.3	2972.3	1512.6	3322.7	4348.8	7571.2	3277.5	3240.4	2627.3	3496.8
"D86964_at"	2935.6	2085.1	3825.9	430.8	2610.2	2486	3519.2	5676.6	3642.7	3192.6
"D86965_at"	1891.8	1929.1	1175.7	1397.7	1907.7	1117.6	5141.3	1350.2	1353.5	1251.1
"D86966_at"	5662.3	4654.9	3092.4	4158.8	4387.4	4302.1	6224.4	4796.8	4609.3	3996.3
"D86967_at"	5131.7	4652.3	3188.5	3885	4088.4	7491.4	4564.1	4775.3	5391.9	4490.3
"D86968_at"	1417.3	3596	1343.5	3613.4	3397.7	3991.2	1224.4	2360.4	2182.4	1678.1
"D86969_at"	236.6	253.3	178.2	647.1	98.8	236.7	14.3	54.3	89.1	38
"D86970_at"	895.8	490.2	867.4	1200.1	153.2	534.8	221.7	269	665.2	164.2
"D86971_at"	3047.6	4222.1	2846.7	3275.2	3126.4	3689.1	2566.1	6340.7	3344.9	4138.9
"D86972_at"	2755.7	2181	3196.4	2840.1	2408.8	3280	2577.9	3206.5	3594.5	2633.9
"D86973_at"	3842.4	2117.3	3288.1	5668.1	3454.9	3308	1923.3	3801.4	4247.8	2808.8
"D86974_at"	96387.3	144624.5	24123	65524.7	39513.9	67167.9	115098.1	60153.2	29319.3	50608.5
"D86975_at"	49.1	597.3	294.7	700.6	263.9	330.4	126.2	383.2	52.8	280
"D86976_at"	4657	2003	1618.4	1682.4	965.7	1583.6	3143.1	1463.3	1570.8	1283.7
"D86977_at"	2844.2	2508.9	1698.8	2952.5	1947.9	2260.9	1873.2	2105.3	2458.5	1714.5
"D86978_at"	1877.7	1073.8	1408.1	2418.8	1556.5	2023.2	906.3	2215.3	1547.7	1691.1
"D86979_at"	7135	4659.4	3541.1	3069.8	3291.6	5150.1	2796.7	4122.8	4225	3985
"D86980_at"	23.7	35.7	11.7	867.8	52.3	12.7	11.7	13.3	10.4	12.9
"D86981_at"	301.5	225.2	178.6	766.1	203.5	47.6	41.5	403.1	288.8	109.4
"D86982_at"	1133.2	912.9	1558.8	4052.3	1633.4	1131.1	705.6	3802.8	2820.4	1628.5
"D86983_at"	258	556.9	123.7	570.7	320.8	373.6	1054.3	509.6	430.7	178.2
"D86984_at"	39.4	32.5	10.3	138.6	18	20.4	28.5	16	13.8	21.7
"D86985_at"	1509.8	1564	869.2	5536.1	2118.7	1962.7	1113.4	2326.7	2778.1	3374.5
"D86988_at"	4701.8	4451.6	3240.6	11631.7	3232.9	3720.4	5445.8	3538.2	4001.4	3524
"D87002_cds2_at"	179.1	177.8	217.2	192.4	361.7	163.5	293.7	243.4	163.4	147.7
"D87009_cds3_at"	46.6	27.8	55.5	134.4	40.9	28.1	169.4	25.1	61.2	20
"D87011_at"	60.3	76.8	31.3	113.9	85.9	52.6	326.4	65.6	75.6	33.5
"D87012_at"	947.7	961.1	260.6	437.5	226.8	463.2	1404.9	292.8	323.6	469.4
"D87017_cds3_at"	960.5	1630.1	1512.1	1107.5	1522.8	1154.6	1959.7	1763.9	1702	1144.5
"D87023_cds2_at"	452.5	691.7	835.9	350.7	1342.9	953	3474.9	305	967.6	801.8
"D87024_at"	324.6	1513.7	746.2	824.2	696.8	262.8	1022.1	459.6	797.8	832.5
"D87071_at"	4741.4	4140.6	3878.2	1274.8	3888.5	6219.6	6679	10461.6	6263.9	4981.2
"D87073_at"	549.2	518.6	530.4	864.7	401.6	626.6	1133.9	832.4	307.5	416
"D87074_at"	374.5	386.2	225.2	987.1	450.6	757.8	290.9	472.3	433.5	272.4
"D87075_at"	1031.8	391.3	570.1	2219.9	627.6	997.1	1035.8	1557.2	1188.4	1322
"D87076_at"	3580.8	758.5	2463.3	5814.5	2088.3	1439.9	3275.1	3294.6	2068.3	1530.1
"D87077_at"	1024.3	443.7	976.6	1508.2	476.2	386	394.2	1456.9	860.7	564
"D87078_at"	3349	3180.3	1551.2	9728	2593.8	4462.6	4673.3	5261.3	3313.3	2881.1
"D87116_at"	10554.8	16993.7	2808.4	5047.7	11936.7	12469.6	6788.5	5031.3	4643.6	11649.1
"D87119_at"	769.4	763.6	222.5	3019.8	1385.5	1577.5	997.1	867.4	700.5	1098.1
"D87120_at"	739	292.4	600.7	1644.6	659.3	656	171.2	1123.4	736.6	1201.6
"D87127_at"	1209.4	599.5	810.2	1373.6	1887.1	1634.2	461.6	1362.8	815.5	1564.3
"D87258_at"	396.8	367.2	211.5	4155.4	429.4	291	81.7	628	735.2	408.9
"D87292_at"	3129.9	2461.3	4728.4	5444.3	2227.2	1170.7	1708.7	4776.7	4754.2	2771.4
"D87328_at"	410.4	296.7	493.4	1392.4	603.5	445.1	658.3	900.6	723	676.9
"D87432_at"	98.7	580.8	418.2	3155.9	811.6	800.8	86.5	1018.7	314.8	425.9
"D87433_at"	502.6	692.3	263.5	653.2	342.3	824.3	912.3	570	1186.9	204.4
"D87434_at"	11301.6	3735.3	2325.1	5345.1	3992.5	6152.6	2430.7	4674.7	4077.6	3604.3
"D87435_at"	1726.3	1155.5	1143.1	2574.5	1399.8	1835.4	1737.7	2123.8	1239.1	1217.2
"D87436_at"	2546.6	1539.1	2585.6	1840.6	2850.7	3893.8	1221.4	4116.2	4555.5	3528.6
"D87437_at"	3004.7	1678.5	2598.3	5879.7	1873.6	3229.6	2261	4365.3	2633.1	3139.2
"D87438_at"	3045.4	3387.2	3511.8	6972.8	4156.2	6016.1	7713.9	5961.8	4925.1	5078
"D87440_at"	1236.9	345.9	368.6	634.4	367.9	1151.8	543.7	916.1	649.1	780.8
"D87442_at"	12562.7	4519.6	7452.3	6551.1	5988.1	7238.6	7131.9	13105.9	8782.8	11443.6
"D87443_at"	1513	1044.2	952.3	2329.1	1207.3	1482.1	1164.1	1728.1	1379.7	974.4
"D87444_at"	1554	1322.7	1421.7	3445.6	1797.6	1599.2	699.4	1811.9	1767	1665.7
"D87445_at"	829.2	644.9	630.4	2182.5	1228.6	1503.1	750.1	1636.1	828.7	1145.9
"D87446_at"	1294.1	1045.1	1916.5	6045	2711.9	2096	1043.8	2443	2109.2	1959.8
"D87447_at"	1245.7	1214.6	702.1	1892.6	1058.5	722.9	1011.5	1046.7	1083	921.3
"D87448_at"	482.5	233.6	280.3	878.1	352.3	524.3	238.3	845.2	953.8	302
"D87449_at"	831.2	370.5	154.8	978.3	604.8	410	825.1	982.2	744.4	615
"D87450_at"	1626	2155.3	845.5	1861.6	2910.7	2315.1	889.3	2654.8	1601.2	1841
"D87451_at"	6076.1	10586.9	7484.9	8549.1	6140.8	9784.8	11104.7	8345.3	7734.7	6795.7
"D87452_at"	6680.5	4490	3705.7	11792.6	4089.6	6362.4	8738.8	6140	5913.6	4543.8
"D87453_at"	613.8	515.7	1302.5	2202.2	1011.5	448.8	1305.4	1420.5	1377.7	1331.8
"D87454_at"	173.2	583.6	439	5165.2	1132	315.3	1006.2	1540.4	1565.5	1264.6
"D87455_at"	1416.1	512.7	750.9	2964.4	1387	693	1181.5	2151.2	1375.3	1224.9
"D87457_at"	893.4	165.3	2922.4	130.5	1425.1	357.8	396.5	884.9	907.6	1529.1
"D87458_at"	33.2	27.3	23.6	63.8	22.8	10.4	37.8	62.3	22.6	8.1
"D87459_at"	22.6	71.5	15.9	39.5	26.7	12	265.9	117.9	44.5	45.7
"D87460_at"	2413	2774.8	1500.8	4720	2243.9	1787.8	3884.7	2053.2	1864.3	1194.3
"D87461_at"	895.1	402	300.2	976.4	445.1	402.3	379.3	590.5	432.4	533.1
"D87462_at"	2022	1811.1	2100.5	3893.1	2105.8	2401.1	1780	2478	2196	2209.2
"D87463_at"	147.3	152.4	90.1	329.3	106.3	107.3	187.6	125.7	97.9	73.9
"D87464_at"	2157.6	1479.2	7060.3	1902.7	5083.7	1998.5	2687.9	4388.7	5599.6	5254.3
"D87465_at"	688.6	560.2	235.9	1572.1	700.3	2623.9	210.2	710.6	663.9	324
"D87466_at"	1023.1	783.7	423.5	2387.9	1092.2	1087.9	419.1	1491.4	876.6	1276.2
"D87467_at"	163.8	143.9	400.3	515	146.2	335.3	386.6	463	298.9	193.2
"D87468_at"	73.3	10841.4	6591	149.2	2676.1	1935.7	1068.3	194.9	477.4	1079.1
"D87469_at"	573.7	698.7	941.8	3590.2	325.7	845.5	1431.9	1069.5	632.1	327.3
"D87470_at"	625.7	110.5	568.7	1154	764.6	577.8	2047	1296.4	496.4	546.8
"D87673_at"	1775	2293.2	1690.5	2069.4	1076.8	1395.7	1233.8	2516	1543.5	1620.5
"D87682_at"	350	391.6	408.5	158.6	444.4	205.2	50.6	982.4	503.5	449.7
"D87683_at"	352.8	445.6	39.8	759.3	209	64.2	203.1	271.9	87.6	138.8
"D87684_at"	2447.3	2607.4	1864.4	4871.4	6209.5	6489.5	1384.2	4836.1	4333	5511.7
"D87685_at"	528.9	466.9	277.9	1499.3	768	681.9	264.4	1169.8	893.6	594.3
"D87716_s_at"	934	518.2	317.6	601.9	354	459.3	1026.7	553.6	470.8	433.2
"D87735_at"	12417	21457.1	29003.2	19225.9	19669.3	16051.5	25167.4	20702.7	24347.2	27256.2
"D87742_at"	792.1	48	84.4	1189.1	459.6	134.4	32.3	596.3	244.1	402.3
"D87743_at"	1299.8	545.8	1399.5	1217.4	1434.6	1026.6	955.7	2531.3	1879.7	1760.4
"D87845_at"	638.2	512.2	868.6	581	424.6	524.6	543.4	1394	613.5	409
"D87937_at"	293.4	1937.8	882.1	1760	1103.3	979.9	2515.7	436.3	1198	1206.8
"D87953_at"	10299.3	6832.5	4419.2	5350.2	4306.9	5046.4	4434.1	3096.5	3660.6	4640.3
"D87957_at"	505.4	336.4	491.3	751	285.5	919.6	84.2	96.2	307.3	446.2
"D87969_at"	1253.9	729.8	1450.7	2709.8	1496.4	519.5	408.9	2379.7	2178.3	1312.3
"D87989_at"	5595.3	3667.7	6165.8	7714.8	4767.1	6006	5776.8	6700.3	7350.9	6634.7
"D88146_at"	516	254.1	1459.9	956.7	249.8	757.1	1077.6	1387.5	420.6	936.7
"D88152_at"	320.4	32	186.5	227.5	31.4	385.1	110	723	286.7	225.9
"D88155_s_at"	862.5	839.8	653	955.4	576.3	649.4	711.5	1149.2	430.7	381.9
"D88213_at"	1027.8	2300.8	716.8	1501.6	1593.2	2652.9	508.1	1294	942.2	957.8
"D88270_at"	127.3	75.4	38.5	135.9	162.9	75.9	377.3	750.9	73.1	104.1
"D88378_at"	378.5	250.4	607.2	804	388.9	273	186.9	856.2	461.1	493
"D88422_at"	26187.6	29748.6	22684.1	2922.3	29194.4	9914.6	3929.5	5979.3	9232.9	19793.3
"D88460_at"	52.9	60.1	42.9	57.4	67.3	64	22.3	125.9	53.3	58
"D88532_at"	395	241.3	166.1	389.2	202.3	126.7	503.4	264.5	120.9	94.9
"D88613_at"	488.7	124.6	220.5	876.9	660.3	366.7	648.6	730.4	489.6	341.1
"D88667_at"	95.1	111.6	81.3	136.4	60.4	80.2	161	86.4	109.1	56.5
"D88795_at"	443.1	33.5	38.3	396.9	143.4	32.2	460.9	423.5	58.8	136.3
"D88797_at"	255.4	155.4	398.8	580.3	349.6	76.8	562.3	756.1	257.7	328.5
"D88799_at"	213.8	705.6	59.2	256.2	477.9	246	592.7	611	526.6	411.9
"D89016_at"	4007.7	2765.1	3231.1	6639.7	3441.5	2215.6	3044.9	4247.7	3661.3	3568.7
"D89050_at"	8817.4	3307.3	9175.1	197.2	9305.2	3978.2	2210.4	8030.8	7839	8215.7
"D89052_at"	40665.3	27294.6	31422	12583.6	15521.7	28656.9	52119.9	32081.8	40043	28547.3
"D89077_at"	7472.3	2785.4	10962.6	193.1	6644.5	4168.2	2960.5	11145	11207	4470
"D89289_at"	526.3	473.8	312.6	732.5	299	42.6	263.5	474.7	535.3	215.2
"D89377_at"	80.5	118.7	8.5	314.2	881.1	424.9	130.4	1002.7	746.8	172
"D89377_s_at"	61	58.9	141.1	201	24.9	20.2	30.9	47.8	167.7	10.5
"D89501_at"	57.8	333.5	61.2	416	246.4	42.4	62.7	421.9	248.8	37.9
"D89667_at"	16966.3	21326	29635.6	15531.8	17698.2	14445.8	25114.7	16009	23368.5	22841.9
"D89858_at"	826.3	1294.6	1663.8	969.7	1241.2	700.1	2304.3	1764.4	1335.2	1099.2
"D89859_at"	200.1	197.4	137.1	341.9	109.4	91	86.2	406.9	351.3	69.1
"D90042_at"	60.3	253.6	274	165.9	199.8	84	419.9	297.1	273.3	152.4
"D90064_at"	525	331.2	200.9	30	677.8	30.7	383.1	80.3	358	379.9
"D90070_s_at"	144.8	2416.9	378	98.5	1546.2	537.9	44	14.8	384.1	570.8
"D90084_at"	4228.7	2890.9	4278	5486.7	5333.4	4120.4	2741.1	6224.9	4921	5774.9
"D90086_at"	3525.1	1868.8	4953.7	7192.6	2483.9	1745.5	2433.3	3389.5	3941.1	3444
"D90097_at"	239.6	384	203.7	11670.7	408.5	50.5	291.5	828.9	308.5	311.2
"D90209_at"	28534.7	65472	17318.5	12747.4	33684.7	26757.9	33105.2	15515.7	32501.3	29760.7
"D90224_at"	362.9	218.8	257	173.3	71.6	77.9	51.6	43.3	265.8	39.5
"D90276_at"	729	1190.1	1609	2357.2	1909.8	1548.9	2027.1	1266.6	1156.7	1495.5
"D90279_s_at"	68	80.4	36.7	69.4	24.5	41.8	64.7	49.3	29.9	16.3
"D90282_at"	245.3	63.3	42.6	87.9	41.6	90.1	65.6	176.9	68.7	109
"D90359_at"	254.9	137.7	332.1	163.2	135.2	397.4	151.3	999.5	727.7	506.6
"H46990_at"	57.7	27.2	24.4	27.1	10	25	93.6	30.5	40.1	11.3
"HG1019-HT1019_at"	1134.5	330.9	1373.8	2262.3	687.1	1075.5	1054	826.3	1235.8	1030.6
"HG1034-HT1034_f_at"	65.6	245	45.6	29.6	34.4	58.8	110.8	44.3	63.4	58.6
"HG1067-HT1067_r_at"	208.6	384.9	363.3	4969.7	509	304.4	565.6	546.5	513.2	850.7
"HG1071-HT1071_at"	73	77.2	39.7	409.7	63.7	121.9	225.3	127.8	37.9	21.1
"HG1078-HT1078_at"	935	1611.8	864.9	1358.6	807.4	1102.6	543.5	1121.8	498.3	703.4
"HG1098-HT1098_at"	89.1	51.4	27.9	73.6	36.7	29.9	87.7	29.4	92.8	11.8
"HG110-HT110_s_at"	5044.2	7357.2	9333.1	4478.6	6106.9	7612.7	6779.1	7820.1	8207.4	8438.9
"HG1102-HT1102_at"	13111	8345.8	11455.1	4305.1	8214.9	15236.8	3845.8	16046.9	6181.6	7397.5
"HG1103-HT1103_at"	1896.9	811.4	389.4	181.1	501.5	3838.3	928.5	881.5	466.6	1014.8
"HG1111-HT1111_at"	499.3	392.5	36.1	473.3	145.1	211.8	238.2	53.3	39.2	133.9
"HG1112-HT1112_at"	5828.2	8459	9321.9	5371.3	5772.7	8741.7	5051	7480.9	8056.5	8058.1
"HG1116-HT1116_at"	3716.3	8069.8	3384.6	4212.4	2682.7	3712.8	1921.5	3346.4	2342.7	3106.9
"HG1139-HT4910_at"	180.3	83.9	442.2	518.3	520.8	570.6	161	348.6	376.4	301
"HG1140-HT4817_s_at"	871.3	548.8	958.8	340.7	744.1	781.6	1972.5	776.6	875.2	664
"HG1148-HT1148_at"	69	83	99.9	105.1	75.1	74	97.6	81	88.1	47.9
"HG1153-HT1153_at"	16204.8	15555	29983.6	12554	16505.4	15068	19128.1	15682.2	24415.7	23783.6
"HG1155-HT4822_at"	4785	4482.8	1720.4	2370.5	3508.5	12544.1	7972.3	4142.7	4243.7	7212.9
"HG1205-HT1205_at"	576.1	857.4	440.5	520	113.4	192.1	950.8	318.1	263	348.6
"HG1227-HT1227_s_at"	156.5	69	58.3	59.3	46.9	39.5	84.2	78.8	64.2	16.7
"HG1322-HT5143_s_at"	13329.4	27152.8	12860.7	19086.8	27249.5	20175.3	8621.9	14567.5	18277	21967.7
"HG1327-HT1327_s_at"	62.6	304.2	165	436.9	28.9	25.9	141.2	207	85.7	14.5
"HG1400-HT1400_s_at"	2561.7	1765.8	2616.3	3002.8	4278	3323.2	1984.1	2663.1	4093.6	3513.8
"HG142-HT142_at"	260.9	500.6	116.8	115.8	111.9	98.4	83.9	48.7	143.3	75.9
"HG1428-HT1428_s_at"	215.2	1159	3458	86544.1	871.8	8831.5	586	1216.9	1510.9	113.6
"HG1437-HT1437_s_at"	176.3	88.1	64.9	139.5	54.4	72.1	172.1	87.7	131.5	40.8
"HG1471-HT3923_s_at"	1670.7	1080.4	1772.6	3387.4	911.2	1936.4	1523.4	1830.6	1243.5	1777.2
"HG1496-HT1496_s_at"	96.8	106.3	77.8	109.9	95.9	75.9	82.7	325.6	261.9	75.6
"HG1515-HT1515_f_at"	10350.9	20272.1	20165.3	17013.9	15926.4	11347	7243.8	12963.9	14252.4	19283.4
"HG1595-HT4788_s_at"	12499	9622.7	10618.7	15065.4	14194.8	16102.7	15076.8	12379.8	14243.7	12836
"HG1602-HT1602_at"	133.6	646.4	456.5	1108.1	708.7	497.9	1060.5	962.6	415.3	567.7
"HG1604-HT1604_at"	209.5	270.9	471.3	110.5	733.5	492	226.8	1027.9	950.9	794.8
"HG1612-HT1612_at"	2469.3	3733.8	877.1	2234.7	2849.4	2021.4	1411.1	736.3	1952.4	2574.7
"HG1614-HT1614_at"	16875.1	10443	16972.5	11814.8	15560.9	13001.8	21609.6	18728.5	19073.3	15638.6
"HG162-HT3165_at"	3788	5225.9	15239.2	1241.2	12518.9	4404.8	2663.4	11184.1	13156.5	9612.3
"HG1649-HT1652_at"	561.1	949.2	1097.1	153.1	772.7	690.8	1701.6	890.5	1003	699.3
"HG167-HT167_s_at"	92.2	193.3	52.1	103.4	68.2	60.8	209.3	156.3	116.1	75.2
"HG1686-HT4572_s_at"	599.9	4251.3	841.9	739.1	6992.2	4492.1	706	603.4	1641.1	5258.4
"HG1699-HT1704_s_at"	118.3	413.5	28.3	49	29.5	58.5	52.3	67.9	49	46.9
"HG172-HT3924_at"	183.9	160.6	107.1	169.5	73	91.5	117.2	252	95.3	38.4
"HG1723-HT1729_at"	681.8	904.7	609.2	189.9	1287.2	4219.5	2325.5	1253.1	4006	1271.6
"HG1728-HT1734_at"	38.5	27.2	16	16.6	7.2	35.9	25.2	14.4	121.1	7.2
"HG1728-HT1734_s_at"	874	874.4	165	291.5	968.9	1030.6	1354.5	1019.6	1187.3	159.5
"HG1733-HT1748_at"	100.1	120.4	42.7	154	38.5	29.7	112.6	61.6	50.9	25.7
"HG174-HT174_at"	84.3	265.9	73.3	3306.6	178.5	133.9	109.5	169	166.9	42.9
"HG1747-HT1764_s_at"	345.9	296.8	164.9	495.5	207.3	299.1	352.5	439.2	218.3	160.1
"HG1751-HT1768_at"	285.1	2150.2	563.2	672.4	308.1	280.4	542.1	88.4	50.6	285.4
"HG1751-HT1768_s_at"	21.5	44.9	15.7	16.7	33.5	18.2	36.7	41.1	29.4	16.7
"HG1761-HT1778_s_at"	198.9	380.2	272.6	151	307.6	288.5	285.7	313.3	230.3	239.5
"HG1763-HT1780_s_at"	305.1	390.2	55.6	1521.9	90.2	55.4	268.7	60.9	13.6	54.5
"HG1783-HT1803_s_at"	345.8	141.6	351.5	163.8	184.2	65.7	297.8	184.5	218.5	91.5
"HG180-HT180_at"	94.2	115.1	152	76.1	38.8	70	100.7	147.2	109	74.1
"HG1800-HT1823_at"	77286.7	119898.3	60669.8	75164.6	88125.9	61443.9	78231.2	66079.2	78237.6	69509.1
"HG1804-HT1829_at"	702.7	952.2	462.9	314.4	479.7	294.3	198.7	1367.2	364.3	706
"HG1827-HT1856_s_at"	106.5	98.7	63.6	1205.6	80.7	162.4	418.5	52.4	283.5	35.4
"HG1828-HT1857_at"	152.5	587.6	616	564.3	561.4	262.3	73.9	698.8	248.7	414.2
"HG1862-HT1897_at"	23810.6	31225.4	23427.5	30953.6	18547.5	16434.4	10802.8	26379.6	29301.1	19384.9
"HG1869-HT1904_at"	6157.5	5062.8	6353.5	7309.4	3548.7	3779	3039	5410.9	5731.4	5267
"HG1872-HT1907_at"	30915.2	27327.5	51471.7	3601.8	7897.6	35658.8	22897.6	39603.2	7973.9	27976.1
"HG1877-HT1917_s_at"	463.5	371.8	323.9	305.4	206.9	322.9	508	454.1	311.2	70.1
"HG1879-HT1919_at"	4153.5	2071.5	2385.6	906	2242.4	2423.7	4092.3	3076.1	3800.2	5708.2
"HG1980-HT2023_at"	29376.8	75652.7	48319.4	157487.5	48906.8	58564.9	40072.9	16534.4	38947	47291.3
"HG1996-HT2044_at"	433.3	1046.5	383.8	487.7	627.6	1125.4	2803.4	1854.7	855.6	1441.7
"HG2007-HT2056_s_at"	78.8	638.8	465.9	159.8	852.3	173	393.1	173.4	149.9	236.8
"HG2028-HT2082_at"	778.2	569.8	442.3	678.8	534.4	128.4	705.8	422.6	688.8	200.3
"HG2036-HT2090_at"	1312.4	1002.6	1055.1	433.2	753.2	1828.1	1801.3	1110.6	1277.4	1069.1
"HG2059-HT2114_at"	3420.3	2229.4	5661	1033.6	2347.8	1942.3	4120.6	9805.7	4330.5	5367.1
"HG2075-HT2137_s_at"	548.7	49.4	473.4	775.7	120.3	275.8	655.2	486.6	182.9	207.6
"HG2090-HT2152_s_at"	6498.7	17736	22025.1	1815.5	23358.6	10912.7	20163.2	26763	24960.2	22683.6
"HG210-HT210_s_at"	1108	547.3	666.8	1134.2	657.2	383.4	866.5	940.6	810.1	484.9
"HG2139-HT2208_f_at"	61.6	43.6	49.5	53.7	106.2	25.2	100.5	46.1	31.1	28
"HG2147-HT2217_at"	2403.2	3110.9	1533.8	3489	1916.8	1953.5	3779	1902.4	2281.8	1739.5
"HG2147-HT2217_r_at"	782.4	1652	886.9	3631.7	1856.7	1109.3	3367.6	1757.7	1570.1	1265.9
"HG2148-HT2218_f_at"	781.6	925.3	468.4	1613.5	521.4	647	1317	891.8	648.3	451.5
"HG2149-HT2219_at"	66	93	545.7	740.3	779.8	320	398.1	539.8	337.2	522.6
"HG2152-HT2222_at"	85.9	157.9	113	309.9	101	145.7	129.2	108.5	127.6	158.4
"HG2157-HT2227_at"	1375.2	1452.8	604.6	8146	1222.2	944	1559.8	1422	946.8	846.7
"HG2160-HT2230_at"	14.2	15.5	18.6	44.9	7.7	8.4	294.4	32.4	27	4.1
"HG2161-HT2231_at"	418.9	272	328.1	305.7	360	693.5	821.5	359.1	400.1	247.9
"HG2167-HT2237_at"	8345.9	20786.3	6606	6466.5	11931.3	18679.7	4432.7	8162.7	7964	9918.8
"HG2171-HT2241_at"	93.4	160.6	61.9	51.2	49.8	76	308.2	61.3	206.4	38
"HG2171-HT2241_r_at"	263.2	255.6	220.5	211.7	136.4	173.2	311.3	225.5	180.3	153.4
"HG2175-HT2245_s_at"	242.8	229.1	48.4	428.4	194.7	64.8	112.5	308.5	220.1	17.6
"HG2188-HT2258_at"	204	234	118.9	96.9	86.6	125.2	167.1	61.8	60	78.4
"HG2190-HT2260_at"	231.9	303.5	165.5	313.1	271.7	274.6	386.7	226.7	215.5	156.6
"HG2191-HT2261_at"	159.6	229.1	425.6	253.2	220.7	311.5	495.3	238.7	257.6	159
"HG2197-HT2267_s_at"	1196.8	1273.6	1088.7	3010	818.2	1109.3	1491.3	903.1	1144.8	855.7
"HG2228-HT2305_at"	210.6	434.3	98.8	263.5	102.2	188.8	327	216.6	145	104.1
"HG2229-HT2306_at"	86.6	54.4	44.1	58.1	29.8	38.1	60.5	97.6	112.1	40.3
"HG2238-HT2321_s_at"	6538.2	6546.4	4273.1	10047.4	4819.8	7164.9	9303.4	6089.2	4563.4	3414.9
"HG2239-HT2324_at"	2636.5	905.6	1122.7	2061.6	1213.7	2834.1	5302.7	878.2	945.6	1257.8
"HG2239-HT2324_r_at"	3826.1	2816.3	1409.4	2354.2	1302.9	2367.9	1862.6	1616.1	1337.9	1997.2
"HG2247-HT2332_at"	214.7	524.2	425.3	1410.4	1077.7	359.1	580.1	754.5	423.2	808
"HG2255-HT2344_f_at"	112.7	49	179.8	132.9	53.6	115.5	104.5	278.9	92.3	19.4
"HG2259-HT2348_s_at"	178.1	108.5	107.8	6459.9	117.3	438.7	1357.1	131.9	146	87.6
"HG2260-HT2349_s_at"	477.4	79.9	390.2	420.3	364.6	145.2	86.9	199.1	50.5	91.1
"HG2261-HT2351_s_at"	269.3	698.8	442.9	142.2	569.4	339.3	91.7	369.3	236.2	212.7
"HG2261-HT2352_at"	417.3	687.1	1408.6	854.5	496.6	626.6	3035.7	2205.3	652.6	1234.2
"HG2264-HT2360_at"	771.9	324.7	570.7	1491.6	765.8	633.9	912.4	904.5	234.5	488.1
"HG2271-HT2367_at"	262.5	270	128.2	308.4	68.7	71.1	255.3	106.2	46.9	74.3
"HG2271-HT2367_s_at"	42.9	158.8	108.7	151	179	56.7	459.8	60	73.5	130.1
"HG2274-HT2370_at"	2233.4	2435.7	4480.1	15612.2	2542.6	1745.7	3064.6	3634.2	4052.8	3190.6
"HG2279-HT2375_at"	27176.8	27231.7	25125.4	18221.9	21288.5	27838.3	68191.3	27989.8	28815.4	23938.9
"HG2280-HT2376_at"	1547	1152	1376.5	3714.2	1776.1	1202.1	2495.4	1946.9	1130.9	1236.1
"HG2290-HT2386_at"	576.3	185.1	858.1	696.4	104.6	191.4	773.7	175.4	341.2	225.4
"HG2309-HT2405_at"	33.5	33	25	58	464.6	44.8	19.8	17	56.3	70.8
"HG2314-HT2410_at"	180.5	199.4	371.7	187.8	46.6	177.6	165.6	354.4	57.8	45.9
"HG2320-HT2416_at"	785	740.2	683.5	1444.7	811	905.3	1031.6	1264.2	877.7	878.9
"HG2325-HT2421_at"	830.6	959.1	1045.5	2033	1017.9	1166.4	2109.7	1344.8	866.2	901.9
"HG2339-HT2435_at"	743.8	307.9	165.5	848.9	128.4	121.6	713.5	260.8	171.8	88.9
"HG2348-HT2444_s_at"	459.6	305.3	954.1	1686.9	1536.6	1116.1	567.4	622.4	494.3	545.5
"HG2358-HT4858_s_at"	132.2	103.1	121.9	156.4	133.8	78.5	114.1	117.3	84.1	59.8
"HG2365-HT2461_at"	542.9	854.9	517.9	710.6	737.7	561.8	407	307.4	648.3	506.3
"HG2367-HT2463_s_at"	417.8	341	279.8	110.9	221.2	373	117.5	336.4	150.7	159.7
"HG2379-HT3996_s_at"	161.4	82.1	95	179.1	217.4	83.5	157.2	122.4	122.3	251.9
"HG2379-HT3997_s_at"	540.1	161.3	230.2	233.5	29.4	63.7	168.3	251.7	314.6	41.8
"HG2380-HT2476_s_at"	164.3	99.2	271.3	85.1	89.6	86.7	201.2	126.6	95.4	117.6
"HG2383-HT4824_s_at"	625.7	517.7	958.6	147.7	696.1	873.2	1232.2	1990.6	585.4	2606
"HG2414-HT2510_s_at"	126	116.3	122.1	122.9	94	120.2	125.5	119.6	107.5	86.7
"HG2415-HT2511_at"	1509.2	664.4	1200.5	1527.3	917.5	1243.7	1112.8	1520.2	831.6	1226.8
"HG2416-HT2512_at"	31.7	37.6	27.2	58.6	220.9	57.1	30.6	49.3	41.6	107.6
"HG2417-HT2513_at"	227.9	332.2	111.5	120.6	90.1	214	747.3	272.3	98.4	67.6
"HG243-HT243_s_at"	1107.7	941.3	1195.7	1096.1	1102.5	896.6	915	1612.4	1350.6	870.4
"HG2441-HT2537_s_at"	358.3	454.7	400.6	732.9	254.9	344.9	517.5	334.2	520.7	348
"HG2442-HT2538_at"	280.2	419.5	158.2	215.9	384.2	105.8	483.1	163.4	318.2	235.4
"HG2460-HT2556_at"	233.9	275.6	149.5	70.3	107.6	54.8	147.9	131.1	133.1	29.6
"HG2463-HT2559_at"	1476.4	1724.2	1066.7	131.9	2230.2	1080.6	4754.6	791.4	2313.1	2040.1
"HG2465-HT4871_at"	135.1	220.4	393.6	1870.8	141.5	239.4	35.1	214.1	265	100.9
"HG2479-HT2575_at"	310.5	80.5	39.9	107.4	27.7	34.3	92.3	24.6	29.1	23.2
"HG2479-HT2575_s_at"	245.3	241.9	369.8	316.7	383.3	84.6	61.2	233.4	28.7	193.2
"HG2480-HT2576_at"	2571.4	134.7	1554.4	928.3	649.2	1173.9	1999.1	4736	4263	2609.4
"HG2492-HT2588_at"	123.6	146.8	107.7	142.2	107.9	113.9	246.4	128	147.7	78.1
"HG2507-HT2603_at"	154.3	194	151.8	113.5	84.5	105.7	293.7	87.6	161.7	56.8
"HG2510-HT2606_at"	84	21.2	178	108.4	44.8	43.3	46.3	38.9	98.4	22.7
"HG2525-HT2621_at"	761.8	1282.4	1044.2	2868.6	1811.6	869.1	1383.2	1666.8	750.1	961.5
"HG2530-HT2626_at"	24.4	33.9	13.2	2404.8	11.7	16.4	29.1	30.5	20.1	13.9
"HG2538-HT2634_at"	75.4	300.7	121.3	236.6	173.7	177.2	274.7	181.9	110.9	13.2
"HG2562-HT2658_s_at"	128.6	206	25.7	149.8	65.1	68.9	38.5	228.6	277.7	21.3
"HG2564-HT2660_s_at"	37.1	66.4	33.4	43.3	5.5	9.6	28.8	9.8	11.1	5.5
"HG2566-HT4792_r_at"	769.8	679.2	766.7	991.4	618.6	865.3	1415.6	1006.9	841.7	518.8
"HG2566-HT4867_at"	3259.5	3532.6	2360.5	4803.8	2226.3	2593.2	5959.9	4099.1	3588.9	2237
"HG2573-HT2669_at"	250.5	346.9	504.9	971.5	558.7	294.4	454.7	421	784.1	426.6
"HG2591-HT2687_s_at"	171.9	189.1	283.2	374.1	161.1	202.3	355.1	258.1	308.4	161.4
"HG25930-HT26386_at"	134.9	92.4	107.4	263.7	141.9	253.1	487.3	256.7	95.1	58
"HG2600-HT2696_at"	88.3	177.9	113.5	148.5	73.6	75.9	104.7	104.7	76.6	48.2
"HG2602-HT2698_at"	71.7	94.4	43.4	123.8	33.3	39.2	160.7	40.8	72.1	16.2
"HG2604-HT2700_at"	117	219.6	103.8	191.6	108.5	136.2	273.5	143.2	120	45.5
"HG2614-HT2710_at"	707.1	181.6	165.9	279.1	194.9	192.8	1407.8	224.9	106.1	166
"HG2639-HT2735_s_at"	6525.8	8499.2	4213.1	1877.6	5307.7	10519	4004.2	6089.9	4059	5922.7
"HG2649-HT2745_s_at"	1147.9	521.1	214.9	788.8	129.7	520.1	1371.9	524.6	188.9	389.6
"HG2662-HT2758_at"	174.7	162	256.3	224.7	232.8	137.1	481.6	218.6	189	104.2
"HG2663-HT2759_at"	97.9	168.4	81.4	112.4	96.1	63.6	326	128.2	153.7	77.9
"HG2668-HT2764_at"	1226.8	349.5	615.2	1146.7	558.6	921.7	1136.5	540.8	1030.9	535.6
"HG2686-HT2782_at"	142.9	71.7	66.8	1403	310.2	167.8	74.9	376.2	163.3	58.6
"HG2689-HT2785_at"	873.1	191.3	490.8	1480.3	245.4	300.1	217.1	686.2	213.6	140.3
"HG270-HT270_at"	924.6	391.6	514.5	806.5	444.2	349.4	704.1	638.7	470.3	294.6
"HG2702-HT2798_r_at"	1063.5	727.3	789.4	1080.6	811.2	569.3	1420.1	1311.8	854.3	858.4
"HG2705-HT2801_s_at"	1294.6	812.8	553.4	581.5	999.9	741.8	1271	684.8	572.8	405.6
"HG2706-HT2802_at"	93	76.2	21.4	208	25.2	24.9	131.7	93.3	33.4	19.3
"HG2707-HT2803_at"	174.5	166.3	63	150.8	480.5	170.3	242.7	134.8	148.3	344.7
"HG2709-HT2805_at"	279.4	436.9	32.6	100.9	98.4	98.4	151.4	94.7	356.9	58.4
"HG2714-HT2810_at"	56.3	67.2	26.3	65	22.8	37.1	69.7	60.7	38.1	27.2
"HG2715-HT2811_at"	1407.2	1155.7	1600.3	2272.6	1762.6	1653	687.2	1660.5	597.5	1449.7
"HG2723-HT2819_at"	97.7	122	71.8	165	69.3	133.1	187.9	126.6	127.4	51
"HG2724-HT2820_at"	8088.5	8920.1	12091	1062.4	5276.6	5114.5	11733	3127.7	10250.6	9759.5
"HG273-HT273_at"	243.6	71	77.2	53.9	561.1	104.3	1185.5	438.4	102.5	668.8
"HG273-HT273_s_at"	1180.8	809.5	1248.8	991.5	1271.9	1110.2	1872.7	689.6	750.6	272.3
"HG2730-HT2827_s_at"	240.5	125.1	268.1	118.3	83.4	122.3	508	120	356.5	153.6
"HG2730-HT2828_s_at"	183.4	93	170.1	170.4	12.4	14.9	23.9	91.1	198.1	10.2
"HG274-HT274_s_at"	864.8	1034.8	396.6	1743.7	599.3	632.7	1182	1038.2	869.6	870
"HG2743-HT2845_at"	159.5	459.7	202.6	228.1	79.5	108.4	136.6	170.5	180.6	91.7
"HG2743-HT2846_s_at"	38.1	18.6	38.2	84	173.5	13.2	198.2	13.8	29.8	18
"HG2743-HT3926_s_at"	27.8	24.7	6	13.2	3.6	6.2	27.4	4.7	5.7	1.9
"HG2755-HT2862_at"	42.1	48.5	23	1813.6	7.8	38.6	83	31.3	8.9	5.5
"HG2788-HT2896_at"	122585	139076.1	83883.6	80213.2	63098.8	65821	119907.2	48294.5	69154.9	59399.6
"HG2796-HT2904_at"	516.1	668.9	274.3	153.4	678	100.5	342.5	354.6	522.3	365.2
"HG2797-HT2905_at"	115.3	39.9	23.1	32.1	14.1	30.9	35.4	31.2	25	19.8
"HG2797-HT2905_s_at"	16.9	17.8	9.7	21	8.6	9.7	43.1	23.3	10.9	10.1
"HG2797-HT2906_s_at"	2510.3	1481.2	1393	2186.4	501.5	1628.3	4915.5	1775.4	1613.3	2083.7
"HG2809-HT2920_s_at"	1908.6	1356.8	1079.2	2552.4	1551.8	1140.3	1513.4	1741.3	1350.5	1386.3
"HG2810-HT2921_at"	46.9	272.1	174.3	577.3	147.5	157.8	45.4	511.3	361.8	160
"HG2815-HT2931_at"	117392.4	130113.9	108570	46198.5	64468.7	72505.8	101891.8	55152.9	72495.1	49043.1
"HG2815-HT2931_s_at"	26889.7	27311.8	34127.2	10701.1	20047.4	11864.9	44314.7	13367.3	26916.4	13213.7
"HG2815-HT4023_s_at"	154089.1	182374.5	112354.2	82560.4	110872.3	82713.1	206299.1	64057.9	87110.2	71510
"HG2825-HT2949_at"	2559.6	1640.9	1597.1	2160.3	1860.2	1820.7	2642	3979.7	2540.1	2226.5
"HG2841-HT2968_s_at"	351.1	445.4	35.7	749.4	267.7	255.7	63	415.6	327.2	219.2
"HG2841-HT2969_s_at"	72.2	81.4	189.8	95.9	28.8	25.2	177.3	45.3	242	17.2
"HG2841-HT2970_at"	36.7	189.4	6.8	97.5	12.1	0.7	216.8	187.2	11.5	34.6
"HG2846-HT2983_at"	293.8	319.5	660.5	716.4	818.5	274.5	203.1	975.5	674.2	457.7
"HG2850-HT4814_s_at"	506.9	273.3	465.7	160.2	526.6	346	658.5	433.4	108.6	380
"HG2855-HT2995_at"	8150.1	41644.1	27951.6	19328.6	29855	14588.1	9065.3	16614.9	18031.6	24444.7
"HG2868-HT3012_s_at"	1097.3	1094.4	1304	1564.7	1760.2	3072.1	1504.8	1262.9	1128.8	1819.8
"HG2873-HT3017_at"	61681.8	97255.4	93179.5	71839.2	85418.4	54662.9	93229.1	56753.5	75163.3	67658.4
"HG2874-HT3018_at"	897	292.1	742.3	1744.7	689.1	463.9	682.5	566.2	810.6	579.8
"HG2887-HT3031_at"	274	628.6	326.7	330.6	214.6	241.6	366.6	405.1	291.1	197.8
"HG2887-HT3031_r_at"	433	463.8	304	625.1	302.8	769.3	3035.1	1114.1	379.5	286
"HG2915-HT3059_f_at"	87950	50912.4	51595.5	9416.3	34173.2	57725.4	36556.7	37530.4	38729.7	40047.7
"HG2917-HT3061_f_at"	100410.8	58199.6	51212.9	7824	30206.8	61982.1	46331.8	39651.5	35240.7	36666.6
"HG2936-HT3080_at"	42.9	167.5	132.5	205	32.2	28.2	369.8	39.1	165.2	12.7
"HG2981-HT3125_s_at"	5897	4411.3	5087.1	1055.9	7626.4	10093.4	4209.4	4607.4	4476.5	6783.5
"HG2981-HT3127_s_at"	1609.4	8444.9	1855	1531.2	10590	11207.1	1566.3	2493.6	2521.2	2918.1
"HG2981-HT3938_s_at"	500.5	2810.2	690	118.4	1591.1	2867.9	76.9	489.7	817.4	581.1
"HG2987-HT3136_s_at"	63.1	168.8	181.8	294.7	54.4	15.2	313.3	202.8	63.2	35
"HG2992-HT5186_at"	1916.6	1392.8	1036	647.4	1337.2	1438.4	2834.7	1250.1	921.4	1224.9
"HG2994-HT4850_s_at"	1180.9	997.7	443.1	1777.4	889.6	1395.7	774	1030.5	825.7	924.8
"HG2999-HT4756_s_at"	65.7	168.5	65.5	86	164.2	80.3	149.5	49.9	216.8	61.8
"HG3033-HT3194_at"	600	555.7	502.2	544.2	441.7	636.8	1100.1	775.3	651.5	662.5
"HG3033-HT3194_r_at"	10165.7	7191.9	10280.6	3887.3	7698.6	11190.6	16431.7	11272.2	6639	10325.8
"HG3039-HT3200_at"	7040.2	4053.3	6095.6	7082.3	5610.7	3596.2	8684.2	7483.3	5614.5	4681.7
"HG3044-HT3742_s_at"	2321.4	44437.9	37123.1	388.8	36555.2	45850.4	49659.8	61868	57936.4	33453.6
"HG3063-HT3224_at"	65.4	59.9	27.6	103.4	44.3	34.6	256.9	23.8	18.5	14.3
"HG3075-HT3236_s_at"	275.2	285.1	329.1	1839.7	321.9	241.4	664.9	449.6	203.3	240.5
"HG3076-HT3238_s_at"	7997.7	5752	8028.9	13482.3	13500.2	12224.5	5644.8	8342.4	8189.4	12658.6
"HG3085-HT3254_s_at"	88.5	17.5	12.3	384.7	110.8	111.1	32.1	204.6	28.7	26.6
"HG3088-HT3263_at"	414.8	627.3	1303.9	845.8	648.2	590.8	237.3	1227.2	1223.7	1134.9
"HG3104-HT3280_at"	706.7	321.4	328.8	573.4	365.6	468.1	546.3	491.4	427.5	336.1
"HG3105-HT3281_s_at"	43.8	54.8	168.6	1062	85.5	31.8	456.1	259.7	246.5	14.5
"HG3107-HT3283_s_at"	687.2	899.8	497.9	569.1	495.3	366.6	418.8	808.9	676.8	315.3
"HG311-HT311_at"	20472.5	36316.2	38293.2	33324.3	27933.5	20990.1	21265.2	25907.1	27631.9	34478.8
"HG3111-HT3287_at"	314.6	50.2	23.2	213.1	41.3	45.7	106.2	191.2	13.5	12.8
"HG3115-HT3291_at"	355.2	145.9	1227.4	279.9	674.7	147.7	1136.3	788	708	767.5
"HG3117-HT3293_at"	46.5	51.6	71.6	89.8	16.7	29.2	58.4	28.9	20.2	15.4
"HG3123-HT3299_at"	118.8	219.1	330.7	143.1	64	68.3	132.9	82.5	63.9	106.4
"HG3125-HT3301_s_at"	878.5	485.9	804.5	910.9	637.8	780.9	631.6	282.6	369.3	599.1
"HG3132-HT3308_at"	45.2	58.7	63.3	543.3	383.4	39	95.7	102.4	243.1	26.9
"HG3137-HT3313_at"	39.6	82.4	125	63.2	44.7	308.3	38.6	71.3	255.1	23.5
"HG3141-HT3317_f_at"	457.5	1130.7	1506.1	148.8	529.1	202.2	4114.4	545.5	2274	920.1
"HG3148-HT3324_s_at"	1807.5	1244.6	927.1	2588.1	1382.9	1834	2695.6	2033.9	1793.1	1022.2
"HG315-HT315_at"	388.1	283.1	356	276.8	477.1	303.2	548.5	279.7	272	372.8
"HG3162-HT3339_at"	419.5	615.9	389.2	965.3	231.1	487	737.6	883	573.5	362.4
"HG3175-HT3352_at"	633.7	812.9	200	645.4	637	226.8	1140	499.2	338.5	282
"HG3187-HT3366_s_at"	280.3	325.3	236.1	1820.9	198.1	181.6	35	74.5	397.4	114.1
"HG3214-HT3391_at"	94691.2	155325.8	106308.3	78666.2	97970.2	73526.8	117961.7	53637.2	73086.5	71411.1
"HG3227-HT3404_at"	814.4	556.5	731.1	1551.6	915.5	1040	1082.8	1416.7	302.9	805.7
"HG3231-HT3408_at"	339.3	182.8	193.8	587.4	271.5	240.4	101.6	221.3	173.3	276.9
"HG3236-HT3413_f_at"	1908.9	2717.4	1006.7	1758.8	1838.7	1189.7	3965.1	1732.4	1112.6	1442.7
"HG3238-HT4861_s_at"	37.3	45.8	14.1	22.7	44.1	38.2	59.7	36.8	20.2	14.7
"HG3242-HT3419_s_at"	524.9	376.8	295.2	1507.6	177.2	257	129.9	247.9	89.6	467.5
"HG3242-HT4231_s_at"	222.2	588.5	146	549.2	104.5	91.9	231.2	181.8	191.9	97.5
"HG3248-HT3425_at"	48.2	71.2	20.9	89.2	16.5	48.2	588	47.9	115.7	35
"HG3254-HT3431_at"	1359.7	1235.6	848.6	1209.7	1078.8	1097.7	1202.5	2131.8	1338.2	1105.7
"HG3255-HT3432_at"	489.4	860	558.3	932.7	598.6	710.2	710.5	753.9	420.9	392
"HG3264-HT3441_at"	51	84.3	51	74.8	63.3	62.1	197.6	136.8	55.7	84.6
"HG3286-HT3463_at"	3266.1	2360.3	1785.1	3202.3	2174.3	1680.1	3302.9	2339.2	2524.1	1683.5
"HG3288-HT3465_at"	302.3	43	260.6	378.4	174.7	40.3	48.1	307.9	42.2	157.4
"HG3299-HT3476_at"	157.9	159.9	125.4	128.4	79.6	70.3	64	163.4	171.2	53.7
"HG33-HT33_at"	18613.2	25582.1	52477.9	64778.8	53253.5	31140.5	19103.8	36947.9	43258.6	48064.7
"HG331-HT331_at"	32.3	28.4	24.2	88.2	15.4	35.6	23.8	34.7	24	9.9
"HG3313-HT3490_at"	52	35.3	24.8	39.9	19.5	43.9	147.6	56.4	53.1	32.5
"HG3319-HT3496_s_at"	35.9	364.7	338	347.5	82.2	181.9	288.6	299.5	231.9	79.1
"HG3327-HT3504_s_at"	139.1	168	73	314.9	57.7	51.9	94.9	70	42.7	49.9
"HG3342-HT3519_s_at"	1076.6	2490.2	1080.4	5900.2	789.4	1002.8	1133.1	699.7	1301.7	698.9
"HG3344-HT3521_at"	1551.1	3481.7	1724.4	709.5	1835.5	1845.7	1220.1	2275.5	1292	1961.8
"HG3345-HT3522_at"	85.7	554.7	395	354.2	112.3	134.2	81.3	85.6	67.1	233.1
"HG3355-HT3532_at"	1728.5	1536.2	1484.4	1117.5	1302.1	1026.1	2295.1	1264.9	1523.8	834.8
"HG3362-HT3539_s_at"	202.9	494.4	178.9	180.9	59.4	198.3	1118	138.7	121.8	93.7
"HG3364-HT3541_at"	58584.5	101254.3	84632.5	70702.8	69425	46121.1	62281.2	49296.9	62551.3	62324.6
"HG3369-HT3546_at"	196.9	502.7	356.9	992.5	381.6	144.8	280.6	173.6	430.7	246
"HG3395-HT3573_s_at"	4943	3316	3437.5	9421.9	2793.1	3374.3	4758.1	3802.6	2701.5	1540.5
"HG3400-HT3579_at"	179.4	174.7	121	169.7	93.5	113.1	202.2	111.2	132.1	73
"HG3405-HT3586_at"	174.8	119.6	125.9	203.8	51.4	33.7	73.6	195.2	131.2	48
"HG3412-HT3593_s_at"	397.9	248	177.5	469.9	139.3	198.4	126.4	139.7	188.9	163.2
"HG3415-HT3598_at"	2902.6	3139.9	2421.2	1791.7	1698.1	7560	2200.3	3011.9	1979.7	1748.4
"HG3417-HT3600_s_at"	708.9	972.6	470.9	376	1577.9	2707.5	75.5	399.1	356.6	550.1
"HG3426-HT3610_s_at"	55.8	38.2	344.2	434.3	396.1	129.1	295	514.3	756.9	949.7
"HG3431-HT3616_s_at"	71.4	121.8	13.5	16.3	19	6.8	25	85.9	20.2	6.8
"HG3432-HT3618_at"	1484	614.4	1197.7	1161.6	1162.4	1030	1930.4	1162.5	1222.6	1243.3
"HG3432-HT3620_s_at"	651.5	198.1	417.5	1718.7	314.3	305.8	132.5	870.1	182.9	145.3
"HG3432-HT3621_at"	52.4	46.8	52.5	350.4	209.3	293.3	727.5	214.5	18	28.5
"HG3437-HT3628_s_at"	269.6	522.8	1179.2	1375.5	920.3	334.7	810.9	1083.1	1129.6	575.9
"HG3454-HT3647_at"	409.5	667.5	435.9	1117	1042	788.3	1135.4	741.9	977.1	616.1
"HG3477-HT3670_at"	137.6	94.8	929.9	101.8	107.6	129.8	374	216.7	97.5	127.2
"HG3484-HT3678_s_at"	1098.2	3777.3	4406.2	2886.9	3876	2472.1	944.2	1417.4	2820.6	3529
"HG3491-HT3685_at"	249.8	257.3	133.7	376.7	127.6	163.2	286.1	229.6	147.8	117.5
"HG3492-HT3686_at"	4144.7	4835.3	4108.1	6747.1	2920.2	3643.8	5070	3767.2	3273.4	2814.5
"HG3494-HT3688_at"	78779.4	99168.6	46852.2	22836.4	76505	52785.1	34200.6	47746.9	68371.8	55499
"HG3495-HT3689_at"	117.8	53.7	56	66.3	101.4	83.4	288.9	156.8	222.4	51.6
"HG3502-HT3696_at"	94.9	113.4	56.4	360.8	86.5	78.9	58.4	433.8	54.1	87.3
"HG3510-HT3704_at"	46.5	252	84.6	1102.4	69.3	33.1	146.4	309.8	82.4	31.5
"HG3513-HT3707_at"	269.4	416.8	402.2	306.2	264.1	21.3	14.4	376.4	404.6	82.5
"HG3514-HT3708_at"	45008.3	42412.9	41924.3	20929.6	46082	46729.9	49183.6	38256.6	54120.6	43493.6
"HG3517-HT3711_at"	1525.5	1591	3241.4	239.2	2950.9	823.8	2510.5	3767.4	3081.2	2604.2
"HG3521-HT3715_at"	4648.8	5316.3	5483.9	1992.1	8117.9	8386.2	3070.9	6943.6	7306	6413.6
"HG3523-HT4899_s_at"	1703.4	658.2	1277.8	1395.6	1456.6	1057.5	2521.6	1437.9	1675.3	1487.9
"HG3527-HT3721_f_at"	2274.8	2987.3	1874.4	3065.7	2088.2	2587.5	5143.8	2590.8	2808.5	2723.9
"HG3543-HT3739_at"	932.4	830.1	893.3	1603	1223.3	817.3	1264.4	912.3	1076	689.2
"HG3546-HT3744_s_at"	300.9	130.7	378.4	229.6	499.7	209.7	504.2	771.7	420.4	428.8
"HG3548-HT3749_at"	1408.8	1227.4	1327.2	3766.4	2335.7	1612.4	1638.4	1498.1	2411.7	2753.4
"HG3549-HT3751_at"	63836.2	65345.7	82696	59114.7	58350.3	46580.4	70983.9	53137.9	68544.1	67983.2
"HG3565-HT3768_at"	312.1	824.5	71.3	196.4	153.3	206.7	216.7	188.6	80.4	441.8
"HG3565-HT3768_r_at"	249.3	365.2	331.4	415.2	212.7	515.6	1996.8	564.3	339.1	310.6
"HG3566-HT3769_at"	677.1	160.3	618.3	1645.2	857.2	554.8	1431.9	840.7	364.9	661.4
"HG3570-HT3773_at"	315.1	714.1	164.4	1345.9	671.6	618.1	1966.7	534.5	844.1	525.7
"HG3576-HT3779_f_at"	107113.6	95733.5	124425.5	12669.2	97524.4	88068.7	143418.6	85863.1	82433.3	78945.4
"HG3578-HT3781_at"	555.6	717	865.8	322.9	589.7	358	680	942.2	472.6	610.3
"HG358-HT358_at"	1444.4	1671.4	1228	2917.1	1778.6	1608.5	3010.1	1910.7	1450.4	1265.9
"HG3597-HT3800_f_at"	50027	39315.4	29615.1	15460.8	37259	38390.4	38628.9	37028.4	22444.8	39362.2
"HG36-HT4101_s_at"	672.5	321.9	652.2	875.9	546.9	383.8	794.7	768	791.3	642
"HG3627-HT3836_at"	1057.6	788.2	726.5	980.5	767.3	361.2	358.9	811.8	183.4	581.1
"HG363-HT363_at"	1300.1	501.1	769.7	1343.2	585.1	464.8	1424.3	1165.9	424.8	552.9
"HG3635-HT3845_f_at"	793.3	498.6	479.5	586.7	519.1	412.8	565.4	594.9	530.3	454.2
"HG3636-HT3846_at"	932.2	852.7	963.3	613.4	481.8	775.7	1704.2	1386.8	852.4	880.5
"HG3638-HT3849_s_at"	282.7	109.8	617	4599	57.6	218.1	81.2	450.6	486.4	891.8
"HG3638-HT3993_s_at"	372	307.4	865.4	2302.1	448.4	538.9	189.8	456.6	150.8	346.3
"HG37-HT37_at"	352	527.5	505.9	291.8	334.2	594.3	528.9	815.3	599.8	401.5
"HG3703-HT3915_s_at"	351.1	28.8	58.5	55.6	36.4	29.7	150.8	76.7	66.9	29.2
"HG3707-HT3922_f_at"	131.1	173	65.9	117.5	73.4	79.9	267.1	118.2	121.5	89.4
"HG371-HT1063_s_at"	131.4	142	23.5	32.6	36.3	44.3	131.9	36	93.9	18
"HG371-HT26388_at"	2947.2	4168.7	2872.5	3788.7	2943.1	3886.3	7104.1	1466.4	3461.1	2933.1
"HG371-HT26388_s_at"	454.5	947	270.6	13255.3	147.5	396.4	221.8	128.4	120.4	50
"HG3725-HT3981_s_at"	435.7	1430.8	379.6	1574	192	1197.3	662.9	1612.4	1097.9	790.8
"HG3729-HT3999_f_at"	301.8	450.5	604.1	394.8	281.7	79.1	757.6	650.7	562.6	98.5
"HG3730-HT4000_s_at"	6442.4	4741.5	6257	1163.8	4153.1	4402.2	7916.3	6872.1	5621.5	3941.4
"HG3731-HT4001_at"	100.2	69.9	66.2	226.3	33.3	123.7	120.3	48.6	45.7	16.6
"HG3731-HT4001_r_at"	1526.3	232.7	530.4	576.8	87.4	1016.9	628.4	174.1	821.2	513.8
"HG3733-HT4003_at"	140.5	136.9	69.8	206.9	115.3	58.5	162.7	122.7	164.6	82.8
"HG3740-HT4010_at"	310	207.4	349.3	238.7	261.2	128.6	459.1	699	328.6	155.1
"HG3748-HT4018_at"	486.9	181.5	2082.8	1137.7	715.3	866	940.4	1792.5	1261.9	1148.9
"HG3790-HT4060_at"	48.9	107.1	49.9	24.4	19.4	52.7	58.9	100.4	52	11.6
"HG384-HT384_at"	9125.6	8090.4	14913.3	11940.8	16272.8	9891.3	9016.1	13525.1	13561.4	14255.7
"HG3859-HT4129_at"	107	331.6	314.2	417	230.4	54.7	341.5	180.9	90.8	68
"HG3872-HT4142_at"	369.6	60.8	115.4	95.9	72	62.8	377.6	110.2	57.5	65.1
"HG3884-HT4154_at"	614.8	728.5	177.8	394.4	157.5	184.4	297.4	258.1	318.6	142
"HG3893-HT4163_at"	375.7	262.9	319.2	121.4	193.6	344.3	499.3	302.4	328.8	62.2
"HG3897-HT4167_at"	88.2	33.9	248.9	96.4	35.2	38.3	60.7	51.4	58.8	37.8
"HG3914-HT4184_s_at"	2337.4	1022.9	1784.5	2405	1283.5	1542.9	2910	2887	2043.2	1375.3
"HG3920-HT4521_s_at"	164.5	700.1	224.3	1018.6	595	713.4	1051.9	1205.3	616.2	543.4
"HG3921-HT4191_f_at"	475.4	212.5	1129.4	1143.7	733.8	958.8	2135.5	968.5	887.4	441.4
"HG3925-HT4195_at"	340.1	490.9	783.6	1265.2	922.9	371.3	79.4	676.1	482.8	946.1
"HG3925-HT4195_s_at"	1287.6	938.4	389.8	660.8	345	725.1	1545.2	763.9	487	569.5
"HG3928-HT4198_at"	515.2	5041.7	2032.6	2318.8	1193.8	1444.5	3266.5	2271.5	177.4	484.6
"HG3928-HT4198_s_at"	59	68.7	41.7	45	35.4	43	118.7	55.1	39.1	20.4
"HG3930-HT4200_at"	670.4	636.8	821.1	588.7	1062.7	1051	1202.6	1413	771.1	800.6
"HG3934-HT4204_at"	479.8	830.7	854.8	353.5	199.9	72.3	345.7	231.6	78.7	108.2
"HG3936-HT4206_at"	781.1	574.2	173.5	445.7	228.4	512.3	842.2	461.9	510.3	163.5
"HG3942-HT4212_at"	287.7	808.3	501.5	347.6	199.1	195	431.4	298.9	294.7	179.1
"HG3945-HT4215_at"	7187.3	2895.6	2913.2	7570.8	298	1701.7	564.6	490.3	394.9	240.1
"HG3954-HT4224_s_at"	662.5	2705.6	515	361.2	869.1	320.5	343.8	1072.5	583.9	241.7
"HG3962-HT4232_at"	109.8	139.4	108.4	93.7	66.5	47.1	98.9	113.5	99	76.2
"HG3971-HT4241_at"	451.9	747.5	171.8	545	450.3	137.3	590.6	696	460.3	427.9
"HG3976-HT4246_at"	40.3	309.6	385	346.7	201.9	151.8	347.8	484.5	317.9	45.1
"HG3985-HT4255_at"	135	143.2	374.1	432.9	511.1	105.6	213.4	248.4	93.4	289.7
"HG3987-HT4257_at"	260.4	892.1	306.7	563.1	938.2	675.7	3274.2	715.1	1124.5	335.7
"HG3989-HT4259_at"	211.1	105.2	117.8	110.9	69.7	124	356.8	92.8	76	139.8
"HG3991-HT4261_at"	414.9	403.3	312.4	412.2	343.6	708	242.2	473.7	242.3	515.8
"HG3991-HT4261_r_at"	1929	2514.4	1595.1	2524.8	1944.6	772.7	886	1632.6	895.3	1097.3
"HG3992-HT4262_at"	94.9	482.6	72	246	51.3	109.9	274.1	324.5	230.3	73.7
"HG3993-HT4263_at"	69.1	42.6	47.6	84.4	52.4	45.7	227.7	57.9	45.4	33.2
"HG3994-HT4264_at"	2252.3	2765.2	1873.6	2944.9	2106.9	2375.6	3387.1	2630.7	1799.6	2006.2
"HG3995-HT4265_at"	3230.1	2027.2	3261.3	4411.5	2248.1	4119.4	12027.1	4118.4	3976.3	2417.8
"HG3996-HT4266_at"	72.9	91.9	33.7	69.3	32	65	85.6	49	57.3	42.5
"HG3998-HT4268_at"	448.2	948.2	2256.1	278.2	1652	919.6	1296.5	2760.2	2254.2	1795.2
"HG3999-HT4269_at"	99.8	153.4	60	163	83.8	117.2	143.9	119.5	145.4	97.5
"HG4011-HT4804_s_at"	687.9	283.1	699.9	1635.7	297.4	976.5	1552.7	539.9	1262.8	447.7
"HG4018-HT4288_at"	405.7	120.8	95.4	170.6	123	151	945.8	306.6	215.7	83.5
"HG4020-HT4290_s_at"	847.5	656.8	959.3	1210.2	792.3	928.5	1662.5	1084.8	1191.7	582.7
"HG4027-HT4297_f_at"	122	168.4	59.7	72.7	147	76.4	73.4	81.5	121.9	49.1
"HG4036-HT4306_at"	1013.6	1112.9	1167.7	2458.4	1278.6	1365	1133.9	1516.6	703.3	1282.9
"HG4051-HT4321_at"	698.6	457.1	646.3	643	142	241.3	582.3	273.9	242.9	148.9
"HG4052-HT4322_at"	348.8	98.7	55.6	145.1	112.2	211.5	38.7	106.3	105.5	79.8
"HG4058-HT4328_at"	69.8	243.4	274.3	7178	28.8	60.8	501.3	85.2	58.1	41.4
"HG406-HT406_at"	1144.1	1336.6	748.8	1084.4	1071.4	789.7	1965.7	917.1	729.6	650.3
"HG4063-HT4333_s_at"	91.8	94.4	219.6	235.4	58	23.5	133.5	131.2	59.7	84
"HG4068-HT4338_at"	542.2	138.4	88.6	481.1	52.6	59.2	138.6	70	101.8	31.1
"HG4069-HT4339_s_at"	5737.1	2914.7	782.4	1186.6	885.3	11356.7	14435.7	7277.6	11789.2	7678.7
"HG4073-HT4343_at"	1086.9	2381.9	2692.1	4319.6	2288.8	1542.4	915.5	4867.7	2437.8	2932.5
"HG4074-HT4344_at"	834.4	842	1177.7	1299.3	1109.9	1306.6	804.4	1672.6	2015.5	1235.1
"HG4094-HT4364_s_at"	355.6	197.6	745.7	1896.6	548.5	263	518.8	1331.7	743.9	585.1
"HG4099-HT4369_s_at"	123.5	187	74.1	194	172.8	126.5	243.8	123.3	95.6	97.5
"HG4102-HT4372_at"	575	628.8	796.8	666.7	598.5	519	1615.5	1201.1	605.9	604
"HG4108-HT4378_at"	688.1	1182.5	944.7	823.1	1103.4	791.9	530	1348.6	1296.8	1062.9
"HG4109-HT4379_at"	596.9	69.3	94.2	525.7	134.3	149.4	715.8	126.3	169.9	78.9
"HG4113-HT4383_s_at"	1013.9	1039.1	1082.3	2274.4	1306.4	568.3	1881.2	1558.2	1274.6	805.9
"HG4114-HT4384_at"	1263.1	1506.4	853.9	1925.4	1134.4	833.9	2114.3	1818.5	1174.9	836
"HG4115-HT4385_at"	835	1332.1	837.7	1388.3	1018	1011.9	1390.3	550.6	1191	845.9
"HG4116-HT4386_s_at"	153.3	130.7	96.8	616.1	86.9	131.3	102.2	582.4	373.7	87.5
"HG4120-HT4392_s_at"	1819.4	1291.1	1523.5	1737.7	799.5	1811.3	1415.7	2030.3	1111.8	1304.1
"HG4126-HT4396_at"	873	449.2	1129.3	4446.3	1001.1	745.3	1616.7	1618.2	811.9	976.9
"HG4128-HT4398_at"	447.6	234.6	197.4	220.9	161.8	180.4	260.2	179.4	77.6	74.5
"HG4144-HT4414_at"	46.8	236.9	232.2	42.8	17.9	31.7	89.3	60.3	29.4	14.2
"HG415-HT415_at"	339.8	219	151.6	152.2	83	174.3	393.9	117.5	414.5	114.9
"HG4155-HT4425_s_at"	58.5	224	185.6	31.1	125.2	33.7	140.7	27.3	28.3	26.9
"HG4157-HT4427_at"	369.9	294.1	551	793.2	522.1	501.7	739.8	568.1	711	499.9
"HG4165-HT4435_at"	407.4	49.4	307.3	688.9	387.7	86	384.4	476.8	456.9	291
"HG4167-HT4437_at"	451	512.7	718.5	1203.1	184.3	455.7	231.2	683.4	506.3	289.2
"HG4169-HT4439_s_at"	29.2	31.9	57.2	49.8	59.3	21	46.2	29.6	53.3	27
"HG417-HT417_s_at"	132740.8	78882.4	100242.7	33254.3	67317.1	63278.1	207754.8	71210.8	84509.9	65694.3
"HG4178-HT4448_at"	939.9	252.3	373.5	215.9	170.6	404.7	239.2	863.6	285.6	398.8
"HG4185-HT4455_at"	417.6	433.3	212	504.2	513.6	249	166.2	282.5	217.7	220.8
"HG4188-HT4458_at"	50.9	44.4	31.9	91.4	58.9	26.2	153.6	37.6	93.3	42.5
"HG4194-HT4464_at"	296.6	1138.6	451.3	965	555.5	582	774.1	684.9	539.2	420.3
"HG4234-HT4504_at"	143.2	179.1	284.9	222.8	139.4	187.1	215.6	229.2	109.6	347.8
"HG4236-HT4506_f_at"	266.9	29.9	151.6	37.1	64.1	39.6	156.5	291.3	56.4	123.7
"HG4243-HT4513_at"	160.3	660	123.3	656.4	654	137.7	78.6	403.3	175.3	502.7
"HG4245-HT4515_at"	218.7	142.6	74.7	19.2	19	18.4	21.4	55.1	73.1	7.2
"HG4258-HT4528_at"	126.2	67.5	127.9	264.5	155.1	110.7	1241.6	115.1	320.8	112.5
"HG4263-HT4533_at"	46.6	23.9	41.6	80.2	19.5	72.2	56.9	18.9	38.7	13.2
"HG4264-HT4534_s_at"	13515	9395.9	10557.7	8380.7	10627	14615.3	10158.7	12249	10296.7	12064.4
"HG4272-HT4542_at"	1002.3	429.5	547.8	1688.1	640.2	858.8	729.3	1214.3	1035.1	807
"HG429-HT429_at"	34.9	201.9	95	129.1	14.1	10.6	160.7	189.2	15.4	12.2
"HG4297-HT4567_at"	2929.2	8388.4	3743.6	2490.4	5328.3	5129.6	2348.4	3750.7	4649.9	5416.9
"HG4310-HT4580_at"	71.1	148.1	126.3	58.1	40	49.4	51.9	46.9	76.3	25.3
"HG4312-HT4582_s_at"	6325.4	3732.7	8339	5091.1	5553.4	4203.9	6689.1	7011.6	8438.5	6859.2
"HG4316-HT4586_at"	66.4	61.8	23.4	129	42.7	36	31.3	34.4	40.1	34.4
"HG4318-HT4588_s_at"	103.3	104.2	120.7	193.8	145.6	97.2	194.3	94.5	114.9	58.4
"HG4319-HT4589_at"	32842.9	44280	49169.6	57784.8	45597.3	27488.2	39494.7	48402.7	53678.4	39650.4
"HG4321-HT4591_at"	180.9	70.8	21.3	251.9	55.3	28.7	38.2	61.8	63.7	39.3
"HG4322-HT4592_at"	2600.4	20031.4	9640	11436.1	19216.9	16020.5	2654.2	3897.8	7924.7	11844
"HG4332-HT4602_at"	482.9	526.3	65.7	501.6	244.2	215.2	617.6	459.5	411.7	339.1
"HG4333-HT4603_at"	742.1	249.5	180.5	438.2	95.1	165.3	547.1	610.2	297.7	332.6
"HG4334-HT4604_s_at"	2404	1809.7	3484	2068.6	3147.8	3149.2	2834.4	3498.4	3647.9	4589.3
"HG4336-HT4606_at"	396.9	464.8	130.4	595.1	569.5	395.5	512.7	602.4	337.5	306.7
"HG4340-HT4610_at"	17.5	19.4	11.9	16.1	7.4	17.4	29.3	14.7	17.8	7.3
"HG4390-HT4660_at"	1179.2	2587.2	99.1	176.7	427.4	1183.6	88.9	398.8	84.9	575.4
"HG4411-HT4681_at"	103.9	138	90.2	243.2	84.2	61.7	86.3	149	70.2	68.4
"HG4417-HT4687_f_at"	304.4	488	438.8	379.5	165.8	276.5	611.4	120.9	479.1	274.2
"HG4433-HT4703_at"	113.9	215	123.1	187.7	113.8	138.1	274.8	140.7	111.3	104.9
"HG4458-HT4727_at"	65.7	106.6	45.5	111.7	40.6	66.5	46.4	104.2	96.5	35.1
"HG4460-HT4729_at"	31.2	176.2	57.8	66.1	64.4	38.7	287.2	37.8	161.4	19.2
"HG4462-HT4731_at"	39.4	50.3	26.7	50	26.9	30.5	36.1	23	24.4	11.7
"HG4480-HT4833_at"	79.2	104.7	156.4	79.1	43.7	51.3	195.6	156.7	63.3	72
"HG4490-HT4876_f_at"	1215.7	2212.7	546.3	478	218.1	388.7	427.7	371.2	333.6	280.4
"HG4517-HT4920_s_at"	730.6	695.1	1863.6	566.3	1231.9	976	509.9	1386.2	1265.8	1413.1
"HG4518-HT4921_at"	142.2	27.1	61.7	31	53.3	34.1	256.5	27.5	35.9	32.3
"HG4518-HT4921_r_at"	124	651.9	1280.6	676.3	354	444.8	113.7	879	438.3	303.1
"HG4533-HT4938_at"	904.4	1045.5	325.2	1042.1	816.3	759.1	982.3	1037.5	812.7	650
"HG4535-HT4940_s_at"	1815.6	1430.1	2497.7	3792	1469.5	1267.6	1995.9	1333.5	1194	981.2
"HG4541-HT4946_s_at"	13195.9	6811.5	6873.7	16542.8	6653.1	11308.5	11628.4	4208.3	5788	5029.7
"HG4542-HT4947_at"	23725.8	25241.5	40438.3	28496.8	30627.6	24831.4	22072.2	25270.1	34914.1	32953.7
"HG4557-HT4962_at"	1910.8	2050.3	934.3	343.8	1005.6	2091.5	879.9	515.6	631.3	1486.2
"HG4557-HT4962_r_at"	1229.3	2335.5	526.2	22.4	417.2	1115.9	1150.4	331.8	203.4	873.8
"HG458-HT458_f_at"	65.4	38.5	20.9	248.1	18	37.2	39	25	64.2	11.9
"HG4582-HT4987_at"	1714.2	1661.6	1054.7	803.9	1402.8	1919.1	1646.8	1415.5	935.8	1247
"HG4593-HT4998_at"	325.3	498.4	297.5	490.8	376.8	291.7	916.7	346.8	451.3	271
"HG4606-HT5011_at"	1812.3	1593.2	1317.9	1184.2	1032	1273.5	2921.1	984.8	1234.5	1036.6
"HG4638-HT5050_at"	4578.7	2832.6	3234.1	3588.7	1959.3	3867.8	3802.8	4391.4	1788.1	3926.8
"HG4660-HT5073_at"	807.2	555.7	466.4	1108	149.8	300.4	545.9	201.4	650.7	277.8
"HG4662-HT5075_at"	259.6	255.2	335.9	186.2	136	167.8	312.4	226.5	143.5	159.7
"HG4668-HT5083_s_at"	3109.7	2953.6	1777.7	2085.1	2355.6	2537.4	2149	1980.6	2031.3	2298.4
"HG4677-HT5102_s_at"	124.4	98.2	144.6	500.4	118.5	148.7	86.7	129	137.4	103.8
"HG4679-HT5104_at"	52.4	28.4	20.6	77.1	26.4	15.5	67.9	65.5	40.5	18.3
"HG4683-HT5108_s_at"	1415.9	2438.1	1737.6	2403.6	1919.9	1909.4	4542.3	1646.7	1522.4	1614
"HG4704-HT5146_at"	424.8	81.9	176.3	810.7	420.8	36.6	152.8	295.7	63.4	104.8
"HG4716-HT5158_at"	3098.1	797.3	2397.4	845.7	984.9	1716.9	3606.2	1705.7	2156.4	2692.7
"HG4724-HT5166_at"	391.2	291.1	83.3	449.2	66.8	290.2	189.9	99.6	195.7	293.6
"HG4740-HT5187_at"	65.1	97.7	89.7	70.6	69.1	49.4	342.1	57.7	97.4	52.4
"HG4747-HT5195_at"	319.9	528.3	1117.1	874.7	516.7	389.9	1160.4	1632.7	1559	1191.2
"HG4749-HT5197_at"	465.6	405.2	110.4	692.8	587.4	216.2	894.6	581.9	151.4	227
"HG4755-HT5203_s_at"	47.6	34.6	11.5	36.2	8.9	30.6	30.2	37.6	7.7	5.6
"HG4757-HT5207_s_at"	87.6	150.5	114.6	162.4	51.9	351.6	104.9	312.1	132.7	44.9
"HG491-HT491_at"	68.7	94.5	56.5	386.4	357.2	474.8	79.8	365.2	423.7	1043.8
"HG511-HT511_at"	2663.2	1902.1	2130.7	1400.8	1452.3	3066	5666.3	4168.3	3089.3	3205.2
"HG537-HT537_at"	377.5	370.1	220.9	300.1	241.9	297.2	1519	333.9	277.4	343.4
"HG544-HT544_at"	21521.6	9224.6	5338.3	3451.6	4385.8	8738.1	17869.2	7633.2	7909	9653
"HG613-HT613_at"	29779	55079	49391.1	35256	38964.8	28213.2	35161	28700	37515.4	38471.6
"HG620-HT620_at"	4689.6	5306.8	1281.1	416	4533.3	5321.3	10010.6	2422.3	3250.4	8962.1
"HG627-HT5097_s_at"	1347.6	921	1367.9	6447.5	1281.2	3232	5723.2	1197.1	860.1	1451.9
"HG627-HT5098_s_at"	1616.1	1663.8	1027.2	2347.1	884.4	1279.1	1340.3	1244.7	841.3	982.4
"HG64-HT64_at"	340.9	130.7	353.4	615.6	293.9	499.1	764.2	510.4	353.8	314.9
"HG644-HT644_at"	50.5	91.7	31.8	299.9	79.6	66.3	384.5	67	48.6	24.4
"HG651-HT4201_at"	6333.5	3868.3	5465.6	7991.8	4841.5	4688.2	5705.1	5646.5	5546.8	4857
"HG651-HT5209_s_at"	286.1	159.1	177.9	151.1	95.1	189.4	385.4	232.8	197.9	174.2
"HG658-HT658_f_at"	132237.5	113846	84635.8	32158.4	97733.2	95484	187575.6	81700.5	57202.9	76432.6
"HG662-HT662_at"	11635.2	14305.8	19155.2	20174.3	26246.4	15545.6	12233.3	18638.8	18596.1	24217.1
"HG668-HT4793_at"	117.9	76.1	197.2	242.5	166	79.2	73.3	40.1	195.4	59.8
"HG67-HT67_f_at"	98.4	122	149.6	542.1	62	257.5	998.6	138.7	49.5	59.7
"HG688-HT688_f_at"	45644.7	51635.2	63672.9	3956	48508.1	39301	75853.7	52948	39576.9	45840.3
"HG721-HT4827_s_at"	660.1	287.4	490.2	390.3	222.1	253.1	241.5	269.2	237.5	238.1
"HG721-HT4828_s_at"	173.3	324.1	147.1	1087.5	163.4	444.7	266.2	412.1	562	212.5
"HG732-HT732_at"	179.5	118.7	597.2	84.1	59.3	109.6	743.9	61	309.8	30.5
"HG742-HT742_at"	132.9	123.6	124.8	357.6	99.6	76.2	150.8	228.5	127.2	56.5
"HG759-HT759_s_at"	905.5	185.2	88.9	625.2	107.1	113	175	142.2	132.3	68.9
"HG821-HT821_at"	29699.3	55121	65715	48463.4	56380.9	39290	37966.7	46837.8	55933	53023.8
"HG825-HT825_at"	501.1	104.1	77.5	104.6	92.5	101.2	140.8	855.3	137.1	335.8
"HG830-HT830_at"	1466.9	1529.9	961.4	2822.8	966.4	1106	1551.8	1344.8	883.3	512.6
"HG831-HT831_at"	370.2	316.3	449.4	292.8	338.8	72.4	183.2	397.9	390.3	163.1
"HG846-HT846_at"	97	354.7	27.2	93.3	117.7	31.5	287.4	244.3	98	98
"HG855-HT855_s_at"	436.6	117.6	78.8	418.3	184.5	254.9	164	153.7	198.7	38.5
"HG862-HT862_s_at"	359.5	149.6	55	110.4	62.4	207.6	160.6	61	110.1	29.3
"HG870-HT870_at"	165.5	189.1	265.6	79.7	378.8	40.7	165	125.5	62.4	21.5
"HG880-HT880_at"	4087.5	8254.1	2398.3	4523.2	2859.2	2493.7	2140.3	3011.9	2057.9	2331.8
"HG880-HT880_s_at"	60.9	107.4	31.9	57.3	70.7	76.9	124.7	64.9	108.9	53.2
"HG881-HT881_at"	365.1	180.2	290.6	142.2	196.3	507.4	1431.7	251.3	330.2	214.7
"HG884-HT884_s_at"	2375.5	3831.8	1648.3	1803.9	4352	8790.4	1556.5	1372	1709.9	3204.5
"HG896-HT896_at"	183.8	253.4	108.9	387	409.2	130.3	949	260	201.2	423.6
"HG907-HT907_at"	577.4	290.8	364.3	466.5	278	565.8	454.3	688.5	551.1	397.5
"HG908-HT908_at"	1299.6	1285.5	846.8	1898	785.3	956.7	1362.1	1166.1	782.5	921.7
"HG909-HT909_at"	740.1	207.7	189.5	314.8	143.1	522	807.5	1041.5	323.2	430.8
"HG919-HT919_at"	1322.8	954.8	819.8	963.5	658.4	747.1	2332.1	1193.2	731	511.9
"HG921-HT3995_at"	244.8	79.2	66.3	191.3	70.5	82.1	376.8	121.1	161.8	53.1
"HG944-HT944_s_at"	374	428.6	240.4	399.3	212.4	285	306.9	408.4	206.6	155.7
"HG945-HT945_s_at"	162.1	54.1	35.4	321.5	163.2	68.4	363.8	193	168.1	100.5
"HG960-HT960_at"	878	1204.4	837.1	939.5	376.6	680.5	103.2	1339.2	660.6	575.7
"HG961-HT961_at"	303.3	637.7	480.6	402.2	1634.6	224.3	685.8	2056.9	1422.2	1449.7
"HG982-HT982_s_at"	110.8	207.5	143.9	186.4	428.9	167.4	642.8	497.2	285.6	193.2
"HG987-HT987_at"	537.1	2765.7	468.3	26711.5	593.7	565.3	439.8	643.5	1358.3	348
"HG998-HT998_s_at"	1862.2	1965.8	3167.1	2717.6	1319.2	1100.3	2340.6	2021.2	1480.7	212.2
"hum_alu_at"	121153.6	356088.3	196677.7	190711.3	160544.7	128281.6	482771.3	100392.1	120421.4	100283
"J00073_at"	477.8	456.8	150.4	1086.7	452.3	67	699.7	624.1	428.2	103
"J00105_s_at"	119752.6	142780.8	78036.9	63605.8	104509.1	61738.9	171531.7	51986.5	62878.9	56983.6
"J00116_s_at"	203.4	75.3	17.5	322.3	43.2	41	37	54.5	75.5	14
"J00117_f_at"	544.3	367.3	369.5	650.6	510.7	459	2062.4	578.8	445.4	311.8
"J00123_at"	51.8	107.8	41.1	403.9	31.8	51.5	207.6	76.5	58.1	25.3
"J00124_at"	128.6	785	539.3	1473.9	526.1	95	853.4	655.6	505.4	333.3
"J00129_at"	302.3	459.5	238.7	684.1	59.8	233	210.3	75.1	491.3	45.8
"J00139_s_at"	159.2	299.6	602.4	537.8	679.6	205.5	257.7	592.7	121	191.9
"J00146_at"	64.7	34	159.9	37.6	130.5	28.1	60.3	275.6	105.2	113
"J00148_cds2_f_at"	117.8	625.6	115.7	621.2	293.4	262.3	456.6	195.9	114.1	202.5
"J00207_rna2_at"	321.7	313.3	75.2	62.4	179.7	125.4	103.1	137.8	132.6	55.4
"J00209_f_at"	225.6	113.1	23	349	207.7	54.7	196.2	48.6	64.5	89.9
"J00210_rna1_at"	89.5	1539.4	64.6	28.5	108.5	620.1	116.1	56.9	23.3	22.3
"J00212_f_at"	517.3	859.8	357.9	783.9	546.8	452	722.7	560.6	632.3	284.4
"J00219_s_at"	64.2	42.3	176.7	6.5	7	1812.6	225.6	27	38	26.2
"J00220_cds4_at"	304.9	245.2	168.5	220.2	174.8	215.6	1084.9	286.2	290.9	129.1
"J00220_cds5_at"	439.6	530.9	745	932	977.5	598.5	255.6	1105.5	629.8	480.3
"J00268_s_at"	399.7	355.5	210.1	1836.7	744.6	767.8	2175.5	269.7	468	1120
"J00277_at"	3783.2	1988.2	1207.4	3269.9	599.8	1382.4	3988.3	1056	993.2	1669.9
"J00287_at"	352.8	991.8	216	602.3	337.6	1005.1	232.5	360.5	284.8	297.5
"J00301_at"	28.1	79.4	28	28.6	15.4	29.2	75.4	21.1	92.1	9.2
"J00306_at"	152.8	244.1	68.9	315.6	186.9	83.9	229.1	150.5	104.1	118.9
"J00314_at"	658.5	128.5	1145.2	539.3	1248	1058.5	980.7	1275	1141.9	1055.5
"J02611_at"	1155.9	1640	1502.7	4242.4	930	916.5	2122.6	1218.4	1596.2	838.6
"J02621_s_at"	12653.7	5216.6	12564.2	13513.5	16006.2	8373.3	7073.2	11963	10434.3	15146.3
"J02645_at"	4049.4	4993.7	4450.4	3628.7	4587.9	7222.5	3408.4	3355.8	5244.3	5239.3
"J02683_s_at"	16715.2	15512.1	31476.4	14351.8	21556.4	25416.4	34105.7	23522.4	28535.6	28954
"J02758_s_at"	278.9	130.1	66.8	99	247.2	228.4	438.9	162.8	365	86.8
"J02783_at"	12286.9	7055.6	9935.7	15152.8	7246	11800.5	13624.2	10307.4	9399	9056.6
"J02843_at"	153.9	103.7	39.9	550.6	42	53.8	355.6	91	55.3	31.7
"J02854_at"	250.7	266.6	190.8	1211.4	187.9	350.5	189.3	268.1	199.4	208.7
"J02871_s_at"	528.4	1519.2	336.4	32314.9	550.5	187	132.1	397.4	596.6	159
"J02874_at"	3737.7	56708	47928.9	1704.1	64399.9	41534.4	24428.8	29714.6	28793.9	43009.5
"J02876_at"	255.3	894.8	281.3	398.5	285.6	245.9	317.3	759.8	321.2	230.3
"J02883_at"	141.1	767.8	453.2	834	506.3	452.7	968.9	893.6	735.7	508.9
"J02888_at"	3092.1	7857.3	4946.5	3473.7	4331	4651.4	8068.9	6289.5	4424.9	4629.9
"J02902_at"	6593.7	5674.3	4628.2	6588.7	4033.8	5621.9	12342	8658.7	6555.4	6436.7
"J02906_at"	1021.2	1267.9	207.5	19697.5	556.3	706.5	2966.1	418.6	255.8	677.3
"J02923_at"	18711.5	13383.4	26800.3	1227	22518.2	15935.4	14725.1	28162.8	27249	6717.4
"J02943_at"	308.9	126.4	279.4	598.9	121.3	72.4	113.4	46.6	86.5	64.1
"J02947_s_at"	2376.7	1703.1	815	2645.1	1350.3	1794.1	3596.3	1663.5	609.8	1689.2
"J02960_cds1_s_at"	716.4	1078.4	147.8	804.5	612.4	471.4	421.4	939.1	149.9	476.9
"J02963_at"	49.2	132.7	48.1	235.8	65.5	49.7	222.3	480.5	200.4	35.7
"J02973_rna1_at"	6215	10826.5	1766.6	108.2	17362.2	5393.6	2057.2	2427.4	10561.3	20447.3
"J02982_f_at"	631.8	616.1	406.7	740.2	426.1	478.6	764.8	640.6	743.5	220.5
"J02986_cds1_at"	93.3	189.4	33.5	442.7	228.8	59.5	142.7	217.5	226.6	27.3
"J03027_at"	42.8	259.4	60.9	198.6	219.1	259.5	286.3	226.6	286.5	51.3
"J03040_at"	4854.7	2729.6	9815.2	266.9	7539.6	3118.9	4658.4	8843.3	7143.9	9364.3
"J03060_at"	2382.3	1203.8	1747.3	1192.7	989.2	1332.3	2631.1	1757.7	1769.5	1390.4
"J03068_at"	253.6	385.6	202.6	1884.2	300.4	237.9	917.5	194.7	178.6	161.7
"J03069_rna1_at"	3415.3	3081.2	2320.3	4706.9	2586.5	3011.4	4732.1	3455.4	4031.1	2561.9
"J03071_cds3_f_at"	181.5	58.8	114.4	224.8	292.9	310.8	175.4	147.7	239.1	556.7
"J03077_s_at"	93889.7	96337.4	97557.8	29486.4	82552.1	90434.9	223004.9	67289.3	80340.3	62837.6
"J03133_at"	736.7	674.2	558.8	781.4	442	735.6	823	741.8	779	699.3
"J03161_at"	2668.1	4321.8	2624.6	3353.4	1725.4	2032.8	1968.5	2568.4	3133.9	1946.1
"J03171_at"	1375.5	1189.2	720.7	1283.3	717.2	877.1	1585.8	1207.1	880.2	840.7
"J03191_at"	75821.5	44799.5	44906.6	13828.5	33231.9	35480.8	77899.5	36607.2	36801.9	32576.7
"J03241_s_at"	695.9	538.6	321.4	1368.4	349.1	529.8	684.3	684.5	619.4	349
"J03242_s_at"	376.2	288.6	194.4	1381.2	488	239.8	794.3	672.4	585.9	445.6
"J03258_at"	2138.1	767.1	658.7	461.7	946.5	992.4	1345.6	1656.2	1584.5	1091.6
"J03260_s_at"	76.8	79.5	30.9	87.2	43.2	53.6	79.2	55.9	35.2	29.5
"J03263_s_at"	2297.7	1714.4	5752.7	1292.7	1321.7	1495.6	12211.8	9465.1	7457.5	8876.6
"J03278_at"	353.4	358.5	210.9	502.3	312.3	424.2	154	419.2	148	379.5
"J03459_at"	19858.4	26692.2	58725.9	5263.4	46222.7	21680.7	88907.5	55233	57408.6	43285.7
"J03473_at"	1862.3	780.1	2874.8	5008.4	1465.7	1169.9	1836.7	4047.6	3485.4	2399.5
"J03474_at"	141.8	245.6	90.3	1169.8	221.7	105.9	99.5	105.2	163.1	67.4
"J03507_at"	317	225.5	203.7	917.8	78.3	327.3	160.2	101.9	242.5	297.8
"J03589_at"	3894.6	1423.4	2558.4	3701.7	2584.7	2199	2206.2	3813.3	4225	3241.2
"J03592_at"	21733.8	26123.7	47174.5	23129.4	25207.8	18236.5	31692	35559.7	48557	42710.8
"J03600_at"	10225.6	11605.3	38015.8	1726.2	29794.3	14647.6	13982.4	34040	38173.9	26141
"J03626_rna1_s_at"	827.7	1211.3	622.1	1406.2	607.5	664	389.4	666.6	474.9	496.7
"J03634_at"	173.7	1050.6	98.2	134	1816.4	2597.9	114.5	101.1	1257.3	1712.8
"J03756_at"	1198.2	995.1	636.3	3347.3	1090.1	1335.6	1827.2	1636.2	822.1	1215.4
"J03764_at"	4354	3791.4	1449.7	182.1	1328.6	2472.6	1119.9	1135.2	672.5	1952.3
"J03778_s_at"	409.8	70.7	155	75.4	35.2	64.7	274.2	67	75.6	33.3
"J03779_at"	2471.4	3263.6	5563	633.2	10627.4	4428.4	2621.8	7294.7	5894	7969
"J03798_at"	507	85.5	676.2	1141.8	424.7	520.8	513.1	988.4	864.2	530.6
"J03801_f_at"	13803.2	41948.8	6604.2	5020.8	26284.4	3824.6	17373.8	3893.5	7379.2	10755.6
"J03805_s_at"	6629.1	6573.7	4319.7	12127.7	8786.3	11473.3	5378.4	6474.8	5420.9	7215.8
"J03810_at"	67.5	46.3	117.7	310	204.7	156.1	67.3	202.6	99.3	66.8
"J03824_at"	2287.9	742.1	2309.4	2032.6	1147.4	762.8	1853.3	1977.4	1799	1917.7
"J03827_at"	22046	34493.7	43149	6813.3	36845	26778.5	29058.3	38923.3	37207.3	3685
"J03890_rna1_at"	241.4	180.6	174.2	760	759.6	857.6	357.2	1354.1	198.2	498.5
"J03909_at"	95076.4	49888.4	85724.5	4437.1	66905.6	52669.2	123767.1	74637.2	88094.8	64063.2
"J03910_rna1_at"	81506.6	101956.5	1950.7	2140.1	8421.7	57615.4	73049.7	2893.2	5430.1	39523.4
"J03915_s_at"	1134	941.8	625.1	1284.9	336.8	436	564.7	470.1	271.3	383.4
"J03925_at"	2934.7	2383.9	2234.8	261.8	1801.9	1802.9	1435	5881.8	11605.3	3388.3
"J03930_at"	1133.2	243.1	637.7	1305.5	622.4	374.5	1735.4	571.4	289.7	256.4
"J03934_s_at"	1003.1	874.9	772.8	16376.9	646.8	1517.6	1436.7	1034.1	854.5	834.9
"J04027_at"	6296.5	7226.3	2046	1500.9	24032	27829.4	2764.2	3235.4	5656.2	22932.6
"J04029_s_at"	2322	4670.1	3188	5617.6	2679.2	1747.7	4406.7	2325.2	2539.4	3469.4
"J04031_at"	3378.6	806.2	4105.4	2221.9	2739	1905.8	1733.7	4119.6	3353.5	3558
"J04040_at"	130.7	149.7	272.9	358.7	137.2	21.1	87.1	310.3	190.6	25.8
"J04046_s_at"	4412.1	2287.2	3129.6	3562.2	2132	1969.4	5058.4	4149.5	2828.1	3154.8
"J04056_at"	2115.6	1770.2	3038.9	14738.7	893.3	1685.3	563.8	4040.4	4383	2631.9
"J04058_at"	1201.1	1046.5	1482.1	1078.9	1000.7	1577.9	378.4	2138.7	2076.9	1569.3
"J04076_at"	4483.2	4302.7	1442.4	372.7	12605	4530	2697	6342.3	16993.8	13955.2
"J04080_at"	6148	2064.7	548	1328.2	554.2	1783.5	929.4	554.9	502.3	436.9
"J04088_at"	81.1	80	312.2	522.5	195.3	327.1	112.3	668.4	446.5	137.9
"J04093_s_at"	124.3	192.6	181.3	2809.4	225.8	56.2	306.1	244.8	204.8	6.4
"J04101_at"	362.3	873.2	186.2	250.8	172.9	419.2	583.9	175.9	484.8	111.7
"J04102_at"	6037.1	10838.7	1123.1	851.7	14094.9	12418.6	2145.8	952.6	3584	6902.3
"J04111_at"	713.5	1509.1	1952.6	697.5	2104.1	1238.1	272.7	807.3	1813.9	1756.7
"J04130_s_at"	64586.6	164107	4792.7	2266.7	149411.9	91773.6	11512	1497.8	72791.6	68710.9
"J04132_at"	542.9	111.7	209.7	254.4	157.7	142.6	518.9	189.9	483.1	100
"J04152_rna1_s_at"	889	10274.9	88.1	44571.9	798.2	1462.9	73.8	291.8	868.7	144
"J04156_at"	316.2	65.4	302.8	171.9	10.8	7.2	20.9	262.1	46.5	20
"J04162_at"	1935.8	2262.8	4136.5	1275.3	5342.4	2618.2	2290.4	3910	3618.3	3303.5
"J04164_at"	2841.7	6322	1779.1	8133.4	4177.2	4037.5	1742.2	2632.1	2681.7	2145.3
"J04168_at"	379.3	242.1	93.1	230.5	105.8	95.8	132.8	265.7	310.1	97
"J04173_at"	17844.7	11026.4	20139.2	13706.5	14894	21997.3	28014.1	18801.4	23155.3	19497.5
"J04177_at"	552.5	662.1	493.3	1211.5	555.6	338	486.7	787.1	632.2	335.5
"J04182_at"	57695.4	30459.4	29197.9	16167.2	27320.2	30299.7	50585	31735.2	36563.4	35721.9
"J04430_s_at"	8625.5	6589.8	25579.7	489.9	6822.9	6495.2	13758.9	18111.7	31123.9	20940
"J04444_at"	9009.2	5484.3	9142.7	8152.5	4877.4	6638.4	14869.9	9684.5	9992.1	7774.9
"J04449_at"	86.5	111.5	133.6	143.8	64	63.6	161.4	87.8	53.4	52
"J04456_at"	76063.9	57391.7	46677.9	2016.6	40717.9	40366.1	62772.9	38182.4	42397.1	33064.7
"J04469_at"	338.7	276.4	136.6	4773.6	176.8	39.1	251.6	336.9	136.1	47.4
"J04501_at"	2977	1846.3	1352.6	2517.6	738.9	4233.6	4400.3	1930.6	1681	1793.7
"J04513_at"	56.7	75	140.7	16.1	59.7	10.9	163.4	91.6	36.4	17.3
"J04543_at"	6945.4	3201.5	4968.4	7109.4	2992.3	4230.3	5086	6150.6	5369.3	4082.4
"J04599_at"	1859.1	344.5	310.4	650.7	418.7	393.3	1259.7	461.1	618.2	398.2
"J04605_at"	3169.9	3396.2	6018.6	2590.9	3886.4	4544.1	5379.4	4733	3591.2	1969.8
"J04611_at"	11517.6	8857.5	14029.8	12225.6	9181.5	13061.4	14564.4	10690.1	14639.8	11351.6
"J04615_at"	5495.9	5268.6	10730.5	14027	8169.3	7378.3	2642.9	8875.2	9150.1	7412.3
"J04617_s_at"	95192.6	202764	132373.6	126729.9	128379.1	94275.8	293439.9	81705.6	109225.6	88724.1
"J04621_at"	613.8	318.8	139.6	95.7	104.4	677.1	1417.6	97	393.2	460.1
"J04739_at"	788.1	696.5	895.7	234.7	375.4	778.1	721.7	1682.5	933.9	595.1
"J04742_at"	215.4	96	152.8	71.9	244.9	60.9	849.1	128.2	181.4	161.2
"J04760_at"	330.8	371.7	1236.8	502.8	876.8	334.5	1325.2	907.5	1083.4	976.7
"J04794_at"	21081.7	14192.5	24230	16717.3	11458.5	14634.6	25091.1	26741.3	30001	20752.5
"J04809_rna1_at"	1083.9	1267.3	1541.6	2317.9	1055	1537.9	1009	1616.1	1251.7	1346.7
"J04810_s_at"	365.1	335.5	609.2	851.7	564.9	343.4	598.9	956.7	473.6	608.9
"J04823_rna1_at"	47367.3	31656.8	40768.5	29634.4	24555.5	37272.8	59105.8	30039.4	41201.7	34276.3
"J04948_at"	231.6	122.9	153.4	158.4	267.1	243.3	656.4	274.3	238.2	230.1
"J04970_at"	709.4	421.8	1311.2	139.4	671.1	811.1	748.6	3040.7	1176.2	1367.3
"J04973_at"	4950	3932.2	5962.8	6965.2	6242.9	4850.4	3488.3	7409.6	7543.5	7557.6
"J04982_at"	203.3	72.3	37.1	3047.9	18.9	17.4	22	61.4	16.9	7
"J04988_at"	35439.7	104388.3	55680.2	73838.7	68378.9	57019.7	59084.9	39321.5	50447.5	54117.2
"J04990_at"	456.7	1297.1	937.8	1276.6	522.7	724	267.4	951	524.8	651.8
"J05008_at"	621.3	3166.3	83	78.5	19500.3	10327.9	440.3	36.3	1795.4	7653.3
"J05016_rna1_s_at"	580.9	92.9	414.5	886.6	675.2	400	600.4	717.5	1121.3	451.8
"J05032_at"	1156.1	453.2	507.1	820.8	993	1008.7	813.2	1613.8	1107.2	1023.3
"J05036_s_at"	418.4	118.2	105	318.4	137.1	144	83.3	111.1	53.2	25.2
"J05037_at"	1708	1397.3	993.7	926.4	288.6	475.6	854.8	634.5	939.5	294.3
"J05068_at"	152.9	110.4	153.6	3933.1	77.4	89.8	198.5	179.1	235.2	153.8
"J05070_at"	78172.2	5023.7	844.1	740.9	1190.8	2924.6	20246.1	1262.6	1387.8	1105.9
"J05073_at"	174.9	107.2	72.8	213.5	63.7	49.7	124.6	102	49.1	26.9
"J05096_rna1_at"	13.9	148.5	125.1	103.2	40.5	25	318.7	286.2	366.4	46.9
"J05125_at"	128	269.4	47.5	56.9	26.4	56.6	49.8	319.4	57.5	7.5
"J05158_at"	374.8	225.3	622.7	1822.3	337.1	448.4	413.6	1066.2	801.1	248.2
"J05200_rna1_s_at"	1977.5	99	1633.8	572.4	774.7	1186	1432.6	690.8	1115.1	1656.7
"J05213_at"	90.1	44.6	77.8	177.7	101.8	74.7	75.6	128.6	81.3	328.1
"J05243_at"	3574.7	2226.8	1979.8	3764.1	1485	2630.2	4581	3644.2	2603.6	1080.8
"J05249_at"	4918.2	3171.5	6478.2	9418.4	3257	3638.6	3280.1	4367.4	6531.5	3233.4
"J05252_s_at"	536.2	156.8	261.8	188.3	255.4	284.4	977.5	453.4	372.2	324.5
"J05253_s_at"	634.3	956.4	335.3	673.7	351	533.4	1867.6	512.3	117.3	467.5
"J05257_at"	465	1006.9	209.7	797	760.6	142.7	1228.6	445.8	303.8	218.1
"J05272_at"	4534	3925	6055.4	3783.2	6160.7	4660.3	7687.8	9982.6	8692	5452.6
"J05401_at"	124.7	32.2	62	58.5	112.9	39.4	78.4	240.8	75.6	26.1
"J05412_at"	568.6	938	629.7	1014.6	1166.6	812.3	1612.6	1101.3	917.8	764.4
"J05428_at"	66.7	372.1	29.9	419.3	113.2	53.3	53.9	48.8	54.5	13.6
"J05448_at"	1169	990.8	2197.4	2726.6	644.6	620.2	1123.8	1805.2	2657.8	1655.1
"J05459_at"	583.3	495.5	698.6	731.8	466.2	715.6	215.2	260.2	464	470.4
"J05500_at"	475.5	1070.3	700.6	1316.4	839.5	508.5	1324.4	626.1	512.5	544.7
"J05556_at"	60.3	59.1	187.4	335.2	173.3	30.5	91.1	349	19.6	179.9
"J05582_s_at"	720.6	1155.5	348.8	16706.2	777	836.4	728.4	415.2	175.1	293.9
"J05614_at"	4911.5	3801.4	5877.3	3873.3	4487.4	2221	8117	7020.1	8326	5922.3
"J05633_at"	3830.8	1883	5130.3	5948.1	6341.3	3225.9	1530.9	4841.4	4453	2692.6
"J05682_at"	1972.1	1841	1749.6	964.4	4309	4662.3	938.9	2058.6	2183.6	2827.7
"K01160_s_at"	28537	46	26855.5	33	33.5	29415.7	7039.5	21864.3	20813.1	25505.6
"K01383_at"	1489.3	1509.7	691.3	638.1	447.7	1141.4	1519.3	565.7	844.7	898.1
"K01396_at"	51365.3	73233.6	74791	3815.5	74520.2	53184	87901.3	61653.2	66316.3	44025.2
"K01884_at"	127.9	239.1	120.4	361	50.2	220.4	604.7	409.3	271.6	176.2
"K01900_at"	152.5	105.4	139.2	446.3	202.2	163.3	380.4	315.8	138.5	102.6
"K01911_at"	456	104.8	230.6	832.3	293.4	435.6	774	444	312.6	284.9
"K02054_at"	151.2	214.3	47.2	1524.1	70	66.5	416.1	251.2	123.2	80.3
"K02100_at"	85.8	72.4	52.9	160.7	59.9	70.8	184.8	111.6	77.9	56.8
"K02215_at"	79.8	51.7	28.2	72.8	79.7	16	48.2	81.8	42.8	19
"K02268_at"	133.4	144.3	349.3	850.1	142.9	140.9	952.9	384.2	131.1	66.5
"K02402_at"	17.2	35.3	28.6	117.2	30	32.3	203.5	37.6	44.2	63.3
"K02405_f_at"	29311.7	72749.3	60037	5915.1	38148.9	45293.3	39279.4	45998.7	42281	52453.9
"K02545_cds2_at"	100.3	86.8	28.7	338.7	160.7	137.3	360.5	90.3	194	267.7
"K02574_at"	14218.1	45043.7	37660.9	4881.7	44938.6	32108.4	12080.3	12269.5	20945.3	36956.7
"K02765_at"	21045.4	3560.9	2522.7	9676.3	945.8	1714.5	7520.1	201.5	121.8	1264.9
"K02766_at"	47.3	373.3	99.9	48.4	27.5	36	109.3	28.8	21.8	40.9
"K02777_s_at"	374.7	367.2	175	581.5	257.3	539.6	197.5	51.5	144.2	38.9
"K02882_cds1_s_at"	139.4	217	278.1	181.1	172	240.1	1734.8	194.4	181.8	148.7
"K03008_cds1_at"	94.7	57.8	219.2	157.3	112.2	123.4	70.6	348.8	182.5	134
"K03008_cds2_at"	676	297.7	523.4	351.6	613.1	342.2	263.4	835.2	782.2	338.7
"K03021_at"	78.4	216.9	45.2	1127.5	52.3	45.4	434.3	104.5	479.4	17
"K03183_f_at"	2549	1302.7	2209.3	3283.2	2049.6	3617.4	3541.5	2910.5	2634.7	2130.4
"K03189_f_at"	590.6	828.1	1642.7	2862.7	1539.6	1930.9	3052.2	1357	957.3	1796.7
"K03192_f_at"	639.8	302.6	608.8	745.2	327.4	101.3	247	351.1	664.5	212.1
"K03195_at"	493.4	592.3	154.1	2371.3	230	822.7	857.6	495.8	685.2	405.8
"K03204_f_at"	97.2	173.3	79.8	161.5	93.9	66.9	226.8	80	157.6	46.9
"K03207_f_at"	205.1	166	197.9	554.5	373.8	70.8	293.9	185.9	171	80.4
"K03218_at"	551.1	180.2	707.1	528.3	662.8	265	461.4	118.6	422.8	829.3
"K03430_at"	56417	85654.4	86801	3500	48339.3	56141.3	38085.5	58141.8	63265.2	42326.8
"K03431_cds1_at"	1585.8	1454.5	5308.4	817.6	767.6	927.1	2020.3	842.2	1004.8	895.9
"K03460_at"	2724.7	1949.2	1963.8	2608.3	1634	2114.9	3299.1	2077.2	1671.7	1852.4
"K03474_at"	85.5	684.4	74.6	273.9	130.2	404.4	1038.6	189.1	187.8	131.8
"K03494_s_at"	72.8	59.8	61.2	87.7	50.4	76.5	84.3	100.2	77.3	51.9
"K03498_xpt1_s_at"	626.3	200.1	290.7	612.7	353.4	69.5	1212.6	479.3	123.8	184
"K03515_at"	14905.1	7314.8	17737.1	9522.2	8009.6	17222.4	28255.6	17867.3	13872.5	14167
"L00022_s_at"	111.4	97.6	108.6	186.8	100.4	146.9	323.4	225	159.4	48.6
"L00058_at"	266.5	450.9	49.2	636.8	715.9	213.4	233.4	407.7	456.3	464.7
"L00137_cds1_at"	578.7	802.1	294.4	1184.8	686.5	555.4	331.8	812.4	673.8	786.3
"L00190_s_at"	125.5	125.2	92.7	176	245.8	118.9	168.6	63.1	109.6	28.8
"L00205_at"	205.3	39.3	103.7	657.3	476.6	178.7	840.5	291.8	485.2	37.9
"L00352_at"	1302.4	8309.7	738.7	6643.1	8330.7	16508.1	124.3	4152.8	12437.4	7539.8
"L00354_at"	87.6	66.3	39.5	100.6	27.4	21.4	56.1	75.3	47.5	26
"L00389_f_at"	569.4	1248.1	255.3	365	592.6	185	560.2	418.4	472.3	553.6
"L00634_s_at"	872.2	725.2	1118.1	1447.7	1293.4	813.3	683.5	1744.6	1309.2	972.6
"L00635_at"	1138.3	906.2	802.3	1902.5	509.5	919.8	2061.3	1038	1037.8	630.7
"L00972_at"	908.4	645.9	756.9	1121.5	1171.2	880.3	1120.2	1901.2	789.1	2013.5
"L01042_at"	271.1	241.5	33.3	302.3	461.6	757	666.9	474.5	331.7	707.2
"L01087_at"	159.1	152.9	490.3	439.9	508.6	186.6	130.5	438.5	108.4	278.8
"L01406_at"	242.6	212.8	177.6	303.5	161.8	142	552.7	191.3	167.2	113.4
"L01664_at"	86.4	66.4	427.1	226.4	185.8	184.3	81.9	386.5	159.7	57.8
"L02320_at"	452.7	563.5	29.7	247.3	120	47.5	467.6	414.7	306.8	385.5
"L02321_at"	737.7	1205.6	1327.8	875	1113.3	1082.2	2380.4	1391.6	1571.9	936.9
"L02326_f_at"	1130	762.8	513.9	1200.3	269.7	411.8	1090	906.9	143	803.2
"L02426_at"	10321.7	9670.7	6284	9056.8	7431.4	11993.4	12042.3	7574.8	12364.2	10264
"L02547_at"	676.4	190.8	101.6	956.8	236.7	78.9	620.5	519.8	306.5	110.3
"L02648_at"	2278.6	3288.6	4149.9	3625.1	2391.6	2496.4	2086.6	3192.7	2304.7	2335.3
"L02785_at"	131.3	111.6	14.4	31.3	11.6	20.1	68.5	64.6	27.9	11.3
"L02840_at"	74.4	78.9	299.5	144.5	125.1	100.2	174.1	428.2	270.4	37
"L02867_at"	505.2	855.5	556.4	790.5	786.2	627.1	173.8	1633.7	935.3	673.9
"L02932_at"	213.2	98.4	63.6	146.2	96.5	77.1	506.6	356.7	212.9	182.5
"L02950_at"	604.3	403.5	98.8	6732.1	86.8	87.1	174.3	148.1	308	101.2
"L03411_s_at"	5032.4	3592	5939	9884.1	3218.2	4867.1	4724.3	4077.5	5236.5	4924.9
"L03427_at"	54.5	15.3	7.7	15.5	10.5	16.8	52.7	14.5	9.2	7.1
"L03532_at"	5086.2	5354.7	5288.1	9075.5	6181.7	6860.6	5873.4	5803.1	5967.4	3497.9
"L03785_at"	874.2	382.1	749.1	1057.6	374.6	535	941.5	702.9	467	394.9
"L03840_s_at"	812.7	1350.7	1451.7	443.7	1136.6	925.1	1508	449.8	1459.5	862.5
"L04270_at"	2989.6	517.7	2402.2	3683.7	508.4	5007.4	1763.7	2044.1	583.3	1679.7
"L04282_at"	1852	1871.1	996.7	1333.8	1153.5	2651.5	2800.2	2256.6	1625.3	2234.5
"L04483_s_at"	103079.4	117735.4	119239.6	85180.4	87654.8	75152.8	139832.2	66911.6	77436.9	77602.2
"L04490_at"	9015.3	5986.9	5961.6	1817.9	2944.5	3045.7	9700.8	1302.2	5347.4	2671.2
"L04510_at"	519.2	112.3	526.6	476.4	440.1	443	443.2	436.7	226.3	328.8
"L04569_at"	126.7	95.6	88.8	95.4	45.6	93.5	152.5	141.7	66.4	31.4
"L04656_at"	660.4	391.9	243.3	523.7	526.7	669.3	463.8	829.1	450.3	242.1
"L04731_at"	1132	1415.9	1317.7	1756.3	902.4	1124.4	2008.8	1788.2	1589.5	1511.3
"L04733_at"	8237	4533	4472.2	4962.1	3043	5674.7	7190.8	5840.6	4695.1	4290.3
"L04751_at"	879.2	842.1	523.5	1352.3	848.3	782.4	860.9	1139.8	285.2	696
"L04947_at"	209.2	85.3	69.2	85.5	31	67.8	167.4	123.9	88.4	32.9
"L04953_at"	532.2	137.8	274.6	1158.4	416.6	318.3	458.6	612.8	666.8	225
"L05072_s_at"	3327.7	11363.8	1769.1	2453	3189.1	21594.6	3972.7	4484.5	1686.5	2266.3
"L05144_at"	418.5	54.7	100.2	888.6	406.1	325.3	333.2	333	449.4	141.9
"L05147_at"	546.1	803.6	746.5	147.9	527.2	998.8	1487.9	1040.7	399.2	1062.9
"L05148_at"	931.8	942.6	784	1234.2	1438.4	837.2	295.6	479.3	368.4	844.1
"L05187_at"	1111	1749.6	557	2133.7	788	903	1726.2	1316.5	817.4	782.2
"L05188_f_at"	590.4	1757.5	578.1	915.7	387	375	522.6	492.7	134.5	552
"L05424_cds2_at"	782.6	701.8	383.5	101.8	405.3	1108	1064.5	547	234.7	808.8
"L05425_at"	1973.2	1896.2	941	1912	2391.5	2396.8	2067.8	1348.8	2044.8	2215.8
"L05500_at"	215.2	167.1	171.4	244.3	189.2	166.1	274	140	179.1	80.3
"L05512_at"	293.8	403.7	501.8	169	377.9	73.3	39.3	125	113.5	195.6
"L05514_f_at"	329.1	24.2	17.3	30.8	12	41.8	89.3	162.3	43.2	23.7
"L05515_at"	106.3	59.2	72	125.5	86.4	57.2	93.7	408.6	39	59.4
"L05568_at"	91.5	88.4	231.1	191.5	70.8	62.4	477.3	99.1	62.8	35.5
"L05597_at"	21.7	240.3	61.3	26.9	89.6	12.4	42.8	21	20.4	35
"L05606_at"	137.7	150.2	78	147.1	91.8	54.3	160.1	96.1	119.7	54.1
"L05624_s_at"	4354.6	3822.5	4971.5	877.9	5605.5	7373.6	4363.1	7479.6	5165.8	5168.5
"L05628_s_at"	114.9	166.3	59.6	92.8	54.2	90.2	326.2	158.9	77	66.1
"L05779_at"	568.5	574	124.6	3153.4	110.2	291.5	348.3	218.2	191.2	115.2
"L06132_at"	9119.8	7848.2	9503.2	9475.6	8310.8	11304.5	9775.9	12531.6	13306.3	12504.7
"L06133_at"	630.8	272.6	639.8	1157.8	628.9	308.2	605.3	803.5	779.6	563.8
"L06139_at"	30.2	24.2	33.4	94.7	34.4	33.2	125.3	75.5	40.6	24.5
"L06147_at"	330.6	219.5	277.2	486	249.3	206.7	1798.1	356.6	262	237.1
"L06175_at"	1619.1	817.9	362.5	1113.3	1417.9	1472	999.9	629.9	1075.7	1099.2
"L06419_at"	6691	5049.7	7575	5039.1	6212.5	5026.3	12557.1	10825.9	8997.1	5659.7
"L06499_at"	155148.3	182042.7	143526.1	135186	133359.8	98788.1	360492.1	95253.1	117186.2	95689.6
"L06505_at"	41157.3	46025.1	53935.6	36813	46648.1	36362.1	48064.7	37223.6	55008	55271.6
"L06633_at"	1447.5	1003.4	602.7	601	1225.2	1969.6	1567.9	1403.9	1499.7	710.9
"L06797_s_at"	7087.6	3807.8	1882	680.6	5228.5	3777.6	4089.8	1481	2745.4	6062.8
"L06845_at"	3008.2	3033.3	2685.1	7166.4	1941.1	3024.3	4613	2127.8	1933.7	1633.5
"L06895_at"	178.6	238.7	67.9	110.8	81.2	75.8	123.4	101.7	31.7	40.6
"L07033_at"	4043.2	1428.2	2479.6	5098.5	2014.1	1665.6	3014.7	3091.2	3048	2247.5
"L07044_at"	1407.9	279.2	877.5	2052.4	560.8	317.8	735.3	445.6	562.9	543.4
"L07077_at"	392.4	110.6	57.2	165.1	118.1	15.5	65.1	271.8	236.5	11.5
"L07261_s_at"	84.6	86.5	643.1	131.7	37.2	89.7	335.8	430.6	322.6	209.3
"L07493_at"	1324.3	1150.2	1807.3	6251.2	1702.3	1470.6	210.3	1893.4	1821.7	1650.4
"L07515_at"	130.4	169.1	266.4	426.6	71.5	180.6	60.6	149.9	366.6	76.1
"L07540_at"	78	49.8	50.4	72.2	32.6	35.2	72.3	49.7	52.4	26.5
"L07541_at"	15.1	27.1	132.3	267.8	27.8	13.2	399.9	59.2	133.4	65
"L07548_at"	1744.6	1570.6	1510.4	2768	794.5	1149	2459.8	2136.3	1981	1396.4
"L07590_at"	432	533.7	221.9	617	1060.8	1025.8	679.7	615.6	406.7	469.7
"L07592_at"	1904.4	1383.7	725.1	988.6	1464.3	1409.4	1737.8	3053.1	2167.8	1292
"L07594_at"	46.8	103.3	277.5	620.3	33.6	88.7	111.8	33.1	54	28
"L07597_at"	5172.6	4472.6	5890.1	4416.6	3567.7	6876.4	11696	15400.3	10425	5376.1
"L07615_at"	9.7	21.6	146	57.6	77.6	18	32.4	122	155.9	33.1
"L07633_at"	22216.9	11953.3	23464.9	15128.6	16122.8	15881	12853.8	17308.3	21235.5	16921.9
"L07648_at"	1081.9	1214	1304.9	4371.9	1608	1152.6	1692.9	2144.9	2520.8	2499.5
"L07738_at"	425.5	481	418.4	1425.8	454.8	383.7	1619.1	438.3	536.9	428.6
"L07758_at"	1918	1782.2	2260.4	3392.5	1160.8	4434.3	1974.5	2340.5	2283.7	2232.4
"L07765_at"	26398.7	13421.7	18842.9	42633.7	16345.1	16627.6	25676.9	15283.7	21583.8	17712.1
"L07807_s_at"	701.6	767.3	256.3	411.8	1457.8	1378.1	873.8	1962.6	1587.8	1055.8
"L07868_at"	306.8	41.3	47.3	455.3	79.6	74.7	42.1	134.9	35.7	28
"L07919_at"	387.7	87.3	345.7	119.4	141.7	36.3	383	221.5	173.2	17.2
"L07949_at"	209.7	23	167.9	33.5	159.4	11.8	122.7	100.9	133.6	84.8
"L07956_at"	896.2	1540.2	1029.1	1627.3	2317.1	3013	2462.3	1751.6	1448.7	1351.7
"L08010_at"	891.5	649.2	488.2	1200.3	720.2	679.2	726.5	744.7	713.1	486.5
"L08044_s_at"	365.2	7132.6	748.4	71812.2	1801.7	2096.5	1103.6	1846.9	789	660.1
"L08069_at"	12548.7	39781.5	24490.4	9050.2	34839.8	23561.6	12409.8	15065.1	22549.1	25898
"L08096_s_at"	1266.9	373.5	896.1	176.4	494.9	301.6	849	566.1	295.4	252.4
"L08177_at"	389.6	636	213.4	432.8	600	2737.4	507.2	123	1120.4	804.2
"L08187_at"	2912.3	2483.3	1754.5	2306.4	1621	2762.4	3763.1	1645.6	2002.4	1779.9
"L08246_at"	10377.7	13442.1	7069.2	3794.6	17904.4	11057.9	6767.4	10427.5	17125.7	14234.8
"L08424_at"	85.6	62.6	286.6	62.3	29	24	107.1	172.2	44	20.2
"L08485_at"	43.5	171.1	17.5	60.7	28.8	13	61.5	32.9	190.1	0.5
"L08488_at"	1505.9	1596.7	733.5	1578.6	665.2	2621.8	996.6	1566.9	1175.5	1579.6
"L08666_at"	10646	7729.8	8513.3	11139.9	11257.4	15111.8	16476	11483.2	13762.9	15276
"L08835_rna2_s_at"	1008.7	579	134.1	5070.7	519.5	302.9	291.1	153.3	249.4	459.5
"L08895_at"	33.9	74	27.7	20.2	40.4	21.3	52	200.5	231.8	151.6
"L08904_at"	1434.2	1527.6	1876.6	1558.8	1351.5	995.4	678.8	1982.4	2041.6	1442.5
"L09190_rna1_at"	1503.6	72.3	588.9	472.6	384	276	552.3	699	630.9	449.9
"L09209_s_at"	28726.6	22818.1	19270.5	18050	22777.1	22808.5	34646.8	26403	22879.3	26212.9
"L09229_s_at"	13595.6	9332.1	5000.7	1918.4	17670.7	22423.7	27349	20989.1	8748.9	11721.1
"L09230_s_at"	1046.1	66.6	558.4	63.8	344.6	661.3	2753.5	640.6	539.6	560.7
"L09234_at"	139.6	14.3	68	70.4	34.2	8.4	237.5	12.6	14.4	5.8
"L09235_at"	1696.8	665.4	374.3	339.4	39.3	905.5	2071.8	1145.1	393.3	521.8
"L09260_at"	5652.6	4216.7	6830.8	7677.4	4414.7	6205.1	5077	5391.4	7595.6	6922.7
"L09604_at"	22405.8	11473.9	7572	11698.4	4719.9	14609.3	14865.9	10229.1	10491.3	10791.4
"L09708_at"	7043.6	7215.3	12937	1055.3	10552.3	7436.7	4408.1	7567.2	6997.5	7206.9
"L09717_at"	1666.5	2487.8	2768.1	1370.4	4422.1	3433.4	1115.4	4165.5	4096	3637.6
"L09749_at"	329.9	114.7	188	103.4	14.9	113.7	37.3	79.1	35.4	50.3
"L09753_at"	48.2	53.5	28.6	54	23.2	67.8	84.9	39.8	25	22.1
"L10035_at"	291.1	72.5	43.1	138.7	79.1	224.1	251.9	171.7	118.4	494.2
"L10102_rna1_at"	289.1	45.3	32.3	80.2	40.5	18.2	95.3	56	31.9	28.1
"L10123_at"	104.9	86.4	292.9	398.6	228.3	176.2	46.1	308.6	137.6	105.4
"L10284_at"	17606	13294.6	15040.8	25991.6	19855.3	19855.7	24092.3	20645.4	22034.3	23653.6
"L10333_s_at"	2085.1	1678.8	4442.9	765.1	4797.5	1279.3	1607.2	2997.8	3001.2	2472
"L10338_s_at"	1649.3	2497.1	1276.8	1679.9	943.2	1316.2	1664.4	1221.2	1004.5	1061.1
"L10343_at"	1329.9	1838.5	337.5	2871.4	797.4	1870.9	2409.3	594.2	595.3	291.3
"L10373_at"	90.2	46.4	53.6	641.1	129.6	96.5	127.1	133.3	50.1	47.6
"L10374_at"	354.3	171.4	61.2	268.6	34.9	134.6	226.2	242.3	54	18.3
"L10377_s_at"	239.4	330.7	98.8	158.8	244.9	279.2	211.6	282.3	162.9	178.8
"L10378_at"	3206.6	1586.8	2239.9	2740.2	1494.6	1253.6	2849.7	3208.3	2153.8	1781.2
"L10381_at"	146.2	38	176.2	101.5	226.3	252.6	424.4	1045.5	347.2	173.1
"L10386_at"	719.3	841.1	308.9	1817.6	252.7	527.8	843.8	293.5	389.5	249.8
"L10403_at"	104	92.3	120.5	560.8	191.6	143.7	243.2	189.7	526.2	91.3
"L10405_at"	584.8	785.4	660.2	790.6	494.8	363.5	821.6	576.5	572	263.7
"L10413_at"	6168.4	7464.8	10547.3	12078.5	7742.3	7926.9	3609.6	8979.1	10530	8784.5
"L10615_s_at"	4505.1	5317.3	3371.1	5973.5	5212.1	4768.1	8580.6	5376.5	5959.2	4152.8
"L10665_at"	417.3	283.9	49.2	680.1	190.9	57.6	83.8	130.9	356.8	37.4
"L10678_at"	378.5	335.1	52	22371.8	67.6	72.8	128.7	110.8	292.8	36.4
"L10717_at"	105.3	155.8	333.1	295.2	683.7	1613.5	24.5	189.8	71.6	350.3
"L10838_at"	5318	17489.5	20865.5	5163	7102.9	5250.3	8299.2	6839.9	9512.1	5392.9
"L10844_at"	141.9	153.8	42.6	61.1	8.3	29.2	100.7	43.9	29.1	16.8
"L10910_at"	656	1088.1	794.2	2128.2	1646.7	970	765.2	1137.6	968.1	1279
"L10955_cds1_s_at"	346.5	493.8	147.9	264.9	331.2	94.4	855.5	218.3	119.6	74.6
"L11005_at"	456.8	141.8	55.9	417.9	194.5	279.1	165.9	224.4	262.5	107.8
"L11066_at"	8643.6	7967	9039.6	7790	6958.9	10630	11105.7	11170.7	11192.1	12342.4
"L11238_s_at"	295.9	58.7	38.1	417.5	89.7	52.2	44.6	74.6	183.1	131.6
"L11239_at"	163.5	140.4	73	122.9	169.8	127.5	160.8	107.9	85.4	108.5
"L11244_s_at"	90.5	54.7	99.2	237.2	57.8	64.9	448.1	49.1	240.9	37.1
"L11284_at"	9169.6	9308.9	5781	1934.6	8403.8	13271.1	4668.3	8509.4	6487.7	6948.4
"L11285_at"	6599.9	3834.1	4458.5	5923.1	3598.3	7556	11519.1	5865.5	8761.1	7263.9
"L11329_at"	2533.4	13863.6	25219.9	310.8	15224.6	11580.9	1001.2	821.4	10424	6567.2
"L11353_at"	585.2	609.4	1008.9	760.5	599.2	521.2	399	799	565.2	869
"L11369_at"	1214.5	1315	1291.5	2351.8	364.9	861.6	1976.8	988.3	486.8	541.8
"L11370_at"	1935.7	2569.1	2396.2	9768.3	2022.9	2334.9	2530.6	2985.2	2412.1	2189.3
"L11372_at"	35.4	110.8	78.6	83.9	140.1	23.1	56.6	68.7	27.3	25.6
"L11373_at"	904.1	1169	1089.3	4813.1	951	1360.1	2085.4	3300.3	1773.2	1430
"L11566_at"	34811.2	38283	46037.6	41859.6	28327.8	27371.9	32852.3	23801.2	39433.6	38028.7
"L11573_at"	194.2	190.3	136.4	162.3	107.3	12.8	602.5	238.3	162.1	18.3
"L11669_at"	4830.6	3410.3	5707.3	7257.5	3091.5	3616	9209	5506.3	6414.8	4344.5
"L11672_at"	4435.4	5323.2	3764.3	7616.7	5133.7	5891.4	3700.6	7799.5	3614.8	5229.5
"L11672_r_at"	1535.2	1650	2476.4	3188.1	1935	4116.3	1053.6	3884.3	1410.7	3518.1
"L11695_at"	100.1	42	28	47.3	19.3	59.5	198.2	136.4	57.1	69.9
"L11701_s_at"	483.2	504.5	37.2	235.6	85.2	73.7	418.1	86.9	105.1	35.2
"L11702_at"	412.4	469.3	255.1	885.9	79.4	218.5	275.9	520.9	210	197
"L11708_at"	171	641.2	196.4	595.3	117.4	93.2	670.9	339.7	179.1	92.1
"L11931_at"	480.2	570.4	134.7	870.1	275	418	202.5	284.6	560.9	82.2
"L12052_at"	79.7	549.7	44.6	247.2	147.8	46.5	330	78	93.8	35.6
"L12060_s_at"	181.9	362.7	132.6	176.1	109.1	128.3	527.1	229.4	142.7	99.4
"L12168_at"	25871	18628	39362.4	16520.2	31532.3	31123.1	34186.8	39124.3	38450.7	31147.6
"L12350_at"	182	36.9	169.6	257.1	243.9	39.9	17.8	226.7	127.4	86.2
"L12392_at"	6744.9	2865.9	3045.6	5469.3	3695.9	4102.5	7310.4	6810.2	6072.4	3730.1
"L12468_at"	327.8	216.1	264.8	193	92.4	87.5	588.1	211.6	225.5	87.7
"L12535_at"	2174.1	2022.9	4325.3	1368	4591.3	5030.7	954.2	5389.4	6554.2	5655.1
"L12701_cds2_at"	212.5	430	298.2	655.7	282.5	216.6	148.9	724.8	598.1	214.1
"L12711_s_at"	4154.2	4934.7	16146.9	5896	10296.1	3153.4	14524.6	9984.1	13216.4	9632.6
"L12723_at"	1418.4	2275.9	1565.2	1158.7	1582.3	2727.2	2226.2	2061.3	1019.4	2352.2
"L12760_s_at"	46.9	28	42.3	64.4	253.7	52.9	111.3	74.3	47.1	124.2
"L13042_at"	298	483.1	71.7	551.7	80.9	105	230.3	468.1	103.9	83.4
"L13197_at"	341.7	335	328.4	1182.2	657	380.9	330.2	511.6	681.2	203.7
"L13203_at"	1744.3	1573.9	1466.1	3463.1	844.4	1013.5	1960.6	1400.5	1293.7	1193.2
"L13210_at"	28893.5	21348.3	51693.8	22030.5	25689.9	20713.7	23460.6	33643.8	18318.6	20806.8
"L13258_at"	123	139.5	67.2	144.2	112.2	58.8	250.6	72.3	117.5	65.6
"L13266_s_at"	1310.8	993.3	1276.2	1438.5	1163.2	769.5	1969	842.3	322.5	931
"L13278_at"	389.2	169.5	614.1	1004.5	1178	472.3	486.4	1522.9	865.6	599.2
"L13286_at"	269	161.2	18.3	399.6	39	29.2	141.4	74.7	37.9	22
"L13329_at"	602.9	655.2	745.9	2011.4	1074.5	625.8	434.7	1192.2	1312.7	1186.2
"L13391_at"	470.8	4724.3	18759.6	666.6	3615.7	909.1	42.7	151.9	4380.5	2022.4
"L13434_at"	2495.5	1919.9	1328.2	1399.8	2538.6	2761.2	2487.5	2350.4	1874.3	1997.9
"L13436_at"	386	553.1	133.4	178.8	69.1	75.3	89.5	172.8	167.5	74
"L13689_at"	1238.9	691.2	794.2	4569.3	1255.8	1087	805.6	1385	1127.7	1606.2
"L13698_at"	358.5	142.9	146.3	879.3	24.4	24.5	187.7	533.1	151.4	64.8
"L13720_at"	266.7	229.4	188.3	1162.5	191.3	192	213	193.2	225.7	204.4
"L13738_at"	2750.5	1620.4	1394.5	2803.3	1325.1	631.8	3041	3077.2	1615.1	783.6
"L13740_at"	1183	3884.1	9231.5	1538.3	2261.3	1309.4	413.4	303	5000	2579.5
"L13744_at"	108.2	22.5	28.3	425.4	257.7	88.6	42.2	180.6	184.5	72.3
"L13761_rna1_at"	2868.5	2352.4	2291.5	2124.3	2676	2925.8	1865.7	1976.4	1795.6	2514
"L13773_at"	1400	1126.7	906.5	2460.6	1117.6	1069.6	1102.2	1434.7	1434.2	978
"L13800_at"	571.1	332.8	403.1	920	578.5	551.3	773	1453.2	1175.9	679.8
"L13848_at"	487.1	1777	1626.4	2430.2	1094.6	1401.4	1255	1375.3	1340.2	1358.7
"L13852_at"	5377.9	3778.4	6773.1	8149.7	4054.9	2433	5627.9	6947.8	7004.6	4404.9
"L13923_at"	768.6	321.3	428.2	410.9	1695.7	261.9	854	540.1	173.5	73.4
"L13939_s_at"	8983.9	5821.1	7559.9	8289.2	8955.2	6070.9	11188.9	6344.4	5320	6455.9
"L13943_at"	2334.4	1110.9	1303.6	1610.5	2968.9	3379.4	1879.6	2989.5	2425.7	3538.4
"L13972_at"	1525.1	1396.1	1586.6	431.9	773.9	887.9	522.4	2461.5	859.4	698.7
"L13977_at"	6546.3	1409	4688.5	1822.3	2912.1	2386.9	5724.3	1964	5666.8	5614.6
"L13994_at"	143.7	108.7	49.9	145.2	63.9	92.6	119.5	147.3	90.4	56.5
"L14076_at"	4622.8	5593.9	4092.7	6645.9	4199.2	6638.4	4630.1	5702.2	6463.6	5321.6
"L14269_at"	120.7	101.5	50.4	416.9	235.8	69.7	267.9	57.6	95.5	31.2
"L14430_at"	17.5	169.2	21.3	26.7	23.1	14.8	578.7	67.2	27.6	19.5
"L14542_at"	52	107	17.2	60.5	95.4	39.3	240	146.8	24.3	6.6
"L14565_at"	264.8	265.4	208.4	406.9	255	260.8	400.2	363.8	211.7	217.6
"L14595_at"	614.1	982.4	737.6	1289.4	221.1	701.5	2660.6	1214.8	976.9	1347
"L14754_at"	3207	3139.9	2530.5	1119	1303.8	1885.5	3905.3	2111.5	1570.6	2296.8
"L14778_s_at"	2448.9	1567.9	2155.3	2982.4	1819.6	1311.5	1135.9	5428.9	2949	2181.2
"L14787_at"	657.7	490.3	248.5	955.3	534.2	621.8	1338.4	689.4	687.3	293.2
"L14812_at"	205.1	152.3	394.7	408.6	336.3	124.9	543.5	523.3	378	231.1
"L14813_at"	622.7	611.1	466.2	655.2	404.4	269.4	682.6	430.2	199.8	382.6
"L14837_at"	611.2	781.8	201	4700.2	149.8	588.3	533.6	489.4	160.6	184.7
"L14848_s_at"	2162	2395.1	1211.2	1599.4	1358.6	1986.4	2181.3	1809.6	2245.6	1197.8
"L14856_at"	2920.7	2595.8	1684.6	2910.8	1582.6	2968.9	5483.9	3492.6	2454.4	1559.2
"L14922_at"	287.9	29.1	350.6	679.3	264.8	70.9	316.9	816.8	458.5	342
"L14927_at"	527.3	380.4	516.6	603.5	831.9	1248	903.1	491.2	1124	1056.9
"L15189_s_at"	2977.6	3077.1	2684.8	1565.5	2362.2	3607.1	2914.2	3264.1	1957.7	3696.2
"L15296_s_at"	199.4	148.3	650	1090	90	109.9	151.5	163.2	370.1	76.7
"L15309_at"	227.8	294.4	150.1	492.1	281.8	173.7	86.8	337.2	371.7	280.9
"L15326_s_at"	3314	6886.4	456.7	180.2	14676.5	22428.1	110.7	208.6	1122.6	3107.4
"L15344_at"	595.2	581.7	383.8	1468.5	754.8	783.1	369.9	1338.7	327.4	533.5
"L15388_at"	434.2	772	109.3	833.9	382.9	406.8	176.2	613	542.8	280
"L15409_at"	998.9	981.3	1000.8	1365.3	877	943.8	1048.3	1771.7	1545.4	1596.4
"L15440_at"	411	429.1	230.7	266.7	191.7	334.7	382.8	324.9	413.1	218.9
"L15533_rna1_at"	42.3	71.3	33.6	153.1	59.1	43.5	83.6	93.9	80.2	20.6
"L15702_at"	22670.8	2601.6	1380.5	4424.8	769.1	4761.3	1026.8	816.4	762.3	116.7
"L16464_at"	654.5	647	458.6	525.6	556.2	862.5	1213.4	183.7	232.2	243.9
"L16782_at"	285	64.8	5.7	30.1	68.4	24.2	42.1	29.5	27.5	7.2
"L16842_at"	11127.8	5235.8	9732.1	12813.6	5698.7	6521.2	12202.7	14297.9	12573.8	10236.6
"L16862_at"	8926.6	4393	4871.5	4768.1	4094	5886.1	11899.7	10159.7	7417.1	5667.5
"L16895_at"	140.4	43.5	231	434.6	31.6	112.1	67.7	190.9	204.6	53
"L16896_at"	1898.6	741.6	1488.8	4892	570.4	503.4	1653.3	2003.9	1543.6	1214.7
"L16991_at"	1092.9	666.7	373.2	1818	921.2	525	1269	1483.2	1671.5	1087.1
"L17075_s_at"	1061	624.6	1225.1	576.4	1375.7	441.6	1403.5	837.1	796.1	561.4
"L17128_at"	1103	639.9	874.2	1031.2	628.1	737.3	1412.3	1218.9	852.3	685.4
"L17131_rna1_at"	13701.9	14893.5	7504.6	7228.6	18748.6	15965.9	12583.3	8382.1	7189.1	25099.9
"L17325_at"	21.2	27.9	13	49.5	24.7	10.8	140.1	17.5	36.1	8.7
"L17327_at"	601.8	1229.6	601.9	1277.5	933.3	882	1748.3	245.7	424.5	417.2
"L17328_at"	45.5	490.3	158	534.5	30.6	97	39.1	232.9	606.1	107.3
"L17330_at"	141.5	122.7	41.6	305.6	37.8	38.9	119.8	68.1	61.2	95.8
"L17418_cds2_s_at"	36.1	19.3	14.3	53.5	28.9	40.7	242.3	379.9	113.1	33.5
"L18877_f_at"	213.2	223.8	336.6	498.5	39.2	206.1	355.5	139.8	331.9	37
"L18920_f_at"	370.6	70.1	179.1	142.8	38	224.7	177	263.4	286.9	86.5
"L18960_at"	2821.3	4623.6	3804.9	6805.5	8789.2	6378.6	2092	4369.5	5224.9	9617.4
"L18972_at"	2056.4	1647.9	1655.2	2277.7	946.7	1854.8	2110.1	1632.2	1693.7	1410.5
"L18983_at"	2743	3458.2	1951.8	4084.2	2218.6	2352.7	4926.7	3783.5	2321.3	1927
"L19058_at"	51.2	197.8	49.2	63.3	192	44	278.3	162.3	281.9	173.9
"L19063_at"	45.8	24.8	52.5	94.4	44.7	41.3	29.5	47.1	110	12.9
"L19067_at"	2642.4	3168	1918.5	2021.4	2963.5	5239.4	2083.6	1600.6	2472.9	2007.1
"L19161_at"	353.5	282.6	770.2	471.2	399	320.9	1022.2	631.3	359.3	448.3
"L19183_at"	403.5	293	803	1231.4	471.9	297.4	343.4	1753.5	2218	781.3
"L19267_at"	1669.4	2674.7	1329.1	5420.8	1288.2	1479.4	467.3	1997.5	1660.9	1781.5
"L19297_at"	116.7	262.5	45.1	43	76.9	53.5	52	446.4	66.9	28.8
"L19314_at"	184.2	3046.6	732.3	3108.5	144	169.6	50	240.1	76.2	91.9
"L19401_at"	265.7	177.5	23.4	406.7	112.3	133.4	59	220.1	174.9	103.2
"L19437_at"	47769.2	25787.6	14927.7	32275.7	14825.4	38673.9	47748.7	17902.7	33801.7	23207.7
"L19493_s_at"	295.2	793.4	346.4	903.7	763.6	661.6	401.1	954.4	679.4	598.3
"L19527_at"	28614.1	51469.1	48540.7	18859.3	44036.2	28182	31437.1	29348.3	39157	39695.5
"L19593_at"	197.8	130.5	433.7	411.7	219.2	57.3	338.9	601.7	428	237.1
"L19605_at"	28709.7	23829.5	27956.6	38055.9	24120.7	29398.7	49925.9	35241.6	40836.7	29307.6
"L19686_rna1_at"	29279.7	16763	22596.4	24339	13973.5	18612	61366.8	14639.3	17939.3	15015.4
"L19711_at"	1273.7	516.6	787.6	4044.8	787.7	460.7	824.1	1228.1	1189.2	841
"L19778_at"	175.6	30.6	15.2	110.9	10.2	19.9	21.2	18	103.5	22.7
"L19779_at"	19294.1	21585.2	13107.5	21836.6	13227.7	16486.1	22968.3	4881.1	14676.1	8362.8
"L19783_at"	886.2	586	1049.8	1781.3	773.9	1212.9	970.9	1413.1	1715.3	1185.9
"L19871_at"	2720.3	7129	2904.5	1413	9233.9	2504.5	3063.5	1429.8	13961.8	12746
"L19872_at"	2029.8	4056.6	1481.2	2094.4	6962.4	5441.4	980.2	3300.3	2781	4977.6
"L20010_at"	3679.8	4338.9	4118.3	6178.9	4529.8	4851.9	4619.4	6004.3	4897.1	4744.7
"L20298_at"	7931.4	4061.4	10141.7	10028.8	10828.9	8536.1	9743.2	15828.1	15012.5	12294
"L20316_at"	766.3	445.5	479.4	585.8	292	788.5	2589.6	1417.2	452.8	329.2
"L20320_at"	1711.8	2367.5	781	2743.8	1889.9	2404.5	1610.6	2751.8	1838.4	1880.9
"L20321_at"	422.8	211.3	522.5	2062.6	705.3	500.9	277.2	562	609.5	585.7
"L20348_at"	125.7	309.2	367.1	559	482.8	83.5	225	347.5	365.7	175.2
"L20433_at"	58.3	128.8	53.9	70.5	31.6	44	111.3	67.8	58.3	28.2
"L20469_s_at"	422.7	525.6	82.8	153.6	135	231.2	140.9	83.7	185.6	92.8
"L20591_at"	142.9	227.7	79.9	587.8	289.4	196.3	249.2	168.5	121.1	38.4
"L20688_at"	61608.8	46896.6	75483.5	9583	68517.3	39957.4	52708.2	50259.8	54485.6	51124
"L20773_at"	2716.3	2768.9	3647.7	1990.6	2845.9	2792.6	3786.9	2884.3	3704.7	3519.4
"L20814_at"	211.6	223	227.2	439.7	229.5	99.7	467.6	330.4	195.7	137.5
"L20815_at"	1203.1	707.9	1072.1	1572.1	966.7	1260.2	4085.6	1531.6	625.3	1029.5
"L20826_at"	456.1	99.4	218.7	3785.3	247.7	199.1	559.6	345.5	281.8	124.1
"L20852_at"	66.4	254	276.3	2485.9	53.3	222.9	111.5	410.8	444.4	161.4
"L20859_at"	1719.6	2989.2	2496.9	5518.8	2098.6	1591	514.4	2531.4	3095.3	4905.8
"L20860_at"	704.1	180.4	202.3	254.1	61.3	510.8	96.4	154.5	73.8	206.6
"L20861_at"	572.8	323.6	132.6	1165.3	192.9	649.7	129	48.7	188.2	81.8
"L20941_at"	81308.8	85921.7	72959.2	34161.3	76995.1	56904.8	86007	52589.9	68976.5	55773.9
"L20965_at"	526.8	212	617.6	513.5	335.5	561.8	1074.4	651	658.3	465.1
"L20971_at"	2127.3	1498.1	600.2	69.4	3551	2475.8	70.2	383	160.4	285.2
"L21715_at"	337.6	713.9	1128.7	121.7	1146.4	66	742.6	790	1021	792.5
"L21893_at"	483.4	554.1	101.4	57.7	442.4	424.8	356	570	494.3	389.5
"L21934_at"	750.8	702.2	537	730.5	1101	1651.8	831.2	1206.2	814.7	1092.2
"L21936_at"	5121.6	2945.6	3455.5	6527.6	3044.5	5007	5256.6	4816.6	4416.1	3780
"L21954_at"	26665.9	32070.9	34247.6	10758.5	27203.7	20761.7	42798.9	38804.5	39999.5	28728.6
"L21993_at"	877.5	612.1	159.7	4411.7	245.2	151.3	293.2	303.9	251	129.3
"L21998_at"	1801.1	2469.8	1586.3	2440.7	1394.2	1937.9	4145.3	1801.9	1612.2	1405.8
"L22005_at"	3078.1	1938.8	1976.5	3714.1	1421.6	2821.6	4760.4	2673.7	2175.3	2267.4
"L22009_at"	1732.8	6032.6	1453.1	4594	2835.9	1623.9	810.8	2820.1	2696.3	2277.8
"L22075_at"	422.8	701.6	860.4	80	743.3	522	849.3	301.1	458.4	1318.8
"L22206_at"	397.7	438.3	273.8	328	155.7	202.8	270.2	354.1	293.2	209.3
"L22214_at"	242.4	141.2	1575.8	1241.9	274	143.4	213.8	823	293.7	105.6
"L22342_at"	5021.9	8726.7	6303.3	4068.9	3392	4103.1	3303.5	5669.6	5079.7	5052.3
"L22343_at"	1229.1	2682.8	1116.5	915.9	373.2	778.5	1673.9	872.4	848	417.5
"L22454_at"	457.5	1566.7	857.1	2487.1	1187.5	1658	1451.1	1244.9	994.2	1047.8
"L22524_s_at"	409.1	547	179.4	351.6	313	697.1	1292.1	334.9	498.8	408.2
"L22548_at"	254.2	814	901.4	1911.1	742.1	413.4	156.2	433.5	212.3	704.8
"L22569_at"	92.7	31.1	32	277.1	50.4	56.5	49.9	156	66.6	44.3
"L22650_at"	39	47.5	265	261.4	162.4	374.6	129.1	96	207.9	190.2
"L23116_at"	2133	909.8	3845.4	6489	3869.2	1340.3	3135.9	4664.1	4343.3	4440.2
"L23333_s_at"	1266.5	2038.2	1129.6	2170.4	1591.7	1136	2132.8	1522	1340.6	1238.6
"L23808_at"	1102.8	351.9	237.8	323.4	960.1	1481.2	471.1	2788.8	1720.5	3275.6
"L23852_at"	842.8	81.6	30.4	69.1	47.7	62.6	136.2	150.8	65.8	30.3
"L23959_at"	184.5	185.1	270.2	267.5	99.2	135.8	303.3	201	145.4	304.5
"L24203_at"	368.3	1170.8	480.4	8299.5	591.6	284.5	953.4	632.8	454.4	542.8
"L24470_at"	197	231.1	101.4	879	186.2	104.3	217.1	26.9	128.7	23.9
"L24559_at"	4044.5	1189.3	2432.6	2429.4	1868.7	1452.5	4729.8	2900	2919.1	2966.3
"L24564_at"	77.5	13656	477.7	12600.9	3042.6	734.2	114.3	46.7	110.4	70.4
"L24774_s_at"	3583.1	2312.6	4182.5	4973.6	1927.4	1929	5222.3	4298.5	3457	3166.7
"L24783_at"	2790.2	1709.7	1111.4	3224.1	1338.6	1435.2	1786.7	2121.8	2208.7	1607
"L24804_at"	1788.4	3579.8	3887	5315.6	2302.8	2473.4	1702.6	4071.9	2890.8	3156.5
"L24893_s_at"	462.6	240.6	52	113.2	79.5	69.5	303.4	112	158.3	39.4
"L25080_at"	45217.3	43753.8	42218.3	32341.5	43780.7	38655.8	52931.2	33300.2	50380.8	37204.6
"L25081_at"	6256.3	8086.9	3143	7977.8	2696.5	6284.5	3070.1	1382.9	2059.8	1954
"L25085_at"	8901	12077.5	7533.5	7363.8	9287.6	13636.6	11878.9	7784.5	8747.2	8816.9
"L25119_at"	206.2	264.4	186.6	592	332.2	328.5	86.1	321	353.2	295.1
"L25270_at"	1430.9	839	1311.3	3785	1369	1949.9	1489.3	1984.6	1239.7	1309.3
"L25286_s_at"	25.2	53.7	89.9	207.6	52.2	10	24.9	143.9	255.2	55.2
"L25441_at"	363.2	200.1	269.2	204.1	354.6	220.8	103	541.7	307.2	106.8
"L25444_at"	1611.2	1227.2	1864.2	3577.2	1122.3	706	1333.8	2464.8	2386.9	1882.8
"L25798_at"	90	532.4	721.3	130.8	319.6	259.2	114.7	254.1	645.8	288.7
"L25851_at"	1335.3	942.1	2220.5	1858.8	1058.7	2104.8	2027.4	4616.3	4562.3	3670.5
"L25876_at"	493.1	734.6	666.8	353	419.9	441.9	770.8	665	672	392.5
"L25878_s_at"	2212	798.9	1639.9	16454.5	1028.3	1759.5	4291.6	2513.1	1213.6	2955.1
"L25931_s_at"	1472.3	462.3	544.5	1192.3	708.7	562.1	941.2	1072.4	902	958.6
"L26081_at"	48.3	59.5	77.8	1063.6	30.5	55.7	59.9	77.7	29.1	22.5
"L26234_at"	529.8	142	161.5	552.5	154.5	83.2	327.6	404.9	524.1	143.4
"L26247_at"	45129.3	107467.4	72712.2	14986.8	69614.9	59948.9	80163.6	52331.5	68759.3	63791.8
"L26336_at"	501.5	3319.7	5207.6	2068.7	1732.1	891	451.2	423.7	589.5	827.1
"L26339_at"	1982.8	438.2	309.4	438.6	302.7	1503.4	2834.9	458.1	468	348.1
"L26494_at"	96.8	431.2	172.2	166.3	137.9	93.6	935.7	120.7	185.5	63.6
"L26584_s_at"	63.2	362.8	290.8	123.7	74.7	82.5	132.8	123.4	113.9	74.9
"L26953_at"	24.6	171	8.5	247.3	107.9	18.1	183.2	344.4	152.9	74.1
"L27050_at"	74.4	36.4	34.2	76	57	24.3	96.1	36	28.4	11.9
"L27071_at"	135.1	26.8	218.9	324.6	230.9	30.3	72.9	401.7	307	23.4
"L27080_at"	335	277.5	279.9	468.9	365	418.2	519.9	374.8	310.4	213
"L27213_s_at"	165.1	161.7	84.7	98.8	121.4	74.9	161.5	106.1	87.6	54.5
"L27476_at"	1078.6	4115.4	805.8	6706.3	5000.2	3935.2	428.2	1047.7	714	908.8
"L27479_at"	448.2	972.3	185.4	1472.6	393.2	1071.8	249.9	163	151.2	296.3
"L27559_s_at"	70.3	69.6	13.6	1143.4	118.8	22.3	53.9	39.5	30.8	9.3
"L27560_at"	202.8	136.2	87.2	21272.2	19.6	23.1	112.4	34.1	20.5	15.9
"L27584_s_at"	315.2	328.8	278.2	2125.5	1408.6	455.5	1596.7	1080.7	788.6	322.6
"L27586_at"	73.6	856	545.7	252.9	385.2	618.4	155.5	362.2	146.2	387.3
"L27624_s_at"	159.6	448.7	26.3	107.2	345.4	1624.1	39.2	34	58.9	9.4
"L27706_at"	1805.2	2641.6	2350.6	4195.3	1935.1	2677.1	481.1	2154.9	2458.1	3625.4
"L27841_at"	1710.8	1037.6	1358.1	5981.1	1556.9	1546.2	2229.2	3370.6	1973.8	2039
"L27943_at"	214.5	309.7	142.3	261.7	90.9	371.3	1218.9	1402.7	832	471.5
"L28010_at"	2433.1	4495.6	3298.9	10223.9	4309.9	5290.5	2936	5386.3	4508.5	4656
"L28175_at"	947.6	1121.3	416.2	1322.9	1553.7	1167.5	3314.9	1558.5	1475.9	831.2
"L28821_at"	2511.7	1331.4	1170.8	1333.7	1512.3	1303.8	2275.7	2465.9	2559.7	1583
"L28957_at"	370	600.8	362.3	120.6	480.2	649.4	622.1	537.7	551	698.8
"L28997_at"	1245.4	944.8	1498.2	2492.2	1440.9	1816.4	1251.8	1907.4	1444	1878.7
"L29008_at"	610.3	1232.2	1970.2	15890	1669.3	1157.9	1471.9	2165	1741.9	1475.6
"L29217_at"	2355.6	2670.5	1877.4	689.1	2609.6	2737.1	2643.9	2511	2863.3	2353
"L29218_at"	2241.9	1553.9	780.7	3098.4	953.8	2065.4	2386.5	1822.7	1324.3	1451
"L29277_at"	2409.7	3287.8	3857.2	1816.6	2698.3	3291.8	3275.5	5104.4	2782.6	2479.1
"L29306_s_at"	17.3	302.6	53.5	80.6	189.3	77.1	430	114.3	298.2	76.6
"L29339_at"	163	155.1	117.7	1148.8	129.5	73.2	179.8	111.1	62.8	55.6
"L29376_at"	202	132.1	399.6	654	172.5	260.3	191.7	117.5	170.8	400.1
"L29433_at"	85.5	88.4	375.5	477	145.4	117.3	860.5	318.4	161.1	363.7
"L31529_at"	586.7	334.8	614.1	51.2	51	792.8	783.6	1115.9	644.6	761.5
"L31573_at"	861.4	322.2	464.4	1632.9	294	264.2	1712.3	1551.5	923.6	273.3
"L31584_at"	2746.5	5913.8	436.7	1568.8	1441.5	6730.2	3163.3	1154.9	1042.3	865.8
"L31801_at"	108.3	843.3	794.4	747.7	985.2	601	718.6	1201.5	1445.9	1448.9
"L31860_at"	15.2	47	21.1	37.1	153.3	42	48.7	165.1	21.9	17.6
"L31881_at"	353.9	257.3	160.8	280.7	293.9	446.2	2916.2	169.9	245.1	167
"L32137_at"	363	145.3	190	195.3	135.1	120	1121.6	242.9	130.2	109.4
"L32140_at"	31.8	37.7	18.9	40	73.7	92.5	53.5	218.9	209.6	40.4
"L32163_at"	2.2	42.3	4.9	12.7	35.7	4.3	13.8	5.7	5.8	11.2
"L32164_at"	274.8	300.2	240.5	457.8	224.7	242.3	315	458.8	218.7	114.3
"L32179_at"	104.3	399.8	51.9	919.4	101	124.8	167.3	739.1	196.4	45.2
"L32606_at"	72.5	102	88.6	267.8	86.3	67.5	118	83.7	173.5	67.1
"L32831_s_at"	1789.2	857.8	1156.6	1975.8	1223.7	1126.7	2083.8	1360.6	1606.8	963.1
"L32832_s_at"	2021.1	2035.5	2288.5	3232.7	2237.9	1879.1	2370.5	3619.1	1437.7	2243.6
"L32866_at"	217.7	305.6	1012.9	229.9	480.8	613.5	607.7	292.1	1174.5	470.1
"L32961_at"	182	347.5	142.9	393.1	286.7	203.3	614	225.2	234.3	112.8
"L32976_at"	3092.2	2182.4	3209.8	1131.6	1230.9	2391.6	2932.4	2387.1	2617.2	2536.9
"L32977_at"	10445.1	9309.4	9142.3	8879.9	6311.3	11842	9170.4	10588.2	13508.9	11424.3
"L33075_at"	17178.2	11853.5	13045	7801.2	15863.1	16611.9	16039.7	17305.5	11611.6	14792
"L33243_at"	2890.1	2625	1415.1	8921.9	1545.2	1710.9	5705	2357.3	1862.6	1539.8
"L33262_s_at"	395.8	76.2	141.4	40.7	30.8	150.3	133.3	375.3	307.2	99.6
"L33404_at"	169.1	171.5	60.8	148.2	311.8	276.4	252	133	367.3	42.9
"L33477_at"	57.4	20.9	40.2	64.5	13.4	10.2	68.3	26.1	23.1	18.3
"L33798_at"	182.3	112.3	301.6	136.7	73.9	59.2	224.4	103.5	105.6	48.3
"L33799_at"	587.7	569	634.6	1514.3	894.8	510.6	186.3	956.6	854.2	653.3
"L33801_at"	4212.3	5397.5	2643.2	1114.5	2023.8	5570.7	2530.4	1860.8	2890.7	3044.9
"L33842_rna1_at"	4747.1	3450	4470	10952.9	3025.4	2226.6	7008.2	2425.6	3837.2	4873.7
"L33881_at"	668.6	710.3	736.1	2304.2	1294.4	574.1	753.2	956.6	852.2	1267.5
"L33930_s_at"	421	1716.1	259.4	25694	526.4	935.4	84.8	423.4	313.5	160.3
"L34035_at"	67.3	39	58.9	60	192.5	39.2	82.7	54	63.2	24.2
"L34059_at"	652.1	693.8	168	1095.4	186.1	153.6	1101	759.9	663.7	329.8
"L34060_at"	184.5	528.1	238.6	667.6	294.5	163.9	309.5	478.1	302.7	140
"L34075_at"	1188.8	876.5	1588	1662.7	738.7	888.5	2922.5	2038.2	1242.6	1036.5
"L34081_at"	49.1	27.2	36.5	91.6	89.4	25.5	52.2	182.2	153.5	157.9
"L34155_at"	172.6	396.4	46.1	1773.7	91	49	110.7	63.6	82.3	50.7
"L34219_at"	155.6	240.3	521.3	172.1	288.1	72.1	120.5	271.6	119.1	76.5
"L34355_at"	111.8	183.9	169	365.9	307.7	725.8	241.1	241.3	356.1	303.3
"L34357_at"	344	320	428.5	310.1	302.8	226.1	287.3	410.3	403.9	160.9
"L34363_s_at"	175.1	44.6	14.9	23.1	15.1	33.4	16.3	29.1	19	10.2
"L34409_at"	212.3	59.5	20.2	522.4	32	34.7	132.6	23.2	234.3	19.2
"L34587_at"	15419.4	28077.4	18560.2	5590.7	17733.7	21928.7	27255.2	13318.1	15135.6	20772.9
"L34600_at"	1425.3	1552	949.9	954.6	1568.9	1327	1112.6	1951.9	1281.3	1288.1
"L34657_at"	3694.5	3545.5	13320.5	665.7	11457.1	5331.5	2808.5	11253.8	13647.2	10523.9
"L34673_at"	27.6	225.1	31.4	30.2	26.3	16.7	109.3	37.1	13.3	16.1
"L34820_at"	749	89	129.9	537.7	155.9	47	271.1	514.7	447.5	192.5
"L34838_at"	37.5	50.9	65.4	50.5	20.4	37.2	40	59.5	19.1	27.4
"L35035_at"	949.2	539.2	697.4	1075.1	668.4	1216.8	119.8	851.5	806.2	853
"L35240_at"	5061	1222.2	1398.9	887.3	592.8	2388.5	2530.2	2261.4	1155.5	1308.9
"L35249_s_at"	18683.1	12209.3	13086.6	1661.2	17457.8	18785.9	17061.8	16279.3	16685.9	17924.7
"L35251_rna1_at"	521.5	274	48.7	597.4	185.8	183.3	52.2	262.2	147.8	232.8
"L35253_s_at"	763.5	1074.9	794.2	358.8	436	755.1	208.9	728	655.4	528.5
"L35263_at"	1356.9	1029.7	1576.3	1488.6	1476.2	1255.4	1490.7	2340.3	2063.2	1533
"L35269_at"	728.7	830.9	293.1	1004	562.2	403.7	182	968.1	723.4	718.1
"L35475_at"	978.6	1181	782.5	1680.2	673.6	1007.6	1394.8	1063.7	1213.5	885.1
"L35545_at"	4387.8	1592.1	3821.8	680.4	2404.1	1655.7	1073.1	1811.8	1242.6	1865.3
"L35546_at"	1455.4	15305.4	1717.9	9844.8	13342.8	23328.8	3156.4	1673.4	1634.8	6881.2
"L35592_at"	157	635.8	133.2	201.4	92.1	62.5	121	126.3	333.5	101.5
"L35594_at"	90.1	146.1	280.9	29.4	167.2	153.4	100.6	143.8	52.8	188
"L35854_at"	228.2	1090.2	616.2	1802.9	269.4	438.5	375.6	161.1	101.2	316.6
"L36033_at"	263.3	439.8	173	433.9	417.6	266.4	242.3	170.4	171	102.1
"L36051_at"	60.6	474.6	124.2	450.6	142.9	31.7	14.7	289.5	93.5	18.3
"L36069_at"	164	178.8	180	220.1	129.2	209.1	181.9	172.3	106.2	105.6
"L36151_at"	9081.5	5468.2	7047	7804.5	8237.1	8591.3	11893.4	11708.8	10176.7	8828.3
"L36463_at"	1662.5	871.9	1664.9	1696.9	1358.5	804	389.6	2287.4	1366.7	1172.3
"L36529_at"	569	927	418.1	1013.1	790.9	456.7	942.6	1141.5	853.3	765.5
"L36531_at"	829.4	915.6	728.5	781.5	720.6	573.2	1239.8	1003.7	481.5	590.4
"L36642_at"	34.9	33.3	20.4	15.4	8.5	5.9	34.7	34.5	17.8	6
"L36644_at"	112	290.5	25.8	71.6	245.8	60.9	52.7	88.5	542	171.7
"L36645_at"	515.6	343	218.3	670.3	273.5	101.2	123.8	150.1	255.3	43.2
"L36720_at"	317.1	607.1	1971.7	1584.8	1156	1386.4	2415.2	1500.2	2312.1	1931.6
"L36818_at"	3498.1	2543.3	3457	6308	3522.9	4613.9	8117.3	5491.9	4931.4	3084.5
"L36844_at"	263	1203.5	180.1	236	172.1	253.4	295.6	296.8	153.1	238.3
"L36847_at"	401.7	316.2	209.3	440.8	433.5	180.1	693.1	585.1	347.8	426.6
"L36861_at"	618.7	163.3	142.1	341.2	435.2	116.5	876.3	436.3	184.5	364
"L36870_at"	918	637.4	384.4	1720.2	1373.2	1442.8	929.6	1148.8	1203.9	1247.6
"L36922_at"	1780	1179	982.8	1930.4	1198.1	1220.5	2448.1	1509	832.3	701.6
"L36983_at"	5352.4	1067.1	4647.1	4699.9	4274.2	5740.7	8351.9	5624.7	4840.4	4362.5
"L37033_at"	5074.3	2340.1	2206.5	3138.3	495	3685	6982.3	4929.2	1587.9	3382.2
"L37036_s_at"	20729.8	3402.4	459.5	379.3	4278.7	7239.4	17862.7	960.2	997.8	4676.9
"L37042_at"	2484	3628.9	2587.6	1882.8	3836.9	4543.4	3926	3202.3	2887.6	3676
"L37043_at"	3361.3	2360.5	3994.6	6449.4	2215.2	1987.5	3540.6	4257.2	2007	2561
"L37112_at"	1887.6	3151.4	1800.8	2731.4	2314.5	2509.9	4578.1	2830.7	2138.9	1918.7
"L37127_at"	6887.2	3368.4	7983.5	7743.1	4231.1	5168.3	5283.6	7015.9	5763.8	7952.2
"L37199_at"	599.5	251	438	1228.2	429	600.2	1229.5	412	841.7	531.6
"L37347_at"	833.9	1048.3	594.8	1138.3	1316.3	916	618.9	765.5	1110.7	1329.5
"L37360_s_at"	599.5	294.5	190.2	517.5	176.4	195.8	862.2	270.6	259.3	441
"L37362_at"	40.1	386.6	255.9	166.8	474.8	95.9	216	448.7	116.4	29.1
"L37368_at"	4087	3157.8	3025.6	5491.4	3669.2	2845	8415.8	6085.9	3892.5	3472
"L37378_at"	99.6	213.1	348.8	489.5	480.4	78.8	250.2	540.3	136.9	187.7
"L37792_at"	1516.6	1092.5	1408.2	2156.4	1511.8	1588.6	1326.1	1544.4	1309.1	1140.6
"L37868_s_at"	73.2	331.6	83	130.1	35.2	55.8	247.6	42.1	186.1	49.3
"L37882_at"	221.2	150.9	320.4	395.1	215.8	354.2	411.8	663.8	469.6	445.5
"L37936_at"	6259.5	2777.9	2227.5	2800.4	2134.2	2008.3	3223.2	3045.3	2485.9	1797.1
"L38025_at"	405.3	201.9	367.3	523.4	551.6	208.1	111.3	525.9	310.2	608.2
"L38486_at"	237	388.3	240.4	424.4	452.7	206.4	352.4	224.9	119.7	340.3
"L38487_at"	3316.3	2214.3	1935.1	3451.8	1744.7	1820.7	3620.4	4026	2761.8	2576.9
"L38490_s_at"	805.7	1819.6	2028.3	2496.1	523.1	1062.8	694.4	1413.6	768	920.1
"L38500_at"	643.7	127.4	363.7	126.6	45.1	133.5	175.6	49.1	67	164.7
"L38503_at"	885.6	618.5	1087.8	910.6	279.4	270.1	896.6	1512.6	680	191.5
"L38517_at"	295.8	331.3	219.9	396.5	502.8	204.7	701.3	289.3	232.4	276
"L38593_s_at"	10188.7	4836.1	8292.7	1360.7	5132.4	5495.4	21250.1	14606.2	8713.1	10175.8
"L38608_at"	1514.9	2091.7	1412.5	7081.2	2121.5	4899.6	5912.5	4965.8	3415.4	5678.1
"L38616_at"	2342	1083.2	1371	2850	1144.5	1102.2	2250.5	2095.1	1909	1447.1
"L38696_at"	5446	4078.3	5366	3872.3	2921.8	3708.2	10803	5548.3	5056	4912
"L38707_at"	408.7	767.1	559.2	731.4	296.4	380.9	842.8	969.4	817.7	465.8
"L38810_at"	9207.9	5552.9	6827.1	7592.5	4010.4	7012.8	7004.7	6362.1	7148.2	5673.7
"L38820_at"	39.4	46.7	885.6	79.4	416.4	57.2	276	789.6	841.4	216
"L38928_at"	1790.2	1489.4	2405.7	1310.8	1662.3	2881.4	3652.2	2779.8	2526.4	2177.1
"L38929_at"	175.1	974.2	166.4	139.5	41.1	164	232.8	117.7	68.5	26.1
"L38932_at"	5424.2	6847.3	6629.8	9818.6	8165.7	7807.6	9540.4	8607.1	10022.6	8534.7
"L38933_rna1_at"	751.5	606.2	627.3	1399.3	665.4	92.7	431.4	115.9	493.1	333.1
"L38935_at"	623.8	672.4	728.9	1477	579.5	630.6	930.1	686.8	679.1	489.8
"L38941_at"	44241.1	67855.9	66103.4	51852.3	72349.6	45142.3	38633.7	46297	29852.3	56611.7
"L38951_at"	4592.2	3022.6	4717.7	6029.1	4412.5	6266.2	1285.2	5507.7	5444.7	6001.1
"L38961_at"	1315.6	764.5	1082.4	1009.9	231	437.8	396.2	1132.4	958.9	725.1
"L38969_at"	1311.7	330.6	397.9	1317.9	297.8	465.4	1095	871.6	670.5	500.2
"L39009_at"	86.7	139.7	16.5	692.2	8	21.6	42.6	37.8	157.2	11.7
"L39059_at"	656.2	388.5	425.3	812.1	371.8	429.4	1235.5	472.6	379.7	280.2
"L39060_at"	101.3	38.4	84.7	272.8	22.9	62.2	213.8	44.9	75.8	148
"L39061_at"	682.9	303.5	300	332.3	231.5	286.5	151.5	304.2	505.1	290.5
"L39064_rna1_at"	209	1152.9	849.8	233.9	456.2	606.2	562.9	384.4	379.4	210.7
"L39211_at"	163.9	137.8	259	507.2	85	357.4	122.9	622	468.8	374.8
"L39833_at"	594.7	328.6	993.8	155.3	1803.1	204.9	273.9	401.6	498	684
"L39874_at"	8097.6	2344.1	9913.7	6871.6	6294.6	3999.9	11420.1	8915.4	10598.5	6683.5
"L40027_at"	5352.8	4675.8	5112.6	7619	5264.8	6101.8	5713.8	6101.7	5649.5	5641
"L40157_at"	151.8	346.5	292.4	568.5	315	279.3	42.2	378.8	349.4	118.4
"L40357_at"	3135.8	2040.4	2595.4	12179.5	3539	814.8	935.5	2726	2159.7	2226.3
"L40366_at"	72.7	36.1	81.1	103.4	57.6	56.5	177.3	97.1	82.1	65.3
"L40371_at"	1719.5	1222.9	1383.8	1552.5	777.3	1569.8	2117.8	2097.7	1403.6	1135.9
"L40377_at"	2412.4	3840.9	1390.7	507	5351.4	7440.3	1794.1	772.2	1549.6	3033.1
"L40379_at"	6823.9	7912.7	1409.2	4192.4	3601.9	19070.1	4163.8	2153.6	1229.9	3118.1
"L40380_at"	306.7	568.8	286.1	810.9	441.5	610.2	513.6	715.6	411.9	362.1
"L40384_s_at"	40.4	80.2	27.2	43.3	23.8	36.7	111.6	42.7	58	20.6
"L40386_s_at"	1383	711.2	1555.8	1023.6	1168.9	366.2	209.3	396.2	997.1	887.2
"L40387_at"	2657.2	9703	2697	824.9	3670.7	2021.3	981	2247.5	1356.4	2831.8
"L40388_at"	63.8	265.8	394	23.5	402.6	404.2	149.7	413.1	496.7	350.4
"L40391_at"	4258	2328.7	7480.5	9515.3	7507	5832.9	4689.4	10707.2	7807	9516.7
"L40392_at"	1896.6	2034.6	1871.8	3811	2633.6	2308.4	1599.1	3113.3	1926.9	2287.3
"L40393_at"	1277.8	3431	1271.1	1143.1	3404.7	5959.6	1297	2325.9	1374	2084.2
"L40394_at"	501.7	668.8	361.8	641.8	598.1	177.7	1508.9	542.2	128.3	90
"L40395_at"	2717.6	1983.1	2292.2	3432	2623.2	3989	3191.3	2726.7	1521	3063.7
"L40396_at"	27	53.8	59.4	213.6	184.2	51.7	152	20.8	155.9	56.1
"L40397_at"	12922.3	9632.9	14097	22346	14771.4	15225.2	10084.5	15283.7	20203.3	17867.2
"L40399_at"	297.1	333.2	141.3	1249.5	451.3	1062.1	1027.7	1096.4	1038.2	652.1
"L40400_at"	576.2	648.7	316.4	230.1	276.7	453.8	929.8	421.5	190.8	215.1
"L40401_at"	12288	12881.6	10742.7	2285.5	6698.7	6926.8	15592.6	14671	10111.5	12046.9
"L40402_at"	125	97.8	155.2	330.9	67.7	57.6	104.3	225.1	219.7	128.3
"L40403_at"	194.2	245.4	296.4	258.9	150.1	47.2	90.9	385.5	193.8	274.1
"L40407_at"	765.5	1114.9	607.3	728.7	1084.2	1196.2	777.5	586.7	201.8	803.2
"L40410_at"	2177.6	2409.1	3308.8	3398.6	2681.2	2431.4	3395.9	3651	4318.4	3655.1
"L40411_at"	188.8	580.2	332.7	324.8	552.2	248.4	96	748.7	231.3	616.6
"L40586_at"	589.6	363.5	732.8	796.7	1549.7	546.8	450.7	1005.8	1461.4	493.7
"L40636_at"	179.5	161.1	330.2	1169.9	130	226.6	96	448.9	110.5	93.3
"L40904_at"	5742.3	13475.6	14367.1	587	19741.8	4814.5	10391.8	11073.6	15752.1	17949.1
"L40933_at"	423.5	185.1	710.1	148.6	207.2	341	612.6	605.7	366.1	162.1
"L40992_at"	95.4	76.9	190.1	137.5	118.6	45.3	164.8	85.8	76	66.8
"L41066_at"	1170.9	237.4	157.5	374.5	183.9	213.9	365.4	350.6	312.3	173
"L41067_at"	2234	2127.7	2092.7	5392.9	1321.8	1122.1	2815.9	2804.1	2362	1362.1
"L41143_at"	7400.7	5169.6	5233.3	9806	3765.1	3962.1	9662	7162.8	6676.6	4218.2
"L41147_at"	214	202.4	89.5	287.5	163.6	166.8	1111	286.2	167.7	109.6
"L41162_at"	149	90.7	401.9	931.1	109.9	57.3	188.9	141.5	112.4	47.5
"L41268_f_at"	428.1	137.8	117.7	272	552.6	240.9	328.2	182.1	182.5	251.1
"L41349_at"	32.5	24.6	16.1	426.7	107.3	12.5	347.8	15.7	179.9	9.4
"L41351_at"	358.1	452.5	211.9	4327.7	779.1	696	1917.4	729.5	761	470
"L41390_at"	42.5	52.1	115.1	121.6	191.5	97.6	255.3	215.4	151.9	162.8
"L41559_at"	3980.4	2335.8	3803.6	3730.4	2342.6	2405.9	6449.9	7319.6	3458.7	3889.6
"L41607_at"	41	315.1	266.8	564	177.3	166.5	98.5	673.7	103.4	201.4
"L41668_rna1_at"	3991.3	1513.4	1203	3214.8	849.9	1790.9	3868.8	2052.7	1845.9	1332.7
"L41680_at"	63.2	51	40.5	84.6	15.4	55.5	38.9	89.2	81.7	23.6
"L41690_at"	5400.4	2680.4	4644.7	8726.8	3528.6	5679	3922.5	4038.6	3768.5	3330.3
"L41816_at"	188.1	108.8	89.5	242.6	192.6	198.3	404.4	500.4	122.1	528.6
"L41870_at"	713.8	744	433.7	1489.1	716	1228.1	169.7	1469.9	684.3	733.1
"L41887_rna1_at"	900	848.6	2419.5	3143.7	1967	1182.2	380.8	1844.5	2336.5	2323.9
"L41913_at"	31.1	94.4	9.4	14.4	74.2	14.2	22.9	16.5	189.6	8.5
"L41919_rna1_at"	153.7	115.5	464.9	941	672.1	281.7	211.4	151.8	177	668.6
"L41939_at"	205.3	114.5	150.6	232.9	627.9	216	609.6	99.8	248.3	191.4
"L42025_rna1_at"	807.3	1166.9	936.8	609	2300.6	3403.6	1197.7	1450.1	1737	1705.3
"L42176_at"	51.5	412.2	39.4	948.6	45.3	52.4	90.1	60.3	42.1	29.4
"L42243_cds1_at"	1030.3	774.6	791.3	865	329.7	306	866.5	750.5	826	275.5
"L42324_at"	389.4	378	216.3	580.9	71.4	512.1	431.9	105.3	172.7	168.6
"L42354_at"	2380.1	1441.1	708.4	3034.3	1706.6	2104.2	2552.3	1319.8	1942.9	2071.6
"L42373_at"	3123.7	4385.6	5931.4	5313.6	5039.6	5327.2	3720	9873.2	8312.5	6312.3
"L42374_s_at"	1558.9	1720.7	1742.6	1581.1	1406.2	1669	1229.5	2010.1	1049.5	1660.6
"L42379_at"	17771.9	5842.1	20215.3	18446.1	25673.3	7975.9	14338.4	15097.2	17036.4	14125
"L42450_at"	82	341.3	102.4	132.6	42.4	482.6	250.9	293.7	335.7	67.8
"L42451_at"	1064.1	1119.2	1771.8	2923.3	954.4	893.8	2613.7	1377.1	1362.5	1054.9
"L42452_at"	86.8	263.9	618.9	152.5	425.3	385.2	138	212.7	404.3	383.2
"L42542_at"	3313.2	2477.9	4914.6	4538.3	4940.1	4455.8	3030.4	7434.6	5667.5	7588
"L42563_at"	770.3	795.9	718	7314.1	843.7	553.2	519.4	1027.9	1047.5	818.4
"L42572_at"	3500.1	2790	3116	3363.2	3140.5	3260.1	4220.9	4780.9	4420	4208.1
"L42583_f_at"	978.6	1685.4	716	1814.3	829	915.5	778.2	1377	915	818.5
"L42601_f_at"	986.2	1998.5	945.2	2280.9	974.6	956.7	837.5	1447.3	1174.6	832.8
"L42611_f_at"	1264.1	1136.9	937.1	1788.3	1108.7	666.6	1453.9	975.4	791.4	871.1
"L42621_at"	495.9	503.7	390	885.6	181.1	919.1	2059.7	1116.1	655.1	228.7
"L43338_at"	53.5	106.4	18.3	998.6	158.5	106.5	598	123.3	39.4	130
"L43366_at"	529.6	646.4	377.1	731.1	544.4	530.2	1370	848.2	794.4	275.3
"L43575_s_at"	1659.2	1118.9	2566.8	2377.5	1265	1686	1866.9	1679.2	2212.9	2135.9
"L43576_at"	110	495.4	180.7	546.1	506.6	142.3	374.2	55.4	260.6	204.9
"L43579_at"	309.6	32	119.8	578.3	502.1	489.9	694.7	759.4	637.4	492
"L43579_s_at"	2473.4	2364.1	2818.2	3136.2	2316.7	1989.5	4007.6	3032.6	2801.1	2267.9
"L43631_at"	4832.3	5278.1	4612.8	14727.4	6205.9	7538.8	4300.3	6409.2	5928.9	6633.7
"L43821_at"	34	53.1	35.6	145.6	63.7	60.3	69.3	67.2	45.7	47.8
"L43964_at"	1068.4	669.6	1530.4	1978.4	1349.5	896.9	1667	2396.2	1858.3	1156
"L44140_cds4_s_at"	1613.7	1270.6	1874.5	1367.2	2047.3	1574.4	3341.5	3244.7	2880.1	2444.6
"L46353_at"	127.2	38.8	40.2	204.4	9.1	81.9	43.8	300.4	99	87.1
"L46720_s_at"	511.8	195.5	719.8	249.9	382.7	329.1	524.2	472.8	518.8	325.9
"L47125_s_at"	169.8	141.7	168.2	181.6	154.5	238.5	344.9	183.2	168.9	109.9
"L47276_s_at"	24.2	83.4	21.2	302.1	13.9	34.8	107	196.9	56.9	7.2
"L47345_at"	1902.1	1465.7	1340.5	1116.3	1437.9	3061.5	2760.3	1706.3	1326.8	1459.5
"L47726_at"	28.7	31.2	123.6	255.2	173.5	84.7	33.3	130.3	88.2	203.4
"L47738_at"	1016.9	880.8	1421.6	2916	972.8	867.9	1591	869.4	458.5	648.6
"L48211_at"	133.5	90.3	109.1	564.3	325.9	117.9	71.6	121.1	248.6	144.1
"L48513_at"	230.9	975.5	710	2884.5	634.9	387.9	223	1786.2	830	550.6
"L48516_at"	255.4	76.9	107.2	1385.3	51	82.9	34	108.9	48.6	27.5
"L48546_at"	3752.6	1646.6	3332.7	7675.2	1902.8	1371.7	5309.9	3258.4	4161.7	2624.5
"L48692_at"	404.5	42.6	291.9	501.5	371.5	299.6	285.7	502.2	386.1	271.1
"L48728_cds1_at"	701.3	849.2	387.2	482.4	274.9	535.3	584.2	353.3	433.9	221.8
"L49054_at"	589.1	842.9	963.2	4799.9	1369.6	500.8	579.9	799.9	755.5	1441.9
"L49169_at"	1500.1	11391.1	14123.3	3325.3	26051.8	2492.9	2224.1	2035.3	27231.9	18254.5
"L49173_f_at"	225.2	440.3	475.6	536.3	506.1	420.5	678.3	578.6	300.6	39.7
"L49209_s_at"	183	112.3	131.6	158.4	44.4	24.6	168.8	280.2	82.7	62.3
"L49218_f_at"	38.4	27.3	14.8	13.2	9.1	12.8	25.2	30.6	10.3	7.8
"L49219_f_at"	91.4	74.1	61.1	64.5	15.4	68.9	76.4	94.1	71.7	18.2
"L49229_f_at"	203.5	29.8	206.3	44.8	296.2	90.9	518.7	398.9	22	19.8
"L49380_at"	6222.9	6927.5	8145	10716.2	6551.7	7466.3	6336.7	7342.7	6876	8531.6
"L75847_at"	178.2	115.1	219.4	140.8	306.9	189.6	362.1	457.1	274.6	121.8
"L76159_at"	1420.6	1383.3	1208.7	812.2	1483.1	1547.6	1453.7	2057.9	1775.2	1651.3
"L76191_at"	14499.2	7685.2	6395.4	6091.6	5347.8	11110.8	18390.2	10283.2	8727.6	8837.5
"L76200_at"	12399.3	6615.7	10232.5	8488.9	6776.1	7132.6	16119.7	10687.6	10836.5	8708.3
"L76224_at"	1051.5	1184.1	699.3	1611.6	505.7	570.1	1159.4	686.8	324	668.4
"L76380_at"	213.7	227.3	241	654.5	206.4	202.6	357.7	221.9	299.1	99.3
"L76465_at"	334.7	654.7	974.9	415.2	1602.6	1072	939	4603.1	2296.9	4144.6
"L76517_at"	12654.8	16370.9	9248.7	7256.2	14776.7	16996.3	14655.9	9167.7	11609.9	12965.7
"L76528_s_at"	1306.2	1655.8	1131.4	918.4	2120.2	2325.5	780.8	1622.3	1834.9	1924.6
"L76568_xpt3_f_at"	646.2	1661.6	1280.7	1001.1	1685.7	1069.5	739.3	1170.9	1076.3	1609.9
"L76569_at"	76.8	90.1	26.4	33.4	114.3	22.2	79.2	40.5	27	21.9
"L76571_at"	226.4	370.1	146.1	364.5	695.1	156.1	313.1	293	209.9	156.2
"L76627_at"	24.7	129.9	28.3	41.9	11.5	22.9	36.9	95.7	106	23.3
"L76670_f_at"	76.4	91.2	86.7	65.4	53	42.4	65.3	48.2	39.4	28
"L76687_at"	20.5	35.3	11.4	15.5	12	10.4	47.6	15	12.9	7.2
"L76702_at"	5215.5	2374.9	2950.2	2361.6	1510.2	3601.1	4645.4	3296	3709.8	3530.9
"L76703_at"	1304.5	844.8	1845.1	2285.8	1898	1179.2	1224.7	2035.9	1676.2	1537.8
"L76927_rna1_at"	1362.3	168.1	1091.8	269.7	292.8	146.5	1528.6	905.4	786.4	242.1
"L76937_rna1_at"	325	83.9	561.3	939	456.3	509.4	359.1	960	354.9	352.7
"L77213_at"	1458.3	951	1545.9	2091.7	944.2	685.9	2155.7	1521.5	1850.5	1241.5
"L77559_at"	210.7	82.1	46.6	52.9	33.4	63.2	51.2	67	32.4	38
"L77561_at"	127.4	41.2	267.1	498	267	197.9	475.5	694	676.7	324.5
"L77563_at"	138.4	351.8	12.6	307	40.2	15.8	37.5	47.2	37.5	10.2
"L77566_at"	568.9	133.3	50.8	641.1	86.3	76.7	677.8	451.8	52.8	521.1
"L77567_s_at"	1563.5	654.3	1519.2	2866.7	1454.5	1067.3	1937.3	2867	2381	1822.1
"L77571_at"	311.7	641.8	570.4	368.4	850.7	369.1	454.1	295.2	236.1	643.2
"L77701_at"	12477.7	10661.6	6630.3	3759.9	6899.4	8164.9	6432.3	4960.5	4980.5	6092.9
"L77730_at"	560.1	654.2	714.3	982.4	446.9	447.9	72.5	1117.6	523.6	484.7
"L77864_at"	797.7	260.9	1260.7	4410.8	360.4	942.8	414.6	356.3	570.7	389.3
"L77886_at"	299.1	579.3	155.5	9530.5	204.6	214.5	64.6	104.8	299.5	141.5
"L78132_at"	571	437.1	446.2	1014	339.5	544.4	126.1	690.2	184.2	373.2
"L78267_at"	60.4	49.6	25.1	110.7	54.9	22	337.3	209.7	162.8	5.8
"L78440_at"	1229.6	730.7	64.8	965.6	334.2	2394.6	38.3	427.9	84.8	82.1
"L78833_cds1_at"	275.1	186.2	223.5	550.4	294.5	74.4	178.6	323.2	220.4	121.5
"L78833_cds2_at"	127.9	167.4	61.8	184.9	127.8	153.3	347.4	115.5	119.8	117.9
"L78833_cds4_at"	636.4	204.3	648.3	824.9	999.4	640	511.2	1162.7	699	850.7
"M10014_cds1_at"	49.3	170.9	7.1	183.9	22.1	85.7	65.3	310.1	160.4	29.5
"M10050_at"	15.3	24.6	16.9	41.2	22.1	17.3	30.6	33.6	49.4	12.8
"M10051_s_at"	175.8	68.2	163.4	1301	49	87	228.5	103.5	159.9	72.1
"M10058_at"	502.5	719.2	1245.3	444.2	923.5	557.8	491.1	404.6	1382.7	915.2
"M10277_s_at"	103040.9	149747.4	111834.3	68987.8	105857.3	92734.6	132456.6	80983.8	82796.9	76010.7
"M10321_s_at"	150.5	37.3	77.2	345.2	31.3	70.2	241.8	329.2	239	44
"M10612_at"	7237.7	14679.1	14609.6	969.3	16146.2	9124.3	20150.2	10258.5	23370.6	5422.7
"M10901_at"	3718	9490.1	2498.9	1182.7	5587	7322.2	2552.3	3422.2	3107.6	3975.4
"M10942_at"	19597.1	43113.6	1556.9	6340.2	5579.4	13738.8	8024.6	2309.3	2443.8	19836
"M10943_at"	704.1	751.9	305.9	465.6	599.3	500.9	1378.7	343.8	612.7	844.4
"M10950_cds2_at"	29.2	112.8	6.4	8.1	11.7	2.7	15.9	12.1	9.6	7.9
"M11025_s_at"	119.1	66.5	155.3	151.2	30.1	82.7	144.4	125.3	97.5	64.9
"M11058_at"	212.6	968.8	552.4	755	1112	429.9	501.4	1450.3	1855.7	1578.7
"M11119_at"	3901.5	5396.1	3210.6	15378.8	2263.4	2379.5	2515.3	2736.4	3748.2	3333.5
"M11147_at"	86563.4	401929.5	213025.2	160274.8	208129.1	130394.9	847501.2	129986.9	175188.9	109209.5
"M11186_at"	992.1	873.4	686.9	1133.7	815.5	967.3	1938.3	1052.9	1159.3	472.4
"M11313_s_at"	832.4	1952.4	4821.3	762.4	1715.2	9721.1	3296.5	2859.8	10537.9	4802.9
"M11321_at"	394.3	69.5	73.1	92.7	38.4	60.6	285.9	99.8	61.6	49.3
"M11353_at"	16884.6	29651.1	32889.9	45480.5	41472.2	22299.6	17196.6	25791.8	30111.6	28315.4
"M11433_at"	102.7	79.8	32.3	1663.2	79.2	196.5	87.1	115.3	73.4	219.3
"M11437_cds1_at"	23.6	15.7	10.5	201.1	6.8	17.6	23.6	446.7	54.8	10.5
"M11437_cds2_at"	568.4	338.5	52.2	134.6	96.8	133.4	574.4	100.1	154.4	41
"M11567_rna1_at"	256.3	103.8	131.3	1142.1	72	70.1	92.5	77.8	66.8	57.1
"M11591_at"	167.5	199.5	453.2	168.8	78.6	186.1	187.7	157.5	85.9	69.2
"M11717_rna1_at"	10002.3	121622.9	79848.8	51341	83740.9	47734.8	14552.4	23317.7	11945	51655.5
"M11718_at"	689.4	889.1	121.6	1062.6	124.1	114.9	1242.4	314	122.6	287.6
"M11722_at"	325.6	115.6	373.4	42.4	42.8	93.3	162.6	226.4	60.6	31.4
"M11726_at"	94.9	690.3	464.2	262.9	485.5	475.3	871.5	556.7	756.3	728.4
"M11749_at"	546.3	385.1	854.6	764.9	605.6	740.1	460.9	1149.5	545.3	548.5
"M11973_cds1_at"	72.8	59.9	17.6	20	23.1	27.1	101.9	35.3	17.8	26.6
"M12036_at"	250.9	236.9	123.5	268.6	135.1	131.2	424.4	180.4	152.4	115.1
"M12125_at"	799.5	1355.5	674.7	703.6	491	562.9	1257.8	1067.8	612.1	116.6
"M12174_at"	513.3	1285.2	1295.6	1141.4	716.5	642.8	1129.2	2038.2	1744.4	2128
"M12529_at"	95303.9	123399	143794.1	2443.9	98832.3	96911.5	98529.4	84390.6	58859.6	59323.6
"M12625_at"	644.2	604.3	639	1324.6	437.5	411	883.7	387.5	265.4	549.5
"M12759_at"	210.5	41.4	21	31.3	31.8	38.9	44.7	36.9	32	15.3
"M12783_at"	138	67.5	38.5	152.6	133.6	142.6	247.7	171.5	139.8	96.5
"M12886_at"	916.5	1966.1	1131.8	5163.5	2529	4670.3	434.7	903.1	1518.3	841.7
"M12959_s_at"	1136.1	1466.5	1362.1	4254.4	2610.6	4737.2	1177.8	1586.9	1810	1351.1
"M12963_s_at"	311.6	811.5	79.6	22559	397.5	207	105.7	348.3	337.9	137.4
"M13058_s_at"	779.7	518.8	114.2	882.9	383.8	275.9	972.7	221.4	159.3	325.5
"M13143_at"	173.7	332.5	348.7	2181.8	233.4	210.8	288.9	722.8	365.2	411.6
"M13149_at"	67.5	390.1	112.8	83.7	164.7	199.8	77	686.6	142.5	164.9
"M13150_s_at"	208.1	248.2	284.9	180.4	55.8	176.6	454.2	101.4	276.1	33.5
"M13194_at"	1999.3	1820.6	2958.4	4239	1296.5	1128.8	2161.4	2085.8	1606.6	1632.7
"M13207_at"	2713.3	1862.5	1084.9	1572.9	2950.1	13071.5	1537.4	234.9	662.5	682.4
"M13232_s_at"	86.2	260.7	547.4	817.8	411.5	475.8	541.1	521.4	288.4	415.1
"M13241_at"	261.4	196.4	100.1	691.9	68	59.8	30.9	65.7	346.8	64.3
"M13450_at"	4467.7	5487.8	6002.2	6228.6	6651.7	7087.3	3374.4	7902.7	8082.4	8931.5
"M13452_s_at"	6977.9	7073.1	4791.4	6711.6	9066.2	5462.7	8237.5	8522.4	11002.8	9292.3
"M13485_at"	731.4	1461.1	243.7	679.8	576.6	1188.6	1424.8	657.5	334.2	1147.5
"M13560_s_at"	111227.2	144657.9	119423.6	25425.6	98184.4	89454.2	134498.3	77308.8	62234.9	67163.1
"M13577_at"	328.4	199.5	471.7	569.1	276.8	108	460.4	239.9	520.2	369.3
"M13666_at"	456.3	485.3	777.1	1253.6	698.6	135.5	481.8	759.8	603.3	290.2
"M13686_s_at"	491.6	533	215.9	526.7	188.5	297.2	224.6	267.7	224.9	208.2
"M13690_s_at"	55980.5	51716.2	59023.8	2037.6	54647	48505.7	31575.5	40120.6	24332.6	25872.6
"M13699_at"	159.2	52.3	49.3	3424.6	302.7	42.6	117.9	64.6	82.8	30.7
"M13755_at"	35968.5	35555.9	10072.8	1871.9	5664.4	3967.8	6057.5	5541.9	5877.9	4593.3
"M13792_at"	2824.9	2122.9	832.7	1577.7	1643.8	4917.7	3506.9	2043.7	1945.5	1543.9
"M13829_s_at"	2871.7	1754.5	2732.7	2609.4	1374.6	2881.5	3762	3835.7	2857.3	2230.1
"M13903_at"	177.5	288.3	268.3	687.3	313.5	336.6	556.3	352.2	1092.7	274.4
"M13928_s_at"	596.5	289.2	227.3	216.4	598.1	374.5	1003.4	1030.5	183.8	477.9
"M13929_s_at"	366	365	196.9	773.4	556.6	93.4	834.8	439	479.4	434.3
"M13934_cds1_at"	36.5	66.3	67.9	44.2	30.8	30.7	205.6	42	30.2	20.5
"M13934_cds2_at"	36916	48539.1	73549.3	48222.6	43422.8	34339.9	61799.9	38707.6	50666	43074
"M13955_at"	994.5	1448.5	468.9	6010.2	564.5	826.8	190.3	172.6	194.4	167.8
"M13981_at"	872.8	207.8	617.7	721.5	552.9	824.7	726.1	701.1	794.2	692.4
"M13982_at"	37.2	72.8	31.9	71.9	47.5	60.8	136.9	67.6	60.8	31.9
"M13994_s_at"	461	96.5	221	655.2	84.6	818.4	848.7	197.4	198.7	74.6
"M14016_at"	2100.4	1060.2	1683.6	1284	149	381.9	3006	1730.8	907.7	834.9
"M14058_at"	772.1	789.7	479	1589.2	504.1	426.7	715.7	182.6	226.7	302.8
"M14091_at"	80.5	329.8	129.4	216.8	152.2	53.1	79.7	683.9	488.5	39.1
"M14113_at"	722.9	697.5	459.6	1169.7	768.2	544.2	43.5	562.7	1162.8	978.6
"M14123_xpt1_at"	38.2	215.1	27.8	53.4	21.1	37.1	71	304.5	39.8	60.5
"M14123_xpt2_at"	141.5	329.9	41.5	242.4	192.9	138.1	56.5	298	117.7	36
"M14123_xpt3_at"	90.1	65.7	14.1	56.4	31.6	48.5	177	95.5	29.4	16.9
"M14123_xpt4_at"	241.8	234.2	129.8	335.3	112.5	50.6	79.1	151.3	182.7	29.8
"M14158_cds4_at"	308.2	335.9	250.5	73.8	284.7	235.5	350.3	126.6	195.6	181.1
"M14159_cds2_at"	169.4	288	276.8	147.5	195.3	200.2	429.5	162.9	201.6	211.1
"M14199_s_at"	38951.5	43297.7	58909.1	48197.3	31421.6	32373.7	56280.2	31724.7	44788.7	41299.7
"M14200_rna1_at"	12368.9	11554.9	11509.9	6743.4	13670.9	15829	12001.1	15347.4	14739	13988.7
"M14218_at"	1961.3	749.6	2743.6	3105	1068.2	1179.1	2897.7	1813.7	1814.2	1787.5
"M14219_at"	1513.1	721.2	3151.5	1214.6	2580.6	1331.6	1746.4	3238.7	3423.1	3260.6
"M14306_at"	235.9	129.7	138.2	26.8	141.8	17.1	146.1	197.1	222.7	13.1
"M14328_s_at"	58246.5	44584.7	28946.2	16844.9	18578.1	42655.4	85333.5	21882.9	30202.7	23581.9
"M14338_at"	1336.9	1976.8	4131	7926.1	4009.1	2069.6	976.8	4390.6	2700.1	2944.4
"M14483_rna1_s_at"	11322.8	11765.6	19319.9	12491.6	6055	5989.4	21354.3	14701.6	12091.9	16017.9
"M14539_at"	123.2	108.3	116.1	855.1	487.1	83.5	99.2	737.6	854.4	123.1
"M14565_at"	495.2	219.7	46.1	810.2	207.7	320.6	968.9	363.9	369.4	205.4
"M14636_at"	952.9	658.1	2042.8	792.6	2482.9	997.4	444.2	3178.1	1572.3	2179
"M14648_at"	207.6	83.6	141.2	269.7	569.9	524.7	294.1	415.4	219.7	241.8
"M14660_at"	810.8	2275.7	1438.5	155.6	783.4	627.6	477	2215.7	424.4	71.5
"M14676_at"	695	976.2	285.7	1507.9	1547.6	2348.5	1670.9	1143.3	1553.9	1121.1
"M14745_at"	1052.4	658.1	311.8	1380.3	341.9	1660.4	811.5	967	535.2	421.9
"M14758_at"	71.2	231.3	12.2	66.2	161.2	125.1	234.7	13.3	215.4	11.2
"M14764_at"	674	533.5	573.2	1098.2	518.9	594.1	1058	708.1	514.6	344.2
"M14949_at"	9314.6	6194.5	9470.3	4241.6	6287.2	5165.4	12093	11456.9	9663.1	5972.3
"M15059_at"	1237.2	812	417.3	925.8	142.2	733.9	1284.5	1346.4	458.7	713.8
"M15169_at"	349.5	1979.5	626.3	1143.5	3003.6	906.6	883.9	632.7	1059.1	733.2
"M15182_at"	7822.8	6884.8	14027.5	7685.1	10503.1	12929	10160.9	14870.5	13339.1	11050.2
"M15205_at"	613.2	1183.4	2032	1663.9	1261.8	1572.3	1745.2	2406.9	3442.1	1630.7
"M15353_at"	297.7	535.3	303.8	422.6	1338.2	951.5	137.1	509.1	442.2	561
"M15395_at"	1504.7	2084.8	6209.9	439	9941.2	5582.7	2122.1	4470.1	5698.9	6113
"M15465_s_at"	758.4	354.7	193.5	846.8	597	352.5	759.5	938.1	644.7	407.8
"M15517_cds3_s_at"	346	92.8	188.6	277.3	312.6	74.7	248.3	362.6	368.7	344.2
"M15517_cds5_at"	148.2	115.2	58.1	170.6	155.2	179.9	596.1	122.9	153.4	80.3
"M15656_at"	130.1	96.1	113.3	164.3	336.2	57.9	70.4	73	28.2	48.5
"M15661_at"	14849.7	17667.7	11392.2	12953.2	12292.7	18620.7	9380.6	11514.6	5817.9	21737
"M15780_at"	22.1	15	7.3	7.9	4.1	9	26.9	8.9	8.8	4.7
"M15796_at"	636.4	450.8	947.4	1286.5	624.5	206.3	102.2	1101.8	1457.6	1093.6
"M15841_at"	2829.4	2751.9	2163.8	1045.3	2080.7	2930.9	268.8	1908.4	2130	3085.1
"M15856_at"	3219.4	13188.4	26490.7	390.3	20780.3	11744.5	7062.5	14714.3	15162.5	15551.1
"M15881_at"	234.2	407.7	50.9	239.7	269.8	176.6	597.1	171.5	105.6	178.5
"M15958_at"	143.5	108	106.3	123.3	68.2	91.4	129.9	105.8	129.9	72.2
"M15990_at"	381.1	562.9	96	795.6	432.3	335.3	85.7	474.5	353	533.9
"M16038_at"	13126.4	11282.8	10210.5	8686.6	17520.8	19857.3	15356.1	13284.9	15059.8	17179.6
"M16276_at"	139.9	8597.5	8211.7	1799.7	8538.5	4315.5	296.4	6356.8	232.6	237.5
"M16279_at"	16532.4	12042.5	14520.5	19246.3	11495.5	14846.2	15705.7	14273.8	18699.8	13464.4
"M16282_at"	715.9	422.3	416.4	1667.4	614.6	491.6	313.6	847	526.7	276.1
"M16336_s_at"	935.5	1485.1	584.8	2392.9	1706.1	4275.5	243.6	1000.5	857.2	458.7
"M16342_at"	3301.4	11427.8	4620.1	7402.1	10243.4	8032.2	1942.4	4628.6	5537.2	8068.7
"M16364_s_at"	828.1	1070.9	105.4	7326.9	81.5	392.6	137.4	95.6	92.4	65.9
"M16404_at"	24.5	29.6	18.2	18	8.4	13.3	34.8	16.1	9.3	7.5
"M16405_at"	913.8	704.9	577.2	1340.4	909.1	772	1298.3	1257.3	1005.1	604.1
"M16424_at"	3476.6	3740	2983.7	2711.4	4595.7	4088.1	5438.5	5216.2	5299.4	4094.2
"M16441_cds1_at"	171.7	193.3	86.7	324.2	176.9	158.7	137.2	223.9	126.3	83.4
"M16447_at"	2046.3	1082.3	2275	1676.3	1437.4	1674	765.3	3671.4	3541.5	2045.6
"M16474_s_at"	21.8	32.9	18.3	152.4	17.9	19.8	139.9	23.4	5.2	11.5
"M16505_at"	434.3	116.6	762	1239.6	714.6	324.8	579.4	883.9	405.5	701.5
"M16591_s_at"	19611.5	10158	15882.7	479.5	16756.4	17323.4	20662	16767.9	16431.5	10511.4
"M16594_at"	53	2228.9	245.2	68642.8	674.6	878.1	85.5	100.6	317.9	22.6
"M16652_at"	6505.3	659	5066.9	2028.7	3098.7	3164.1	6756.8	8318.3	4772.5	3318
"M16652_s_at"	453.1	109.2	184.3	90.8	41.7	59.2	96.2	372.6	20.4	12.9
"M16653_at"	1020.6	2039.8	1772.9	1332.3	3300.5	1691.6	2124.7	2218.3	979.5	2095.6
"M16707_rna1_at"	141.5	81.6	56.7	207	100.4	103.9	1936.9	99.6	74.4	47.3
"M16707_rna1_s_at"	805.7	1016.6	258.8	3417.8	798.7	425.9	950.1	1009.7	630.4	562.1
"M16714_at"	268.7	201	429.6	166.3	111.6	45.7	102.6	177.6	274.7	102.1
"M16750_s_at"	9970.6	4109.8	5958.7	1637.6	3092.6	16564.9	9231.1	8003.2	6479.8	3680.8
"M16801_at"	89	172.6	339.8	649.1	399.5	22.1	63.9	316.6	224.2	238.7
"M16937_at"	766.2	946.4	1365.3	799.1	1106.2	584.7	567.2	1139.6	948.3	763.8
"M16938_s_at"	360.4	782.1	662.5	901.3	593.2	579.7	457.1	572.6	493.1	366
"M16961_at"	448.2	406.9	98.9	474.4	306.4	357.7	537.2	519.3	320.1	194.9
"M16967_at"	57.3	437.4	55.8	312.2	60.9	34.2	57.9	45.1	52.7	16.3
"M16973_at"	1334.2	2825.9	7859	149.5	14604	1881.2	954.9	1576.9	3640.5	4966.6
"M17183_s_at"	96.2	36.4	188.9	235.6	16.9	34.5	35.8	34.7	264.8	5.6
"M17219_at"	34	83.1	25.3	408.8	159.5	68.7	288.7	321.9	207.9	87.7
"M17236_at"	18.2	16.4	13.8	16	12.4	9.7	4.9	12.3	7.4	8.8
"M17236_s_at"	1133.8	925	283.3	296.2	336.5	1906.8	1265.1	1367.3	3199	1872.3
"M17252_at"	232.1	167.8	103.1	200.8	104.8	109	293.1	166.8	129.8	121.6
"M17254_s_at"	246.5	72.5	142.4	145.5	179.7	72.6	132.3	257.8	159.5	56.4
"M17262_at"	826.7	822.6	546.9	558.6	563	414	756.5	790.8	438.8	100.9
"M17316_at"	46	110.3	62.9	33.1	65.4	48.9	93.5	40.7	97.9	27.3
"M17446_s_at"	118.5	78.7	42.4	89.9	118.6	54.5	215.1	54.9	81.5	48.9
"M17466_at"	798.4	1125.4	719.9	1540	899.2	1256.5	1378	644.8	410.2	945.9
"M17733_at"	125404.7	152423.9	113635.9	30584.8	140804.9	87346.3	257640.6	74347.9	78432.4	75310.7
"M17754_at"	1286.2	1369.6	1093.7	749.1	594.8	862.5	1501.3	1206.7	792.8	1018.7
"M17863_s_at"	870.3	1091	858.3	1046.2	502.7	621.3	847.3	630.7	998.4	579.8
"M17885_at"	64963.8	82718.4	93315.9	104051.9	61057.4	53156.4	82018	63838.7	90677.5	69647
"M17886_at"	72764	85696.9	98216.1	79934.6	55406.6	50077.9	140643.7	53953.7	85493	64836.9
"M18000_at"	55044.9	68271.6	60730.7	61119.3	44095.5	41317.2	69788.5	48635.9	58929.8	55270.5
"M18079_at"	54.5	289.7	82.6	87.1	20.8	58.9	60.8	125.9	111.8	26.5
"M18185_at"	82.8	27.5	33.4	220.3	21.4	48.2	184.3	57.5	63.9	38.4
"M18255_cds2_s_at"	48.6	254.3	307.6	366.8	27.9	255.8	562.6	329.9	482.1	132.8
"M18391_s_at"	1132.1	350.3	734.5	863.7	432.8	459.9	1126.7	420.5	787.7	249.2
"M18533_at"	158.1	697.3	83.4	2303.9	266.6	58.4	23.1	191	72.1	5.3
"M18700_s_at"	1061.8	1049.3	710.9	1273.6	1248.3	1563.4	1929.6	1645.5	1436.9	864.7
"M18728_at"	451.3	1004.4	20.7	29473.7	232.6	400.5	63.7	54.1	75	25.8
"M18731_at"	64.2	78.2	36.6	172.5	71.7	64.8	168.6	108.7	50.9	31.1
"M18737_rna1_at"	342.4	544.7	547.4	1941.9	653.2	997	841.9	775.8	777.2	353.8
"M19045_f_at"	14596.3	36392.9	6504.1	3773.3	27746.7	4291.3	23684.9	3878.2	7096.4	8549.5
"M19154_at"	66.5	52.9	52.2	30.3	26.7	56.7	216.3	14	29.5	16.7
"M19159_at"	318.1	236.8	234.7	96.8	49.4	61	135.4	181.8	83.8	115.1
"M19267_s_at"	328.2	61.1	162.7	470.8	280.4	89.7	368.2	386	60.4	84.4
"M19283_at"	31478.9	29192.8	46526.9	57211.4	56734.7	35018.1	21955	47161.6	48445.9	46302.3
"M19301_at"	37.6	74.2	70.4	22.6	34.1	37.4	94.9	253.1	167.2	58.5
"M19309_s_at"	409.7	1120.7	235.6	128.4	883.4	104.2	260.6	126.3	111.9	55.4
"M19311_at"	12.9	329.3	334.8	300.9	14.1	5.3	96.2	11.8	121.5	53.2
"M19311_s_at"	35204.4	33244.5	41199.6	62477.2	55452.1	28846.4	32474.3	36487.9	45989.2	47691.4
"M19481_at"	50.9	214.1	37.8	541.6	25.1	105.5	82.6	19.5	21.4	31.6
"M19483_at"	27347.4	15358.1	27777.8	22290.4	18579.5	22479.5	27192.7	31207.5	30971.1	26780.9
"M19507_at"	187.4	110.8	84.1	149	121.6	139.9	110.3	658.6	183.2	154.1
"M19508_xpt3_s_at"	1559.9	960.9	944	1130.4	1337.4	1186.2	2905.1	1754.6	1428.7	1030.9
"M19645_at"	2997.1	8032.7	9133.7	10759.4	7373.1	13969.4	3005.9	5142.3	6245.7	10608.2
"M19650_s_at"	1010.8	606.2	490	438.9	500.8	527.7	1174.4	554.7	459.1	537.7
"M19684_at"	187.4	106.4	119.1	168.4	132.6	72.5	154.3	109	140.9	87.3
"M19720_rna1_at"	425.7	473.3	647.5	1246.4	582.2	509.9	839.5	789.7	479.6	773.6
"M19720_rna2_at"	62.7	31	31.4	1474.9	59.5	34.3	33.8	121.4	55.8	19.3
"M19722_at"	41360.7	19149.3	17399.9	2870.3	16707.4	32905.5	69079.1	36318.9	25242.7	27151.4
"M19828_s_at"	60.5	41.7	37.6	81.4	33.7	20.8	43	85.6	66.1	16.3
"M19878_at"	1250.4	326.1	1636.4	1993.3	1480.5	1302.4	1987.3	1168.3	909.8	1322.1
"M19878_s_at"	47.8	89.8	54.8	86.7	79.7	156.3	368.2	81.2	76.8	58
"M19888_at"	215.5	955.3	462.8	273.6	117	266.3	161.2	552.8	93.3	45.3
"M19961_at"	15645.3	9940.2	15573.9	8136.6	5314.2	7493.3	15430.1	8760.9	11927.4	9473.4
"M19989_cds1_at"	433.1	249.5	53.2	165.7	110.9	72.2	109.5	84.3	71.2	132.1
"M19989_cds2_at"	430.2	271.1	73.3	3815.2	38.1	33.1	682	24.4	180.3	451.7
"M20030_f_at"	159.8	700.7	887.4	1388.3	1529.7	913.3	1211	1582.7	1484.2	756
"M20137_at"	42.4	207.1	79.8	691.4	252.2	317	108.8	303.7	177.5	182.7
"M20203_s_at"	79	77.8	95.1	197	57.4	67.1	144.7	55.8	107.4	57.1
"M20218_at"	53.4	94.6	631.3	309.1	192.3	135.7	84.9	330.7	239.8	155.2
"M20471_at"	19615.2	12779.6	17707.1	24869.5	58786.9	20386.4	16680.6	14263.2	10899.7	19554.3
"M20530_at"	279.6	782.3	253.2	518	89.3	137.5	666.3	117	170.1	137.9
"M20543_at"	102.1	31.7	257.2	444.3	156.2	157.8	198.8	427.5	318	119.7
"M20566_at"	1193.8	1538.2	635.2	294.6	2343.5	2491.2	389.9	595.3	495.4	1737
"M20642_s_at"	17.3	111.4	42.9	40.7	133.1	21.5	59	43.9	33.6	12.6
"M20681_at"	4372.7	6176.9	2266.7	704.6	3313.1	10856.9	2988.9	2904.1	14997.8	6825.6
"M20747_s_at"	1147.3	694.7	953.9	1304.3	826.7	779.5	1165.9	748.2	826.3	704.5
"M20777_at"	80.7	103.2	72.2	90.9	85.9	60.2	108	81.3	95.2	97.4
"M20778_s_at"	613.7	347.3	146.8	207.7	143.6	96	578.1	309.8	148.3	126.6
"M20786_at"	298	185.2	248.3	409.2	163.4	213.4	360.4	342.3	455.4	224.2
"M20867_s_at"	1696.7	2253.6	3333.7	3755.4	2964.4	2441	1862.2	3318.7	2921.1	2650.2
"M20902_at"	58540.5	114649.6	92625.2	3215.9	64150.9	54749.8	75542	52029.2	46293.3	46771.1
"M20919_at"	28.9	42	13	18.6	108.7	17.7	65.3	44.5	31.8	13.3
"M21005_at"	1704.1	5367.4	4475.5	1180.7	5022	3100	3610.9	5290.6	5618.7	2927.7
"M21056_at"	110.9	443.4	154.4	79.3	69.1	64.2	87.7	77.2	81.4	37.4
"M21064_at"	64.3	35.5	606	396.7	414.4	457.3	556.8	497.9	711	522.8
"M21119_s_at"	20371.4	4882.7	11523.1	855.3	16277.6	11091.1	10726.6	4632.5	1281.3	2686
"M21121_at"	9758	6387	751.7	2606.6	1826.6	5435.7	1533.3	502.9	910.5	444.9
"M21142_cds2_s_at"	25459.7	39295.5	38106.2	32813.8	38264.6	35165.7	68150.6	32438.3	29602.8	38171.9
"M21154_at"	1275.6	2547.5	3360.2	894.2	4138.6	3564	1917.8	2617.6	3069.7	6181.7
"M21186_at"	97649.2	55626	121734.2	27922.6	57960.1	58329.3	185824.7	76318.5	99431.1	54476.5
"M21188_at"	389.1	64.5	194.5	281.9	237	475	435.3	550.7	478.6	364.4
"M21259_at"	3456	3123	3228.8	4401.6	3705.2	3383	3206.8	4616.5	3490.8	3965.3
"M21302_at"	999.6	1089.8	194.5	243.6	257.6	1187.3	984.6	332.5	152.7	721.7
"M21305_at"	151.1	2572.4	277.5	5220.5	33	154.5	240.4	145.5	52.3	9.8
"M21388_at"	42.4	32.3	21.6	24.2	18.6	17.5	48	38.3	26.4	12.6
"M21388_r_at"	7648.9	7844	12303	24145.5	20375.3	14039.6	20115.5	14889.3	13788.7	13760.9
"M21389_at"	150.9	1811.8	127	30630	395.3	384.9	172.1	270.4	183.3	184.4
"M21494_at"	846.9	504.3	1090.1	846.3	508.8	673.3	1054.7	1177	887.1	671.5
"M21535_at"	428.4	116.4	153.8	61.5	62.6	125	541	31	83.7	52.1
"M21539_at"	1346.5	645.1	1030.8	1520.1	1537.4	1044.5	2099.2	1088.4	1049	968.8
"M21551_rna1_at"	6721.3	3927.9	5482.9	1061.2	3122.8	6654.4	18065.2	4623	6551.8	5597.9
"M21574_at"	259.1	364.7	220.5	528.8	345.2	56.2	350.1	353.6	91	111.3
"M21624_at"	454.6	75.6	252.5	93.7	196	277.9	40.1	151.5	192.6	15.2
"M21642_at"	131.8	10.2	19.8	10.8	15.2	10.8	27	296.9	51	4.5
"M21642_s_at"	12	40.8	145.9	166.7	3.7	90.4	65.4	359.5	63.4	47.3
"M21665_s_at"	338.7	244.8	496.8	592.9	707.1	318	520	1045.1	844.1	712.8
"M21812_at"	1177.6	1310.2	975.5	1658.5	828.1	842.6	2524.7	1501.6	1374.9	1020.5
"M21904_at"	20212.4	18999	12384.2	5528.3	9430.1	14548.3	29643.6	12357.7	13783.3	16118.6
"M21934_at"	453.4	443.5	478.1	538	308.8	417.5	727	810.2	579.8	260.2
"M21984_at"	835.8	1571.3	732.1	5251.6	394.4	476.1	2089.7	620.2	915.2	519
"M21985_at"	635.4	251.6	300.7	574.7	277.4	304	353.6	130.5	181.8	345.5
"M22005_at"	60.2	36.5	35.4	55.9	21.7	25.6	56.6	23.6	21.3	10.4
"M22092_at"	25.7	27	19.3	16.1	44.8	15.2	19.3	16.9	22.9	8.9
"M22324_at"	27335.4	10995.4	4696.1	2688.9	3862.1	16326.9	16671.4	8788.6	7357.1	10545.9
"M22348_s_at"	1469.7	1371.3	1555.4	1257.5	1954.9	1537.8	2010.9	1871	1123.8	1967.7
"M22382_at"	7698.7	24215.3	16305	22952.7	12815.2	17715.2	1647.1	13757.3	15249.7	24178.9
"M22403_s_at"	962.2	145.9	267.2	158.3	95.6	142.4	136.6	127.8	213.9	88.5
"M22430_at"	240	200.5	86.9	142	37.3	109.4	36.1	130.3	36.1	68.4
"M22489_at"	26.7	24.4	23.7	45.4	39.4	21.7	65.8	34.7	22.3	19.2
"M22490_at"	1070.8	1149.2	1467.4	3205.5	2132.1	1385.6	2004.4	1672.1	1668.9	1561.9
"M22538_at"	12806.6	6509.3	10056.1	10835.9	5973.8	7620.9	11909.5	7904.9	10422.9	7718.9
"M22612_f_at"	223.4	203.7	131.8	440.1	63.7	124.6	161.8	221.3	168.1	65.5
"M22632_at"	3677.3	2535.3	3900.6	7978.3	2407.7	3743.5	3846.8	4341.7	4869.7	4062.3
"M22638_at"	1346.4	528.1	1386.7	577.1	257.4	358.4	1720.5	1593.9	1092	738.5
"M22760_at"	5099.7	5022	9768	12160.9	9417	7911.5	9374.2	11242.8	13432.3	12476.5
"M22877_at"	1642	4522.2	3166.4	2462.2	6933.2	4715.7	1341.7	3839.3	3184.1	6094.4
"M22898_at"	620.4	511.6	692.8	130.2	296.9	342.3	675	554.2	427.9	448.9
"M22919_rna2_at"	2780.6	3226.7	3051.9	4980.8	3494.3	2832.5	1992.8	3227.5	2597.9	2973
"M22960_at"	17794.1	14264.5	20022	9987.4	9809.8	13747.7	14780.8	18523.9	14465.8	10384.1
"M22976_at"	6438.9	4629.5	6266.9	21508	5038	8033.6	4154.2	4680.9	5580.8	6733
"M22995_at"	3135.8	2549.3	3507.8	2234.4	6581.5	4911.5	1446.7	4728	5700.2	5408.3
"M23114_at"	5685.6	10948	5522.8	34797.8	13779.1	19083	5645.1	11296.7	10676.8	17137.2
"M23161_at"	1958.7	1060.2	1270.2	1546.3	1187.4	1219.7	1129	1431.7	1783	1340.9
"M23178_s_at"	48484.5	107121.8	1651.4	790.8	83212.4	62892	15414.7	1322.6	42772.5	42566.9
"M23197_at"	1854.3	1892.7	5792.5	543.9	4550.5	1030.3	1490.3	6480.7	5459.3	4206.1
"M23234_s_at"	46.6	63.8	58.3	52.1	28.5	46.6	76	74.2	195.2	18.1
"M23254_at"	14831.8	15847.4	8565.9	40199.9	11509.7	22380.3	12440	12462.9	15459.1	15664.4
"M23263_at"	451	158.6	546.9	988	924.2	548.1	852.3	765	725.4	365.4
"M23294_at"	28138.3	17485	31514.6	5094.8	32693.6	30201.8	44389.6	45491.7	43367.4	44953
"M23323_s_at"	2021.1	2117.1	1202	3457.5	1878.8	2727.1	3032.3	2499.9	1890.1	1258.5
"M23379_at"	1558.4	2314.6	1336	2352.6	4342.7	3201.3	1384.9	3861.1	1976.1	4451.7
"M23533_at"	346.9	182.5	213.7	436.8	210.6	214.2	635.3	378.8	297.2	189.4
"M23575_f_at"	238.7	459.2	265.9	251.1	203.5	203.9	172.3	384.8	102.5	170.6
"M23613_at"	19721.4	34334.9	26278.8	23197.9	36355.5	35366.7	25411.3	24096.2	24229.7	33832.4
"M23668_at"	1251.3	954.7	897.1	504.3	819.5	707.4	1659.9	1638.4	1500.2	1423.2
"M23892_s_at"	345.3	144.1	105.2	4974.8	66.2	68.6	115.1	195.4	210	215.4
"M24069_at"	919.9	3236.6	2439.8	7446.6	3867.5	3062	1881.8	2341.7	3846	5575
"M24122_s_at"	258.3	208.2	308.1	721.9	205.3	608.4	294.3	473	174.9	200.6
"M24194_at"	36201.7	37315.7	56152.2	32649.9	34139.6	36895.4	63577.4	40459.5	45527.3	40441.9
"M24248_at"	1860.8	1678.5	1292.2	3153.8	2507.1	2656	3274	809.7	1378.5	2099.3
"M24283_at"	9588	6597	874.2	559.3	1866.8	15512.9	2613.4	754.1	526.8	477
"M24349_s_at"	236.9	251.6	214.4	360.1	242.5	197	374.9	357	412.2	84
"M24351_cds2_at"	85.5	193	264.5	499.6	777.9	35.5	242.6	357	552.2	158.2
"M24351_cds3_s_at"	214.6	18.5	45.9	369	97.5	42.3	74.2	76.3	51.6	137.3
"M24364_at"	88.2	194.2	398.2	79.9	49.1	79.4	465.8	279	308.5	247.4
"M24398_at"	3823.2	3532.9	4155	2644	2310.9	1895.7	3302.2	2701.8	1658.8	4084.6
"M24400_at"	342.3	362.2	124.5	237	83.6	188.5	321.3	315.7	137.2	131.4
"M24439_at"	1673.7	1755	1313	8645.6	1404	868.7	3266.2	2127.7	1430.5	1624.9
"M24461_at"	421.4	317.6	254.4	477.9	105.1	144.6	550	381.2	583.8	225.3
"M24470_at"	4264.4	2864.2	1600.6	1672.4	816.6	1035.2	2482.5	2798.7	1913.9	1386.9
"M24485_s_at"	38155.3	24725	35836.2	94741.6	21042.6	24446.3	49588.8	24168.3	24271.1	25933.8
"M24486_s_at"	7821	5330.1	6609.5	3619.2	6059.7	6496	10202.7	5226.7	4285.7	5034.5
"M24594_at"	2547.7	5007	819	649.1	699.3	481	780.7	1599.9	538.2	446.4
"M24736_s_at"	239.2	22.4	82.2	291.6	50.2	108.9	280.2	235.9	72.1	18.9
"M24748_cds2_s_at"	95	111.4	54.8	100.7	44.9	66.7	156.7	116.2	91.9	17.2
"M24766_s_at"	241.1	191.6	147.2	123.9	80.7	116.1	268.6	87.2	90.6	57.1
"M24899_at"	852.3	1233.9	1577.8	4859.2	971.3	1046.6	1512.9	1647.1	1595.7	1364.8
"M24900_at"	1339.6	1160.6	563.5	1275.9	763	951.3	1703.6	1171.2	651	632.1
"M24902_at"	129	395.4	82.9	739.3	199	142.4	22.3	209	195.5	90.9
"M25077_at"	1391.3	1206.4	1316.6	1715.8	2403.3	1499.9	2249.2	2178.9	862.4	1803.7
"M25079_s_at"	2138.1	619.5	2661.4	55217.9	647.6	5266.8	3016.3	672	1343.2	938
"M25164_at"	129.4	50.3	97.7	177.8	329.8	60.2	109.6	477	288.3	52.4
"M25269_at"	1085.5	723.4	706.1	1002.2	650.9	642.3	1242.4	842.3	1032.5	546.1
"M25280_at"	190.8	310.5	113.9	307.6	163.7	226.1	169.8	136.3	134	20.3
"M25296_at"	455.2	317.6	114.5	444	179.6	546	164.9	622.9	421.1	106.6
"M25322_at"	122.9	260.5	205.6	979.2	296.5	272.2	38.4	512.5	444.5	291.5
"M25393_at"	248.7	184.8	189.3	54.3	314.1	336.2	38.6	225.4	326.5	140.9
"M25629_at"	85.3	167.9	237.1	126.3	441.3	128.7	545.1	162.5	254.7	285.9
"M25667_at"	601.6	479.9	181	671.6	446.1	407.3	679.8	466.6	381.4	336.9
"M25753_at"	199.1	36.7	211.4	55.6	267	95.3	17.9	356.2	309.8	244.2
"M25756_at"	52.1	338.1	276.1	966.2	465.4	297.2	317.5	436.6	340.9	154.7
"M25809_at"	311.8	260.5	147.1	1629.4	487.8	357.3	397.5	611.2	507.1	217.2
"M25897_at"	53	400.6	28.9	60.7	207.4	47.4	58	70.7	71.6	62.8
"M26004_s_at"	240.8	30	72.5	194.6	104.7	128.5	106.5	223.9	274.6	20.7
"M26041_s_at"	51147.8	1766.8	42182	270.2	983	42788.1	9685.4	8305.9	10122	30341.2
"M26061_at"	708.9	171.6	441.6	439.1	163.6	272.5	584.9	609.2	472.4	344.8
"M26062_at"	213.7	232.9	116.6	2126.7	697.1	3400.1	184.8	237	173.6	111.5
"M26167_rna1_at"	24.4	293	20.9	115.6	95.9	11.7	19.3	29.8	19	3.3
"M26311_s_at"	7268.3	19133.7	31087.1	2550.6	15770.6	18883.9	29752.2	30897.5	27061.4	20695.4
"M26576_cds2_at"	772.3	374.1	267	738.4	300.3	557.3	1063.3	1014.8	630.1	282.8
"M26602_at"	57.9	106.1	34.8	137	67.2	37.6	55.9	72	55.6	39.1
"M26657_s_at"	481.8	448.2	1078	362.3	395.9	857.7	1839.5	1740.3	419.8	1266.2
"M26665_at"	175	311.7	113.3	239.1	64.1	239.6	23.1	156.5	71.7	107
"M26665_s_at"	176.2	82.1	114.6	262.1	75.7	153.6	707.3	490	56.5	21.3
"M26679_at"	55.9	22.9	107.3	69.5	185.2	36.7	47.3	360.4	39.8	25.6
"M26682_at"	121.8	710.9	153.5	197.9	5927.8	146.1	418.9	191.5	156.7	110.5
"M26683_at"	149.2	154.5	377.2	589	78.3	376.9	565.8	592.7	799	196
"M26692_s_at"	752.4	738.2	256.5	233.9	75.2	356.7	103.7	447.9	304.2	125.7
"M26708_s_at"	22047	28475	26388.4	32280.2	37186.3	24797.9	20844.3	21636.2	30171.9	32404.5
"M26730_s_at"	8153.9	13693.1	10242.5	7012.8	13613.2	10885.9	7643.2	10820.6	9547.5	18865.3
"M26856_s_at"	602	346.5	183.4	367.6	232.8	281.6	958.4	333.6	244.5	233.2
"M26880_at"	20455.2	46350.7	28765	32040.2	28682.7	22460	6922.5	17213.6	22081.8	21918.6
"M26901_s_at"	384.5	112.6	512.6	253.7	98.4	342.5	284.9	442.6	266	118.2
"M26958_s_at"	34.1	619.5	74.6	424.8	139.8	113.6	245.2	24.9	18.9	6.5
"M27093_s_at"	39	30.3	113.4	62.4	13.5	108.7	217.9	148.5	158.5	34.3
"M27160_at"	183.8	51.5	322	218.2	290.8	102.8	95.5	495.2	97.4	48.3
"M27161_at"	123.1	651.7	199.7	1132.6	219.9	269.9	147.5	575.8	348.9	212.2
"M27281_at"	282.4	309.4	67.7	83.5	39.9	57.6	233.7	39.3	32.8	71
"M27288_at"	3225	1191	233.2	252.6	1366.9	1136.4	293.5	197.7	970.9	1674.6
"M27318_f_at"	143.9	623.7	144.2	132.9	90.6	135.5	340	220.6	267	94
"M27394_s_at"	36.9	57.5	209.1	94.8	107.5	170.6	101	273.5	144.7	35.1
"M27396_s_at"	580.3	187.1	133	1811.4	565.2	459.9	1059.2	668.3	524.3	745.3
"M27436_s_at"	597.9	2418.5	48	6261.2	7188.6	4297.2	65.1	54.2	82.3	1545.1
"M27492_at"	209.2	1178.1	210.2	1799.3	948.2	777.6	506.5	336.8	527	208
"M27504_s_at"	217.5	110.3	241.7	147	158.7	50.2	679.3	202.2	184.9	178.1
"M27533_s_at"	1031.7	344	860.4	530.8	451.7	1879.5	470	488.9	405.3	422
"M27543_at"	221.2	210.6	310.4	613.9	1131.2	760	217.5	554.8	448	929.7
"M27691_at"	806.1	526.1	575.5	1494.4	1801.8	1157.4	394.2	1005.7	765.7	1199.7
"M27749_at"	138.1	77.2	1668.2	1956.8	2402	73.5	530.6	356.3	115.1	1486.9
"M27749_r_at"	1490.9	387.6	1850.1	1363.7	259.7	392.1	294.5	476.5	425	1318.4
"M27783_s_at"	166.3	128.5	196.8	310.2	177.9	103.9	288	140	180.7	114.9
"M27819_at"	115.9	176.1	52.9	415.8	240.4	57.6	160.9	132.8	100	41.9
"M27826_at"	2309.3	3638.9	2956.9	5284.4	2313.1	2390.1	2522.1	4464.5	1321.7	1740.5
"M27878_at"	497	429.3	292.2	620.8	247.6	254.3	265.8	395.4	154.3	190.9
"M27891_at"	108607.7	120963.7	132337.8	49350.1	109166.1	67532.1	95164.5	103157.3	99504.2	76515.1
"M27968_s_at"	30.8	45.5	53.1	124.5	80.6	33.7	75	178.6	46.8	102
"M28130_rna1_s_at"	33799.6	52056.6	1750.3	434.9	58267	37917.3	24350.4	740.5	13950.7	27639.9
"M28170_at"	760	646.4	280	1445	84.7	349.7	544.6	588.4	479.2	150.5
"M28209_at"	3211.9	5643.1	2814.9	2792.7	5781.6	6401.5	5850	4296.5	4404.9	5210.1
"M28210_at"	70.6	151.5	110.1	148.6	42.5	70.2	213	93	90.2	42
"M28211_at"	426.2	582.3	2228.9	1568.9	947.2	975.1	1761.9	2596.9	1632.2	1752.9
"M28212_at"	547.4	224.3	394.8	631.4	423	371.7	806.3	791.1	267	726.8
"M28213_s_at"	3022	4240.8	2023.6	2037	3752.7	6104.4	3553.1	2907	3430.7	4897.6
"M28214_at"	107.3	153.2	107.6	1060.6	324.2	171.3	164.7	339.3	123.2	78.3
"M28215_at"	506.1	1353.4	579.8	541.3	1003.8	662.8	1145.4	1360.1	966.2	1025.9
"M28219_at"	673.4	745.9	227.3	280.5	183.2	269.2	356.6	334	179.1	184.7
"M28249_at"	171.5	162.8	27.7	1648.8	32.7	41.9	44.3	154.4	44.2	25.1
"M28439_at"	1038.5	576.3	518.8	775.7	607.6	846.1	637.2	763.5	783.8	648.2
"M28585_f_at"	52	51.9	29.5	73.7	33.8	87.6	41.5	49.3	31.3	12.5
"M28713_at"	21676.2	7261.8	11944.1	10710.6	10670.8	10960.5	11882.6	13107.1	11661.5	9549.4
"M28825_at"	213.2	127.1	129.9	200.1	105	112.7	165.7	1007.3	909.2	389.5
"M28826_at"	56.1	64.7	28.1	63.4	115.3	37.9	76.3	331.7	612.1	79.5
"M28827_at"	300	135.6	102.7	668.5	150	159.4	163.3	1383.4	1698	629.4
"M28879_at"	424.8	413.3	350.8	537.3	913.3	1729.2	828.7	76.7	259.3	166.9
"M28882_s_at"	164	468.8	295.4	1134	309.3	396.1	930.6	479.9	133.9	147.2
"M28983_at"	630.2	582.7	382	506.2	1686	937.7	1365.5	524.6	532.2	429.9
"M29037_s_at"	354.8	160.5	350.1	746.9	386.9	62.7	854.4	93.8	384.6	110.3
"M29064_at"	8308.8	17217.5	10777.8	15802.8	13680	13608.8	1443.5	9144.4	9653.4	10059.5
"M29194_at"	199.9	58.4	119	117.1	39.1	111.5	83.9	81.7	139.1	226.5
"M29204_at"	484.6	133.9	305.1	435.7	264.7	286.1	263.1	713.6	517.6	407.1
"M29273_at"	955.3	906.8	803.1	1086	689.6	763	2310.6	1137.7	1374.2	773.7
"M29277_at"	1136.5	1717.3	712.4	6700.4	850.3	1224.8	2132.1	47.5	734.4	944.3
"M29277_s_at"	194.9	219.8	212	157.5	269.2	188.9	119.7	236.1	130.8	97.1
"M29335_at"	1195.2	1195.6	2200.3	2985.1	1690.8	1760.1	4960.8	3322.7	3229	1688.4
"M29335_s_at"	67.8	39	285.9	60.8	213	67.1	63.1	155.7	75.7	120.8
"M29386_s_at"	894.5	167.3	494.4	1022.2	286.2	229.5	163.4	640.9	341.2	307.4
"M29458_at"	23.7	238.8	19.8	119.4	29.5	36.5	137	14.2	119.2	13.3
"M29474_at"	51.7	40.6	35.2	141.1	45.6	22.7	53	55.8	31.2	20.4
"M29536_at"	7987.2	8853.1	7267.1	5664.3	7822.8	13000.2	9388.5	8265.2	8032.8	8281.7
"M29540_at"	41.9	371.4	32.1	6185.6	39.8	149.5	40.5	80.1	73	14.8
"M29550_at"	423.9	186.1	489.7	2801.1	796.5	557	374.1	820.8	790.3	634.9
"M29551_at"	1566.9	990.3	1453.5	1794.4	1538.6	1253.3	1790.5	2345.3	1998.5	1781.8
"M29580_at"	79.8	196.2	450.5	1038.2	172.8	83.9	160.7	426.7	279.2	65.2
"M29581_at"	852.8	785.3	1155.5	1653.7	1000.9	749	493.9	1239.6	875.6	612
"M29610_at"	44	64.9	196	504.2	317.9	409.2	521.2	257.1	544.1	271.9
"M29610_s_at"	150.3	91.3	232.1	277.5	9.8	165.1	12.8	111.4	204.5	65.8
"M29696_at"	21926.1	27406.6	6544.6	2358.2	31963.1	42365	7440.4	4984.1	4725.5	15632.7
"M29874_s_at"	189.4	1477.1	244.7	35246.7	572.5	623.1	198.6	262.7	196	117.4
"M29877_at"	9589.7	2123.4	11985.2	12993.2	11759.7	13041.5	11671.7	29318.3	35219.8	20019.2
"M29927_at"	1684.5	2760.1	4586.8	14090.4	7719.6	5157.9	1505.3	5740.3	4149.8	6395.5
"M29932_s_at"	1832.5	1143.7	2020.1	2045.6	1301.3	1610.6	3723.3	1928.7	1789.8	1120
"M29960_at"	590.1	607.2	461.2	1968.8	875.3	738.6	752.6	1188.4	686.6	796.2
"M29971_at"	951.8	1326.5	3045.1	3001.9	2086.7	1112.9	1450.9	2432.8	1985.9	2522.9
"M29994_s_at"	194.6	352.4	28.7	57.1	205.9	40	341.5	28.8	224.9	248.7
"M30135_at"	43.1	37.4	26.9	47.2	24.3	19.8	58.5	44.6	32.8	14.6
"M30185_at"	1027	536.1	314	334.6	1009.3	685.9	802.2	1520	754.5	237.2
"M30257_s_at"	416.3	85.9	321.8	296.4	207.1	135.5	323.9	42	208.7	191.6
"M30269_at"	36	358.7	53.5	286.5	422.8	38.3	141.1	268.6	28.3	27.1
"M30448_s_at"	5447.2	4917.5	9856.1	13840.2	6948.4	5162.8	6627.5	8160.8	8684.4	11128.4
"M30496_at"	2191.6	1701.8	1529.3	1178.4	1747.6	1991.3	2090.1	1777.3	1253.6	1434.9
"M30607_s_at"	379.1	809.9	76.2	264.6	851.5	770.8	941.2	374.4	677.9	470.6
"M30625_s_at"	124.7	117.7	79.2	380.4	86.9	124.7	663.1	156.7	191.6	60.9
"M30703_s_at"	109.3	779.2	151.4	87.5	1980.4	528.2	50.4	37.3	2252.5	1343.9
"M30773_at"	177.6	368.5	225.3	99.8	244.2	323.9	16.8	254.5	334.7	168.8
"M30818_at"	3855.5	3998.9	2238.7	1346.7	1611.6	776.7	1262	1464.9	1265.4	818.4
"M30838_at"	283.9	197.9	72	218.7	211.1	108.8	664.5	309.8	105.9	98
"M30894_at"	1467.7	1478.6	3059.6	1455.2	6011.1	4001.7	618.3	2598.9	1620.1	2321.8
"M30938_at"	3792.3	1787.7	3026.8	8056.4	11441.9	3870.2	4338.3	5710.6	4472.6	5731.5
"M31013_at"	17651.7	17116.4	19936	11666.5	37288	22040.1	10617.6	22453.1	19018.3	18852.8
"M31153_at"	74.1	76.5	52.9	107.9	40.1	70.6	62.2	51.4	40.9	37.8
"M31158_at"	406.1	66.6	506.3	77.9	458.5	203.6	518.4	654.9	452.3	385.1
"M31165_at"	10468.4	30922.1	419.3	45.2	32777.7	31927.2	1872.8	81	697.4	4586.8
"M31166_at"	351.1	1443.3	127.5	131.2	5288.9	9482.8	286.4	225.8	160.2	963.1
"M31169_s_at"	2757.6	675.6	2243.9	1922.8	936.9	1036.9	2004.7	3496.2	2119.6	1903
"M31210_at"	10.1	26	4.3	18.9	5.5	6.7	29.8	6.9	29.7	2.4
"M31211_s_at"	566.8	264.3	240.2	1179.6	73.6	121.1	1202.8	468.6	124.6	108.4
"M31241_s_at"	194.6	327.4	412.9	291.4	119.4	146.1	61	388	140.5	67.6
"M31303_rna1_at"	1479.3	3636.9	4536.2	2308.4	3947.4	2074	1697.3	3141.6	5799.4	2486
"M31328_at"	1119.2	1148	791.1	1677.3	916.9	736.3	756.1	1095.1	1100.6	558.4
"M31423_s_at"	146.3	326.3	141.3	98.8	8.9	49.1	26.6	171.6	33.2	11
"M31516_s_at"	995.9	7333.6	1393	1423.1	11276.6	5365.5	880	1392	2762.2	5396
"M31520_at"	18160.8	34329.4	28652.1	40836.9	36497.6	17167.3	25473.8	22785.9	27742.9	30396.3
"M31520_rna1_at"	54.3	37.8	436.8	208.3	24.7	15.6	526.1	99	342.3	213.9
"M31520_rna1_s_at"	19888.7	39430.5	41157.4	22561.2	35677.3	21137	17776.5	15915.6	21578.2	29376.4
"M31523_at"	586.8	491.9	845.3	1438.6	530.6	442.6	858.1	1006.5	846	624.3
"M31525_at"	1828.4	2767.9	3687.2	3439.9	2559.8	2146	3524.2	4254.4	2755.8	2350.1
"M31551_s_at"	27218.7	10348.3	14.9	58.4	6026.2	21718.8	206.9	26.2	29	1298.3
"M31606_at"	1633.8	601.8	1709.3	2186.7	892.8	976.9	4413.5	1845.1	781.4	444.5
"M31627_at"	8121	16465.6	12061.8	47033.9	38250.3	27038	4366.1	8574.5	20451.4	22909.6
"M31642_at"	1961.6	1619.2	2689.7	3019.1	4552.5	2888.1	1377.8	3010.1	4041.4	3668.5
"M31651_at"	135.7	634.9	234.6	667.1	433.5	223.4	498.2	123.4	110.5	473.9
"M31659_at"	286.7	119.1	34.2	516.3	107.3	186	78.2	137.8	415.6	32.5
"M31661_at"	25.2	43.4	22.4	30.9	13	16.1	34.1	37.6	17.9	13
"M31667_f_at"	1223.7	1707.9	585.9	1199.5	941.4	319.8	2058.8	847.9	897.7	819.7
"M31682_at"	127	74.5	82.8	4481.9	73.7	90.9	189.8	126.8	84.9	69.5
"M31724_at"	4941.4	3687.1	1957.1	1306.3	4931.3	8371.6	2408.2	4050.1	3585.7	5684.9
"M31774_s_at"	245	182.4	23.5	96.5	51.2	30.3	189.3	54.6	55.7	22.6
"M31776_s_at"	87.8	140.7	124.2	99.7	45.4	113.8	2015.4	117.6	56.6	55.5
"M31899_at"	1820.3	800.6	1426.7	5155.6	1055.1	1399.9	1442.1	2002.6	2017.6	1122.8
"M31932_at"	1927.1	2882.4	6636.2	712.7	4345.5	2640.1	1988.5	3245.4	2691.1	4366.3
"M31951_at"	142.5	265.3	182	421	193.2	402.4	436.4	410.7	107.5	186.2
"M31994_at"	5478.1	7436.2	16962.2	54271	21061.2	16653.2	13764.7	23839.2	17426.6	19911.4
"M32011_at"	21604.6	13025.4	27628.1	2844.5	27007	17698.1	25436.4	29119.3	31271.6	27805
"M32053_at"	214.6	505.2	36.4	54718.1	97.6	364	155.6	216.6	124.3	52
"M32304_s_at"	13448.8	11345	19281.2	1532	10388.6	16491.4	20821.8	20012.2	13652.5	16635.5
"M32313_at"	1122.7	395.6	529.7	2531.9	990.7	764.6	1531.6	1076.1	1202.3	782.4
"M32315_at"	11340.1	6162.7	3543.8	1556.9	3669.4	7045.3	8573.5	4600	3188.8	3545.8
"M32334_at"	2024.7	1996	4361.3	163.1	2764.6	1907.1	2524.3	3481	3112.1	3214.1
"M32373_at"	2399.8	1058.1	1311.1	1505.7	17883.3	1196.3	894.3	1890.3	1892.2	1038.1
"M32402_at"	51.7	72.3	77.3	81.7	240.8	49.4	115.7	68.1	55.3	51.7
"M32405_at"	10241.1	9717.7	8922.2	11753.1	7306.2	7314.9	7537.8	8178.8	9214.7	8336.7
"M32578_at"	182.5	2578.8	6392.4	63.5	14603.4	68.5	301.3	178.6	92.1	83.5
"M32598_at"	55.6	53.3	111.3	409.4	56.5	114.8	137.3	150.7	102.8	86.4
"M32639_at"	38.5	195.7	11.3	184.8	94.7	26.6	24.2	231	39.8	16.8
"M32879_at"	5919.4	7722.8	4454.3	6993.8	6389.7	6116	7043.5	7134.3	6191.9	4733.3
"M32879_s_at"	146.5	291.2	314.9	265.5	281.7	208.8	111.6	98.1	86	165.4
"M32886_at"	9870.6	2945.9	4530.6	11801.7	3873.2	3455.7	3889.9	3489	4086.6	2979.8
"M33195_at"	94394.1	62856	58772	2541.4	46997.3	50759.7	112809.3	55487.8	59138.6	44051.9
"M33308_at"	1183.7	1158	953.5	3142	968.7	1708.3	1487.5	3989.4	2860.7	3043.4
"M33317_f_at"	294.8	498.2	149.7	1336.2	159.7	208.5	476	264.8	291.8	201
"M33318_r_at"	210.1	169.6	184.3	247.6	165.8	78	72	94.8	94.5	118.5
"M33336_at"	10255.1	8955	10098.3	24721.4	15378.5	13733	8339.9	15879.6	10408.4	14554.8
"M33374_at"	1786	1104.6	1253.5	1800.7	923.7	537.6	1675.6	924.7	1286.1	1256
"M33478_at"	57.4	14.7	25.1	39.7	179.8	30.5	15.5	27.1	36.4	52.7
"M33493_s_at"	270.9	334.9	665.3	2657.3	625.9	673.3	1067.4	361.5	68.4	168.4
"M33518_at"	2326.1	2145.5	2164.8	4347.4	2418.3	1594.1	4009	2553.3	3257.2	1669.5
"M33521_at"	6923.6	5774.4	5628.1	7551.3	5096.1	5854.6	10141.3	7746.2	5597.3	5156.9
"M33552_at"	7502.4	3944.4	8047.9	2713	2569.3	5545.2	13151.1	6605.2	6140.7	7661.5
"M33600_f_at"	103757.6	224136.1	157754.1	11732.6	149765.7	102323.8	241611.1	99418	102250.8	90470
"M33653_at"	62.7	92.1	50	76	72.3	100.2	56.9	88.2	44.3	59.4
"M33680_at"	76502.7	57807.9	105791.2	54591	91576.6	59010.6	100868.7	82765.3	85162.1	74171.9
"M33684_s_at"	1365.4	1529.9	599	1091.1	899.9	1335	1965.6	1248.5	780.2	1246.1
"M33764_at"	5645.6	5555.2	11700.2	7928.9	7393.8	5426	10870.1	11142.8	12523.9	14141.2
"M33772_s_at"	144.7	176.8	124	105.6	64.9	110.6	617.7	145	207.5	51
"M33882_at"	26965.7	37156.2	14719.4	5710.6	9185.9	5494.7	4499.3	12776	6912.5	5874.5
"M33987_at"	233.9	55.8	244.1	43.9	158.8	98.1	77.7	40.2	92.5	6.9
"M34041_at"	1331.8	3073.9	1417.3	3123.4	2253.1	2338.5	5138.5	2477.5	2537.2	1566.2
"M34057_at"	149.6	116.4	176.4	361.9	51.5	18.3	567.3	190.8	42.4	22.8
"M34065_at"	481.7	320.3	36.5	92.7	55.3	83.9	384.6	126.3	277	60.4
"M34079_at"	4538.5	3263.3	2847.8	4318.8	2831.5	4624	7026.3	2846.8	5116.8	3066.2
"M34175_at"	1857.2	1819.2	4359.2	4932.5	4171.7	2687.3	3691.9	4430.2	5638.5	3353
"M34181_at"	562.7	361.7	1726.7	561.4	1511.3	567.8	1059	2114.2	1339.5	1916.4
"M34182_at"	2290.6	2947.1	2283.4	4285.3	3698.6	2193.1	3414.1	2148.7	1221.2	1319.4
"M34192_at"	1014.8	362.7	769.7	804	2184.8	664.1	656	800.7	779.7	466.1
"M34276_at"	477.6	745.4	507.5	1463.5	363.4	485.4	875.7	773.2	405.1	296.3
"M34309_at"	401.6	356.3	195.1	2807.4	197.3	140	996.3	283	294.9	193.7
"M34338_s_at"	3007.6	2002.1	3752.4	1017.7	1798.8	1741.3	6442.8	5284.8	3273.8	4104
"M34344_at"	1083	198.1	741.6	1254.5	400.7	429.1	838.1	205.4	577.8	197.5
"M34353_s_at"	50.6	110	93.9	86.5	18.6	22.6	94.1	65.4	23.7	14.8
"M34376_s_at"	584.3	8056.8	566.4	97902.9	585.9	1558.6	348.6	1566.5	614.6	176.5
"M34423_at"	10635.7	7795.8	14625.7	5006.9	9172.9	10867.9	15274.7	21037.6	18712.2	13349.5
"M34455_at"	9285.6	4358.2	603.4	1022.7	1124.1	3907.9	2460.5	1249.5	814.4	792
"M34458_rna1_s_at"	27.6	162.3	70.1	221	19.6	168.7	228.9	327.5	220.4	23.1
"M34516_at"	49.3	68.8	55.4	111.9	63.2	54.5	78.3	75.8	79.7	45.6
"M34516_r_at"	98.1	205.5	199.8	375.4	359.2	150.2	386.9	283.8	251	23.1
"M34539_at"	15689.6	7243.7	12985.6	7750	9639.3	9491.6	15375.6	18905.4	8715.7	10004.8
"M34667_at"	624.2	542.7	239.1	297.7	306.4	150	173.9	304	281.1	454.5
"M34668_at"	1779.5	1122.8	1676.3	2803.7	956.5	1640.9	1794.9	2068.2	1793.7	1745.2
"M34677_at"	4561.2	3798.7	4574.9	3716.9	5001.3	7172.2	6793.4	9725.6	4272.6	4388
"M34715_at"	283	37.3	128.1	188.4	304.8	154.2	260	185.6	201.7	87.3
"M34996_s_at"	60512.1	112092.9	64105.8	7017.7	68670.2	60116.3	43674.1	56854	46753.1	52798.4
"M35093_s_at"	221.9	216.1	104.6	208.7	144.1	166.2	186.6	179.6	284.4	93.2
"M35128_at"	1084.6	1616	1201.4	2713.9	1595.8	1413.4	2386.4	2067.2	1566	1291.5
"M35198_at"	54.5	61.8	16.5	75.2	11.2	23.1	46	33.9	19.6	9.7
"M35252_at"	178.8	227.7	71.7	26443.7	42.8	44.4	152.5	119.5	16.9	15.4
"M35296_at"	933.6	2617.8	491.1	1335.9	1541.6	1424.2	823	810.6	1239.2	2427.2
"M35416_at"	913	945.2	1752.8	1762	772.2	845.4	1106.5	1158.5	978.1	1038.2
"M35531_at"	630.7	616.6	922.4	1654.7	664.2	411.9	1660.9	1463.2	263.6	545.3
"M35851_s_at"	64.5	33.7	60.4	79.1	265.6	168	510.9	45.8	81.9	134.5
"M35878_at"	989.2	1357.8	791.8	15418.2	653.7	931.2	1299.9	969	802.9	595
"M35999_at"	426.1	67.2	98.2	57.6	139.6	174.3	57.8	207.3	192.6	85.3
"M36067_at"	141.5	128.6	838.1	1376.6	301.5	97.6	203.6	262.6	110.8	176.3
"M36072_at"	25835.2	24078.5	67283	43058.3	36511.3	36178.2	44400	48327.4	40433.1	49433.4
"M36089_at"	1611	1447.6	1725	3187.3	1058	1025.5	1141.6	1390.8	1144	1345.9
"M36118_s_at"	303.2	145.8	86.9	139	443.5	455	296.2	264.4	61.7	210.5
"M36200_at"	734.8	707.4	523.3	763	509.5	737	650.1	801.8	679.7	534.8
"M36205_at"	877.1	759.8	406.8	373.8	723.4	627.4	359.9	1003.4	978.2	844.6
"M36284_s_at"	8485.7	5710.6	12176.9	1123.2	7694.3	6509.8	7343.5	5423.1	6375.7	5059.8
"M36341_at"	7467.5	10803.6	9983.8	15974.6	17279.5	18787.5	6902.8	7161.7	13610.8	17277
"M36429_s_at"	7279.6	3656.5	11741.3	6976.7	5373.4	5094.9	8272.8	12842.7	7947.4	7937.5
"M36430_s_at"	10271.8	5980	5664	1759.2	5073.3	10774.2	18501.5	8847.2	6566.9	9440.6
"M36542_s_at"	478.6	1157.5	1114.2	545.4	641	880.5	606.6	590.7	348.2	829.8
"M36634_at"	429.3	32.1	83.4	262.2	36.8	24.9	42.4	219.7	204.1	9.4
"M36653_s_at"	221.8	317.9	248	597.6	722.5	493	584.7	635.9	477.6	429.1
"M36803_at"	287.7	315	175.3	1014.4	161.5	157.6	701.6	226.4	212.3	141.9
"M37033_at"	54106.5	37410.3	39897.8	2635.7	40162.2	40006.6	49348.6	40833.6	39366.3	37683.7
"M37075_at"	483.9	785.3	256.5	187	127.8	489.4	1404	881.1	136.6	413.2
"M37104_at"	3035	3288	4860.4	4628.1	4748.3	4134.4	2914.3	5198.7	4298.9	4638.5
"M37190_at"	184.7	682	214.8	413.8	298.4	102.5	166.3	336.7	535.9	324.4
"M37197_at"	1580.1	1127.2	583.2	798	1066.4	1458.4	977.2	1499.7	542.5	1143.1
"M37238_s_at"	3561.2	2139.5	3674.4	2002.2	3039.1	2947.4	3744.9	4392.1	3305.3	3657.4
"M37245_at"	763.4	640.3	471.6	881.7	1216.8	817.8	1462.6	1202.9	681.3	519.3
"M37271_s_at"	112.3	302	188.9	418.8	230.5	228.2	117.8	232.1	173.8	211.5
"M37400_at"	813.5	802.9	1999.2	3622.7	889.9	780.6	441.9	2340.1	2439.6	2194.9
"M37435_at"	12824.1	28862.2	2371.4	586.5	40748.1	41825	14669.2	8374.2	17403.6	51247.2
"M37457_at"	4036.3	3528.8	3666.8	2279.8	4378.9	4426	8003.2	5410.8	4972.3	3797.7
"M37457_s_at"	220.7	1634.6	170.8	187.4	66.1	127.1	195.8	171.4	139.2	87.1
"M37485_cds1_at"	52.4	244.6	39.5	83	70.3	29.7	79.8	68.3	78.3	34.7
"M37583_at"	5729.3	26566.1	21824.9	5914.8	14750.4	11983.6	6116.3	12238	19435.3	20996.9
"M37712_at"	55.3	43.7	25.9	1392.6	23.4	16.3	165.3	156	22.4	18.3
"M37721_at"	1195.1	648.4	1216.3	3491	865.2	1070.9	1040.3	1226.6	942.7	749.7
"M37755_f_at"	534.5	762.3	391	597.9	292.8	290	642.3	657.5	722.4	333.5
"M37763_at"	257.3	306.6	321.9	184.9	43.5	105.2	165.1	114.6	209	153
"M37766_at"	840.9	705.2	702.8	482.3	663	1465.2	1453.2	809.5	646.4	486.1
"M37815_cds1_at"	12.9	13.5	23.8	29.7	8.9	5.6	318.9	21.4	16.4	5
"M37825_at"	51.9	209.1	152.1	834.7	41.5	133.1	53.9	360.5	132.2	26.8
"M37981_at"	47.1	184.3	143.7	37.6	22.4	33.9	135.4	13.5	104.6	51
"M37984_rna1_at"	784.9	770.1	637.9	1767.1	1010.3	888.7	531.7	1137.4	563.8	645.5
"M38180_rna1_at"	232.5	22.3	33.2	118.5	51.3	51.8	88.2	13.1	103.9	59.5
"M38258_at"	2550	1898.4	760.2	2814.8	353	838.8	1396.4	313.2	266.9	1072.5
"M38449_s_at"	5053.8	2032.2	4851.3	1160.4	1716.6	3260.4	7487.4	7283.2	2409.5	5393.7
"M38591_at"	24898.7	38777.9	33106.7	11035.1	40209.7	31844.5	31262.7	30877	37856.9	32458.5
"M38690_at"	7710.3	9694.1	15857.3	18625.6	16531.3	16112.8	16657.5	28509.9	30655.9	24644.5
"M54914_s_at"	49.1	17.1	18.9	221.3	29.2	33.2	32.1	20.6	29.4	20.6
"M54915_s_at"	15294.3	9201.2	9897.9	5882.3	5706.2	20384	21979.1	17232.8	11597.9	7020.1
"M54927_at"	138.2	131.4	366.8	192.9	127.6	126.2	403.9	308.4	211.8	16.4
"M54951_at"	87.2	158.4	120.1	134.1	176.2	74.2	58.4	92.7	245.7	120.9
"M54968_at"	357.6	181.7	385.8	588.4	365.7	130.9	224.9	454.6	480.8	247.4
"M54992_at"	282.4	60.7	743.1	558.8	503.4	186.8	438.5	428.1	381.2	206.1
"M54995_at"	1686.9	426.9	307.4	241.6	192.6	198	445.1	87.8	641.3	870.5
"M55024_s_at"	605.1	458.6	87.2	288.9	89.6	439.7	255.3	86.8	83.7	63.1
"M55040_at"	1792.7	1807.5	1212.4	2801.3	1276	1152.2	2606.1	2732.2	1043.6	1352.5
"M55047_at"	26.2	44.4	27.8	140.4	74.7	26.9	123.1	42.5	79.8	11
"M55067_at"	24403.6	5077.1	10599.4	1015.4	3633	5528	29463.6	9537.1	17767.9	8410.3
"M55131_at"	266	76.7	179.2	1119	213.2	268.7	87	568.2	307.4	163
"M55150_at"	5108.4	1972	3075.9	2073.7	2118.1	2488.2	3769.9	3118.3	2973.2	2461.6
"M55153_at"	13844.5	2998.8	3311	1439.7	2407	2736.3	10232.4	14106	4034.4	7636.9
"M55172_at"	310.6	96.2	108.3	139.1	55.8	56.3	109.3	122.5	56	48.8
"M55210_at"	87.4	81.5	30.1	1091.9	240.6	24.9	128.8	582	77.3	65.3
"M55265_at"	3528	2052.7	1693.5	2596.2	1853.3	5264.1	3894	2305.1	1809.2	2220.2
"M55267_at"	1135.1	578.2	771.9	54.6	791.4	436.1	849.3	1416.2	1338.1	1528.5
"M55268_at"	1258.2	2589	2622.2	2774.1	1303.9	1897.7	1108.2	2799.2	2547.3	1905.7
"M55284_at"	743.9	950.8	747.7	126.3	562.2	501.3	876.1	1313.6	354.3	831.5
"M55409_s_at"	19441.9	23285.1	51625.4	40645.3	35796.5	30893.1	32010.6	30406.6	36180.1	40775
"M55418_at"	245	19.1	134.8	103.7	162.4	39.8	130	312.5	20	23.1
"M55419_at"	265.6	34.2	10.6	17.9	9.7	15.6	49.7	18.8	10.9	17
"M55420_at"	518.4	435.1	285.2	369.3	198.6	250.1	939.5	170.9	476.7	263.8
"M55422_at"	460.1	983	1071.3	675.1	832.3	300.4	564.5	551.4	776.1	344
"M55513_s_at"	496.2	225.7	86.1	921.1	499.5	152.8	658	777.6	591.8	381.4
"M55531_at"	725.8	595.1	149.6	432.4	206.5	367.3	1365.2	521.6	74.5	94.7
"M55542_at"	2580.8	5363.2	2063.8	579.3	5625.4	13850.3	160	1883.7	1273.2	2000.7
"M55543_at"	3292.4	4936.3	3583.2	356.6	4708.4	5461	1319.3	1212.7	1536.2	1926.7
"M55593_at"	1126	766.1	143.9	802.2	95.9	786.8	2673.4	1045.4	719.2	492.2
"M55621_at"	14760	7370.7	6725.6	5679.2	6155	5693.3	19156.1	14456.5	12174.1	9533.7
"M55671_at"	290.7	1183.2	127.7	384.8	197.6	188	579.7	341.2	648.9	462.4
"M55682_s_at"	180.5	102.9	98	101.2	233	229.7	209.2	343.4	378.3	201.5
"M55683_at"	200.2	186.8	75.8	229.9	123	136.2	184.6	135	133.8	70.3
"M55905_at"	2164	1697	1587.9	877.7	1577.2	1875.8	4631.7	2780.7	2600.5	1789.8
"M55998_s_at"	299.1	730.5	176.9	5909.5	316.4	18566.6	536.1	659.6	1084.7	1170.2
"M57230_at"	50.6	83.3	24.7	36.4	121.7	23.5	22.8	40.8	20	72.8
"M57293_at"	148.8	235.5	384.8	123.1	220	74	123.3	444.4	398.7	198.8
"M57399_at"	268.3	524.9	251.9	860.6	334.5	293.7	80.7	543.3	255.4	325.6
"M57423_f_at"	120.6	99.7	269.9	225.7	116.5	107.5	97.1	337.3	398.4	59.2
"M57464_s_at"	60.3	214.8	141.8	305.6	297.6	140.1	153.3	121.2	275	125.7
"M57466_s_at"	49178.4	75820	48855	5184.6	41348.2	38033.5	21520.1	50310	29275.3	36133.6
"M57471_at"	57	23.2	9.3	19.4	14.4	16.3	311.1	50.7	30.7	6.7
"M57506_rna1_at"	657.1	397.7	375.5	333.9	89.3	130.2	324.9	356.6	92.8	130.6
"M57567_at"	6110.3	3978.8	6928.7	12874.6	5380.5	3711	8090.3	8933.9	7855.2	5644.6
"M57609_at"	871.7	582.1	586.4	2057.7	436.1	392	197.5	737.2	725	299
"M57703_s_at"	398.5	396.9	10.8	365.2	29.5	123.2	325.2	35.3	270.4	111.6
"M57710_at"	105238.1	157378	93624	88583.9	115058.9	73805	156016.3	78939.7	87220.7	75882.2
"M57730_at"	202.3	338.5	145.5	5101.4	141.7	126.9	280.4	206.2	119.6	58.6
"M57731_s_at"	8099.2	53361.8	1266.8	701.8	66674.7	44130.6	3585.1	1169	12432	19648.9
"M57732_at"	343.1	194.1	288.6	295.5	123.8	122.3	173.1	203.9	180.8	131.4
"M57763_at"	1023	898.7	1566.9	494.5	912.9	1410.5	523.2	2151.8	1275.4	1467.8
"M57892_at"	116.8	68.5	70.6	296.5	49.2	45.5	111.6	86	227.4	53.5
"M58026_at"	240.7	89	193.6	1554.1	369.6	279.2	1146	126.4	250.7	451.8
"M58028_at"	17230.3	8853.8	8722.5	24875.9	8105.1	12874.1	16101.5	8335.3	6415.8	7204.8
"M58285_at"	9325	3819.5	10373.3	1974	8231.5	6600.5	12141.9	8211	9435.5	6198.9
"M58286_s_at"	8714.7	8767.7	4485.7	5937	5241.4	7780.6	10775.1	10432.7	8456.2	6106.4
"M58297_at"	1414.3	1311.8	1323.2	4677.4	759.3	1340.9	1493.2	1722	456.8	974.9
"M58378_cds1_at"	2083.4	1407	772.3	3213.5	842.1	1412.2	4000.2	868.8	891.5	818.1
"M58459_at"	5774.5	6276.2	13025.3	110.4	9194.6	7890	1143.9	9210.5	13133	14787.4
"M58460_at"	61.6	296.1	203.2	184.8	352.4	169.5	66.5	443	344.1	288.7
"M58509_cds1_s_at"	564.9	851.2	582.1	2886.6	202.6	735.2	223.7	223	723.3	685.4
"M58525_s_at"	14577.3	5197.9	12514	4747.9	5464.3	9167.3	19158.4	19040.1	10472.4	11786.4
"M58569_s_at"	228.3	46.1	45.7	70	15.8	59.8	108.4	187.7	34.7	9
"M58583_at"	456.2	24.5	264.6	502.7	173.9	163.4	99.6	85	330.9	199.3
"M58597_at"	782.6	212.6	535.1	228.7	311.2	923.6	121.2	481.4	822.7	651.8
"M58600_rna1_at"	516	147.7	89.2	226.2	146.2	143.2	869.7	226.5	143.8	98.2
"M58603_at"	8454.7	12446.4	3221.1	2954.8	16412.4	20828.1	7639.9	3845.7	3605.9	5711.9
"M59216_s_at"	456.4	330.9	167.6	449.6	63.1	152.5	416.4	98.4	75	52
"M59371_at"	1042	2075.2	934.5	3246.8	1207	1026.6	962.8	1476.3	733.3	853.1
"M59465_at"	7819.1	20084.9	2553.1	2781.8	36190	25559.9	3182.4	2854.5	3974.4	8033.5
"M59488_at"	49.9	130.8	223.2	148.6	32.1	42.3	130.3	264.9	480.4	140.6
"M59499_at"	600.2	121.7	77.4	307.1	136.4	263.5	40.1	42.3	22.9	51.9
"M59807_at"	4075.8	1900.9	1144.1	2332.4	896.4	2365.8	2050.2	707.2	1071.9	1299
"M59815_at"	1562.5	2069.4	1402.8	4934.9	996.5	1325.7	2165.1	1284.5	1316.3	992.4
"M59820_at"	257.4	318.4	1422	319.3	534.9	597.4	234.2	2456	1095.5	573.4
"M59829_at"	763.1	2172.3	3378.8	1775.2	1514.1	607.7	958	1155.4	1045.3	1337.2
"M59830_at"	595.5	18588.3	69239.3	6169.9	13184.3	5239.8	2357	791.6	10295.1	27087.6
"M59911_at"	611.3	306.1	233.9	5005.8	545.5	976.1	1129.9	1440.9	879.7	959
"M59916_at"	3072.5	3402.6	1667.9	4560.9	2595.2	4720.2	3948.8	4443.6	3249.2	4149.7
"M59941_at"	120.5	138.6	230	282.5	111.9	94.4	250.6	969.3	141.3	332.8
"M59964_at"	76.5	32.1	48.9	69.5	107.7	25.2	70.2	24	78	37.4
"M59979_at"	1372.5	398.7	1291.5	93.7	738.3	484.5	1729.9	1324.3	1439.7	1156.6
"M60047_at"	758.5	415.4	69.4	1317	231	85.4	159	127.3	78.7	264.8
"M60052_at"	642.4	594.5	214.1	242.3	442.5	487	247.7	590.8	199.3	117.6
"M60091_at"	2096.4	1606.4	3163.6	3274.2	2555	1644.6	1736.3	2626.3	2967	1774.8
"M60092_at"	161.1	497.2	244.6	484.2	177.9	255.3	156.1	330.1	113.2	127.4
"M60094_rna1_at"	208	324.7	350.6	251	182	98.3	451.2	103.4	225.4	120.6
"M60165_cds1_at"	904.8	927.4	1213.1	1122.2	1056	842.1	1179.3	1597.7	947.4	787.6
"M60278_at"	19879.9	21222.9	16060.2	2175.8	36751.7	11254.4	6081.9	12689	35211.7	26181.2
"M60284_s_at"	703.9	433	910.3	416	595.4	569.2	705.9	1010.4	642.2	569.1
"M60298_at"	124.6	146.4	129.5	89.8	203.7	46.9	491.6	258.9	86.3	70
"M60299_at"	2801.5	808.4	2774.2	2590.2	1233.8	3700.1	4032.1	876	1226.1	1657
"M60314_at"	104.8	356.5	250.1	475.2	61.7	81.8	590.3	109.6	181.8	60.2
"M60315_at"	443.7	262.6	155.4	94.9	50.3	211.2	113.8	102.8	59.6	173.9
"M60331_at"	80.9	132.6	163.7	461.7	524.8	96.1	367.6	309.2	315.6	245
"M60450_s_at"	201.4	355.3	307.4	63.9	318.3	27.2	62.6	363.8	28.2	19
"M60459_at"	661.6	265.8	784.1	1186.6	825.4	395.7	585.9	891.3	604.7	286.2
"M60483_rna1_s_at"	1864.3	3570.7	2150.2	1404.3	5287.2	3229.3	2377.4	2017.3	2201.5	3701.4
"M60503_at"	28.7	87.6	69.1	301.4	25.5	48.9	23.4	199.9	115	39.1
"M60527_at"	281.1	30.6	111.5	254.1	172.1	127.9	36.5	88.2	193.6	27.9
"M60556_rna2_at"	64.1	77.4	46.7	110.4	58.9	79.8	146.9	145.3	27.6	46.8
"M60614_at"	177.9	738.9	57.9	802.2	132.7	58.5	161.9	252.3	100.7	61.1
"M60626_at"	254.2	86.4	102.2	657.3	62	83.2	184.8	106.5	211.2	33.4
"M60721_at"	4501.8	3314	379.9	185.5	161.8	1700	2268.3	194.9	1201	1543.5
"M60724_at"	181.1	158.9	86.6	545.4	422.9	389.9	216.4	357.2	494.9	293.7
"M60746_at"	81.7	645	575.9	685.7	149	241.8	484.9	169.8	317.9	85.5
"M60748_at"	56.1	48.9	280.1	103.5	66.8	37.7	62.8	53.6	121.8	53.4
"M60749_at"	63.6	81.6	68.4	87.1	15.2	19.6	62.2	25.4	33.2	98.6
"M60750_f_at"	675.6	1336.2	1041.6	655	346.6	422.4	1034.7	404.9	284.6	365.6
"M60751_at"	25.7	23.7	81.6	7.1	6.5	7.8	9	8.5	4.6	3.8
"M60752_at"	30.5	242	618.3	1055.3	129.2	219.6	68.8	89.9	129.2	270.6
"M60784_s_at"	4241	2538.4	5608.2	4053	2737.6	2234.4	6129.1	4163.7	3981.8	2929.8
"M60828_at"	120.2	162.4	109.6	213.2	55.2	34	9.6	24.7	141.6	58.8
"M60830_at"	1263.4	1204.8	1801.3	211.4	3238.3	627.3	995	2332.8	1802.2	4110.2
"M60854_at"	64750.2	108147.6	124623.4	66514.4	87466.5	63783.7	101599.8	79667	98199.3	83962.8
"M60858_rna1_at"	13642.8	17916	16280.1	22331	15533	16079.7	14025.2	16594.4	14125.7	20026.1
"M60891_s_at"	1670.1	1072.6	1078.9	1105	669.8	1017.8	1837.1	1510	1856	1096.2
"M60922_at"	10143	5181.4	11355.9	8417.5	7190.7	5182.2	8049.8	12608.8	11394.4	7054.5
"M60974_s_at"	1027.7	6768.3	2963.4	1341.6	9535.8	3704.3	650.4	949.8	1012.3	2376.5
"M61156_at"	43.7	141.3	175.8	64.1	21.9	37.9	42.9	147.9	51.5	40.1
"M61176_at"	139.1	40	16.6	370.3	97.3	53.2	234.9	61.6	181.4	36.5
"M61199_at"	909.9	681.8	490	1208.8	1632.6	1522.1	912.1	1397	495.7	1801.4
"M61733_at"	176.3	150.5	66.4	52.8	95.2	83.6	48	59.8	294.3	73.6
"M61764_at"	2699.4	751.2	1922.8	1622.5	238.6	1095.1	3335.2	1933.7	1168.1	1239.6
"M61826_s_at"	126.5	440.2	103	157.9	269.7	136.2	472.3	293.4	324.3	116.7
"M61827_rna1_s_at"	3317.7	3501	6546.1	1614.2	5512.4	4975	6660	7977.3	7027.3	6130.9
"M61832_s_at"	3630.5	2388.9	5386.3	3231.6	3453.1	2424.3	3734	4400.1	5358.2	5021.9
"M61853_at"	283.5	276	37	926.5	311.8	167.4	469.4	254.3	209.1	116.9
"M61855_at"	319.6	401.5	217.6	676.8	425	267.3	350.6	374.8	330.2	233.2
"M61906_at"	225.6	262	568.1	290	436.5	256.4	328	521.1	264.8	321
"M61916_at"	353.5	324.6	624.5	56	634.1	101.8	115.9	178	16.1	31.7
"M62302_at"	1016.7	99.3	265.3	498.4	362.4	131.1	1189.5	718.1	363.6	285
"M62303_at"	85.7	59.1	43.8	104.8	278.2	189.7	408.9	116.6	72.7	34.8
"M62324_at"	3888.6	3820.7	1598	243.4	1247.2	2738.2	2901.2	2285.8	2364.4	4177.6
"M62397_at"	100	192.3	128.8	390.2	119.2	109.4	74.6	237.7	359.6	129
"M62400_at"	30.6	253.1	36.8	364.6	34.6	41.5	32.7	60	82.5	27.6
"M62402_at"	159.6	117.6	80.6	167.3	60.8	103.7	112.8	135.1	91.1	65.9
"M62403_s_at"	176.1	234.7	385.7	3136.3	579.9	530.3	704	488.4	267.1	224.9
"M62424_at"	72.8	7.9	14.8	58.9	16.3	18.2	49.2	137.4	62.2	34.3
"M62486_at"	607.2	120.1	168.4	668.4	210	240.5	417.3	578.5	490.9	275.1
"M62505_at"	13100.3	24493.6	8218.1	10153.9	19919.6	26931.7	11172	10127.6	11987.6	24573.5
"M62628_s_at"	334.9	310.7	675.6	982.9	595.1	472.3	951.9	990.3	743.2	760.3
"M62762_at"	25435.1	18526.5	24911.7	20679.9	17733.8	22956.9	42216.8	26721.4	25768	27032.9
"M62782_s_at"	350.4	139.1	103.2	1929.9	147.2	115.3	154.5	129	118	87
"M62783_at"	1175.2	804.5	3777	2865.7	2619.6	1444.6	1211.7	4639.3	3933.5	2748.3
"M62800_at"	669.9	2093.3	1472.3	260.9	915.2	1868.7	341.2	2296.5	1083.7	1187.9
"M62810_at"	666.9	506.8	623.7	1318	665.2	943.4	123.1	953.3	921.5	428.7
"M62831_at"	4194.3	24341.6	28263	12654.8	18028.3	8583.2	4642.6	5892.7	21023.1	9174.2
"M62840_at"	426.6	1540.6	3199.2	748.3	2600.1	939.4	249.3	1835.8	852.4	939.8
"M62843_at"	102.3	288	78.7	254	57.3	74.8	158.5	119.3	336.4	78.7
"M62958_at"	60.2	59.9	198.6	172.4	168	73.3	901.5	330.1	114.9	45.6
"M62982_at"	105.8	126.7	193.8	778.3	132.9	126.2	170.4	110	192.2	135
"M62994_at"	2144	1565.7	1460.4	12613.1	1059.1	1436.9	1825.1	1372.3	1284	1168.6
"M63138_at"	120526.5	100100.6	129910.3	58769.3	61138.6	69911.1	261212.2	83215	90633.6	74514.6
"M63154_at"	202.8	64.6	23.1	70.8	28.7	21	395.5	37.3	41.5	43.3
"M63167_at"	4857.8	2713.2	5453.2	3705.1	2988.2	2900.4	5144.1	5502.7	4375.2	3343.5
"M63175_at"	2781.9	1415.1	2650.8	1713.5	1208.1	1228.9	1211.4	4757.1	2745.6	859
"M63180_at"	2352.1	1686.9	1832.8	994.7	2357.1	2699.7	2632.3	3113.5	3044.2	3058.7
"M63256_at"	324.4	553.7	474.3	340.4	480.2	475.2	401.8	620.2	353	1038
"M63262_at"	32612.6	34961.3	67724.1	2377.2	63866.5	31954.3	17747.4	49072.7	57213.5	45977.2
"M63379_at"	1614.2	7167.4	1756.2	136473.8	1024.4	1939.3	1159.1	1220.4	1146.3	639.3
"M63391_rna1_at"	421.6	502.9	722.9	695.2	748.8	1062	1397.3	374.7	420.1	535.7
"M63438_s_at"	81.3	81.3	41.4	97.7	341.4	100.5	172.7	85.4	76.4	37.7
"M63483_at"	2147	2006.6	2203.7	2325.3	2107.4	2542.8	2523.7	3649.2	1745.8	3066.3
"M63488_at"	778.4	164.4	975.8	1141.3	151.9	100.3	278.5	1038.6	911.6	527.2
"M63573_at"	12177.8	7980.9	12280.7	13565.3	2941.4	7099.2	23280.7	10172.1	13201.6	10049.2
"M63582_at"	515.9	218.5	229.5	513.4	124.6	227.2	176.4	183.3	215.2	97.1
"M63589_at"	398.7	477.3	262.9	517.6	67.9	194.3	398.4	421.6	233.7	73.9
"M63603_at"	172.1	50.6	21.3	199.2	23.5	25	90.4	296.5	311.4	14.3
"M63623_at"	176.3	203.3	240.8	361.5	124	187.8	327.6	212.2	203.3	107.9
"M63835_at"	2920.3	6946.8	18030.3	339.3	10541.5	10524.9	6268.5	15625.5	16466.3	13643.8
"M63838_s_at"	1780.3	3650.6	1678.2	1208.3	1352.9	1404.2	870.1	2027.3	1792.7	756.7
"M63896_at"	261.7	400.7	199	245.3	140.9	118.5	35.9	196.6	90.2	139.1
"M63904_at"	9807.6	6273.6	4432.5	3820.9	4529	6713.6	8473.2	3528.6	4600	3666.1
"M63928_at"	230.6	269.4	173.5	347.2	161.7	153.1	562.2	192.8	149.5	122.1
"M63959_at"	25861.4	20666.1	35849.9	10849.7	25099.8	17258	28140.7	28652.1	26449.4	21539.1
"M63962_rna1_at"	598.5	297.9	606.4	2123.9	1557.1	949.2	2023.1	516.9	401.8	483.6
"M63967_at"	502.9	308.2	301.4	362.9	348.4	53.3	361	683.5	68.8	40.3
"M64082_at"	224.9	273.5	386.4	253.7	226.6	43	231.5	254	147.6	114.1
"M64098_at"	5618.4	5119.6	6816	13347.9	5651.3	7715.4	7537.2	9559.6	8182.7	7729.4
"M64099_at"	399	1046.6	566.5	491.2	355.8	200.4	851	213.5	281.5	463.5
"M64108_at"	516.7	663.8	497.1	1151.3	603.2	423.2	1249.8	876.1	703.4	334.4
"M64174_at"	1064.5	920.5	1460.2	1043.4	1315.6	1148.3	1631	1686.8	1306.1	1031.3
"M64231_rna1_at"	1418.5	1348.6	1200.1	1189.5	1160.5	1037	2056.8	1658	536.2	877.5
"M64269_s_at"	156	451.6	502	687.3	437.4	173.5	386.2	370.5	563.9	164.9
"M64347_at"	230.2	134.9	76.1	4658	76.5	413.4	381.7	548.7	198.4	145.7
"M64358_at"	79.4	34.5	323.1	374.7	45.1	51.2	250	93.7	41.7	126.5
"M64497_at"	65.6	197.7	90.1	3649.7	228.2	89.9	260.2	339	111.5	110
"M64554_rna1_at"	13.3	19.6	8.6	122.2	81	7.8	32	15.1	27.7	10.6
"M64571_at"	7794	4639.7	6163.5	4814.8	2672.6	7909.2	6558.5	8199.6	5799.3	4086.3
"M64572_at"	734.4	1038.8	861.9	4706.8	940.7	423.9	452.1	925.5	610.6	430.3
"M64590_at"	47.7	350.8	197.3	427.6	163.2	88.6	139.9	423.4	204.2	132.6
"M64595_at"	6016.4	2694.7	3401.9	341.7	2504.6	3336.6	4006.4	7472.2	4066.7	3429.1
"M64673_at"	5415.3	496.2	5434.9	5764.6	2454.4	4392.9	3559.4	5727.1	4661.4	4889.4
"M64676_at"	160.4	127.8	278.5	191.9	111.5	102.6	364.4	107.6	148.6	91.2
"M64710_s_at"	113	74.2	59.9	89.8	47.3	43.8	75.5	96.5	50	34.4
"M64716_at"	26571.8	43828.7	41327.7	21767.1	21019.4	24913.9	26315.9	20796.9	26505.1	29926.9
"M64752_at"	187.9	201	41.4	214.7	155.2	85.4	48.1	49.3	245.2	134.7
"M64788_at"	580.1	325.5	351.3	1207.6	320.8	348.1	732	299.7	403.1	330.8
"M64925_at"	10613.2	8668.4	7266.6	769.7	8794	16597.9	8484.2	7173.7	9039.1	11190.9
"M64929_at"	3469.4	6137.1	2637.2	3394.3	3622.5	7147.6	2719.7	2337.4	2859.7	4420.5
"M64930_at"	68.1	368.6	29.6	392.1	179.4	45.2	52.4	116.9	14.4	25.1
"M64934_at"	395.1	144.4	237	780.3	534.4	219.6	636.2	377.5	590.1	468.2
"M64936_at"	343.8	598.8	1643.2	740.2	1303.2	59.9	252.2	88.2	427.1	337.5
"M64992_at"	5605.1	6757.5	5102.9	3427.5	6745.6	8884.7	6255.3	6493.5	7536.6	6857.9
"M65062_at"	174.9	169.2	98.5	502.1	141.3	118.5	296.1	148.9	118	103.3
"M65066_at"	1546.6	584.2	1131.9	876.7	1313.5	1498.2	3015.5	1219.7	1617.7	1380.6
"M65085_at"	415.4	818.8	623	961.7	1000.4	543	877.2	894.9	857.9	574.6
"M65131_rna1_at"	1304.4	663.2	1709.4	3339.2	1869.7	1848.7	1209.8	2782.5	2950.9	2406.2
"M65134_s_at"	103.9	194.7	241.7	678.2	145.6	91.5	352.1	219.4	110.8	155.5
"M65199_at"	289.8	459.2	283.1	541	231.5	202.7	703.3	470.6	313.9	265.6
"M65214_s_at"	1884.7	1486.9	1205	1693.4	1116.2	1595.6	2448.3	1281.8	1575.7	1228.2
"M65217_at"	474.4	297.5	362.8	3375.7	433.2	387.7	484.9	851.1	657.1	435.8
"M65254_at"	784.9	785.2	497.3	1327.4	1214.9	1273	603.4	1129.6	1150.5	887.8
"M65290_at"	259.4	202.1	287.9	544.1	205.1	271.6	50.2	45.7	199.6	109.6
"M65291_at"	290.6	281	150	474.4	144	25.6	305.7	331.2	237.1	30.7
"M65292_s_at"	33.5	375.2	228.5	2658.4	234.7	193.7	123.3	104	222.8	292.7
"M67439_at"	96.1	147.9	124.4	238.3	107.3	75.4	176.8	137.5	102	78.1
"M67468_s_at"	1325.3	496.6	908.6	1203.3	1309.4	1001.3	421.3	1493	1192.4	1412.4
"M68516_rna1_at"	109.8	35.9	183.4	83.7	237	134.2	55.7	299.3	55.8	47.8
"M68519_rna1_at"	123.9	255.4	160	231.6	110.5	135.1	191.4	194.2	141.5	107.7
"M68520_at"	1223.8	719.2	1057.1	2064	1081.5	1205.3	1223.1	1552.6	832.2	925.7
"M68840_at"	50.2	92.8	50.4	1306.7	48.7	62.2	891.1	83.1	71.4	41.2
"M68864_at"	4745.5	3292.9	6201.1	5394	4170.3	4536.6	5403.7	6315	6145.7	6250.3
"M68874_at"	1250.4	1263	728.4	446.8	1323.9	1616.6	295	635.9	573	622.3
"M68891_at"	939.5	936.8	774.1	1356.3	415.3	245.1	786.2	645	395.9	469.9
"M68895_rna1_at"	69.8	32.1	54.9	215.3	66.3	26.8	57.5	92.5	161	50.8
"M68907_s_at"	55.5	44.8	65.8	57.8	205.4	69.3	79.5	85	45.7	14.8
"M68941_at"	431	275.3	524.4	723.3	335.6	50.5	626.7	408.2	305.9	372
"M69013_at"	2215.7	1851.6	2565	5435.9	1073.4	1523	1229.4	3674	1625.9	1255.5
"M69023_at"	13446.3	6421.1	6280.7	16264.1	4305.4	7503	3937.3	6144.6	3198.4	5596.6
"M69039_at"	6538.8	4705.5	6127.5	8231	2521.8	5071.8	4258	6611.3	6642	6299.5
"M69043_at"	61257.7	95354.3	7719	6212.2	83751.4	73934.6	27531.7	11601.8	32865	30157.4
"M69066_at"	18397.4	20808.5	28480.1	4848.1	35532.3	29471.4	10188	27597.1	28878.2	30354.3
"M69177_at"	295.6	371.5	86.3	2363	65.7	158.3	374.1	70.3	36.4	128.3
"M69181_at"	126.1	651.3	419.8	6573.8	630.1	69.3	97.6	753.7	495.2	293.6
"M69197_xpt2_s_at"	3164.6	1758.2	15819.8	1067.1	986.4	1581.6	1942.6	442.2	1901.4	1226.9
"M69203_s_at"	42366.3	92933.2	1743.1	1028.6	83833.1	63071.3	5085.7	1218.3	30429.4	34369.2
"M69225_at"	137.4	65.7	213.7	944.9	775.4	289.7	74.8	42.1	43.7	1407.5
"M69238_at"	839.4	205.8	609.6	864.8	519.1	728.7	203.6	872.4	573.9	648.8
"M71243_f_at"	69.2	51.2	86.3	168.9	34.2	80.1	218.6	291.9	73.4	35.8
"M72885_rna1_s_at"	15818.5	2504.5	227.3	370.2	5645.2	10167.1	166.4	95.1	387.4	1830.2
"M73047_at"	651	809.2	455.6	373.1	253.4	309.5	458.6	738	334.9	239.1
"M73077_at"	85.5	199.9	200.4	546.7	331	69.8	215.4	353	234.7	287.7
"M73239_s_at"	131.4	30.3	141	162.6	44.9	10.4	24.8	6.3	120.3	7.7
"M73481_at"	111.9	173.7	70.1	330.6	144.1	102.4	137.4	85	93.6	62.3
"M73482_at"	24.9	39.7	29.1	65.4	41.6	17.3	258.8	70.9	60.4	11.3
"M73489_at"	347.6	134.3	137.6	323.8	454.2	366.6	132.7	383.1	346.2	126.4
"M73547_at"	2526	2122.3	6784.8	8714.1	6864.3	2530.1	3772.9	8370.6	6413	7408.3
"M73548_at"	312.9	77.1	610	149.8	175.9	178.6	299	286.9	372.5	102.5
"M73720_at"	358.8	541.9	403.9	3838	561.4	493.3	981.5	626.3	648.9	297.2
"M73746_s_at"	61.5	202.5	67.2	44.1	34.6	44.6	49	84.5	78.8	18.2
"M73780_at"	318.1	626.2	239.2	179.6	370	1416.2	434.1	144.4	109.7	130.1
"M74002_at"	2441	2522.7	1822.4	7600.1	4285.9	4663	1304	3008	2670.2	3743.9
"M74047_at"	125.2	32.9	73.9	1025	32	35.3	52.2	25	36.7	20.3
"M74088_s_at"	1020.7	661.8	613.2	155.3	1072.3	798.3	1273.8	1239.9	695	985.5
"M74089_at"	2234.1	1380	2502.2	921.3	2442.4	2569.4	1844.6	3023.1	2485.1	2218.7
"M74091_at"	159.6	131.7	271.9	170.1	304.4	159.6	177	80.2	249	182.6
"M74093_at"	548.4	1125.6	522.9	315	1190.6	635.9	778.4	864.5	1171.3	1566.3
"M74096_at"	22.1	266.4	41.5	480.4	104.4	93.8	42.3	86.6	145.5	18.8
"M74099_at"	685.2	418.9	483.9	1056.5	317	697.1	531.2	708.1	506.2	217.9
"M74161_at"	90.3	241.2	255.7	266.8	142.7	43	275.7	313.3	186.7	176.8
"M74290_at"	140.5	54.7	48.1	112.1	27	73.8	126	95.9	59.6	18.3
"M74297_at"	77.1	267.3	297.9	106.3	76.2	132	160.6	89.2	52.6	38.9
"M74447_at"	2584	322.1	195.2	603.3	601.5	938.3	133	153.1	119.8	792.9
"M74491_at"	17659.6	7042.5	27386.3	22461.1	19396.9	15056.3	10636.3	21403.4	16985.6	16848.7
"M74509_s_at"	493.4	418.8	225.4	3439.1	652.2	163.4	363.9	909.7	927.5	322
"M74524_at"	3620.3	4275.8	3913.5	3597.7	2538.1	4453.1	877.2	4450.1	5388	4219.5
"M74525_at"	134.1	23.4	26.8	514.8	165.3	244.6	229	489.7	361.6	267
"M74542_at"	1192.9	1403.2	1004.3	141688.5	854.1	1507.1	2484.6	1443.9	1826.9	812.6
"M74558_at"	251.3	593.6	179.4	1025.8	339.8	259.7	383.9	494.1	391.8	259.5
"M74587_rna1_s_at"	59.5	183	136.7	147.9	212.5	42.8	50.6	232.3	34	117.4
"M74715_s_at"	2063.5	2065.5	3301.1	1884.7	3783.3	2463.9	3539	4173.7	3604.1	3435.4
"M74719_at"	544.6	505.1	363.7	3008.6	504.7	257	473.8	864.5	417.1	319.1
"M74826_at"	145.9	239.3	84.7	298.6	97	139.8	643.7	208.9	200.3	115.4
"M75099_at"	13337.5	6696	8009.9	20185.8	5274.5	9685	17326.8	8840.2	9791.5	9390.8
"M75106_at"	18.8	201.8	117.1	162.2	107.1	211	71.6	152	56.5	119.8
"M75110_at"	183.8	49.5	24.6	742.2	170.8	138.1	84.6	135.5	153.7	50.9
"M75126_at"	14600.7	12220.2	17098.2	17308.7	14460.9	19300.6	15142.3	13632	15677.6	10391.5
"M75715_s_at"	4153.9	6988.7	3946.9	1743.9	8048.4	7946	2481.7	2887.6	3745.3	6428.7
"M76125_s_at"	1026.8	795.9	1150.3	251.5	1693.5	594.6	941.4	4077.8	1784	1186.2
"M76180_at"	319.6	143.9	14.1	758.6	43.1	172.1	32.1	245.1	40.2	16.7
"M76231_at"	1118	175.9	670.4	152.6	616.4	243.2	1129.8	1199.3	530.9	396.7
"M76378_at"	8418.1	8581.4	14438.5	7487	7945.2	9234.4	8753.9	9245.1	10210.1	9711.2
"M76424_at"	1543.2	1927.1	1677.6	2848	1411.9	1232	775.9	644.6	1486.9	1865.8
"M76446_at"	136	88.3	85.3	148.3	71.6	75.7	259	119.2	78.3	125.5
"M76482_at"	621.8	463	375.4	1071.5	171.5	253.9	503	252.4	196.1	254.2
"M76558_at"	214	123.2	100.8	244.3	37.2	42.9	156.5	101.1	31.7	43.7
"M76559_at"	110.1	21.7	234.1	51.8	196.2	148.7	538.8	235	92.5	119.8
"M76665_at"	991.8	248.6	595.1	700.5	521.5	756.8	759.5	1086.5	914.9	1227.9
"M76729_at"	107.7	78.1	123.9	99.1	71.9	36	125.1	84.7	57.2	32.2
"M76732_s_at"	270.3	867.7	692.5	898.5	247.8	378.4	1396.2	382.6	298.9	535.5
"M76766_at"	1356	3166.6	4089.8	1578.8	5455.4	2544.2	1307.7	2083.6	4669.8	4278.3
"M77016_at"	529	142	299.8	413.6	210.3	51.1	476.4	55.2	141	68.3
"M77140_at"	392.9	68.5	26	49.6	8.8	55.6	404.3	51.3	18	8.2
"M77142_at"	338.7	280.7	260.6	808.8	524.9	73.6	54.3	672.7	359.5	321.4
"M77144_rna1_at"	518.9	533.8	223.9	376.1	304.8	340.5	93.8	732.9	100.2	47.2
"M77232_rna1_at"	21710.7	32307.3	61843.6	46858.1	42510	19548.5	15763.2	32621.4	35412.1	43057.6
"M77235_at"	498.2	72.9	83	149	133.6	154.8	822.7	182	206.1	98.9
"M77348_rna1_s_at"	2233.6	441.7	573.2	4671.9	3274.4	2331.9	1867	2802.6	2363.2	2839.7
"M77349_at"	11911.2	9966.1	46526.7	1860.4	19846.9	9913.8	12105.9	25244.7	40274.6	18178.4
"M77481_rna1_f_at"	36	168	169.2	65.2	153.4	46.7	68.2	49.3	39.6	26.5
"M77698_at"	6722	6504.7	6417	6304.4	5861.5	6593.1	1413.3	6395.9	5792.6	5695.6
"M77810_at"	303.3	270.3	198.3	371.3	175.3	219.4	296.5	195	275.3	125.3
"M77829_s_at"	296.6	154.8	234.3	278.4	168.9	142.5	179.5	230.4	183.3	147.2
"M77836_at"	1021.5	878.3	1020.4	2282.8	536.7	891.3	1278.7	1127.8	799.1	749.7
"M79462_at"	1260.6	1106.3	972.9	1410.6	670.2	650.4	626.5	857.7	755.4	664.2
"M79463_s_at"	3260.8	6596.4	2583.7	2127.7	1638.5	3120.9	3139.5	3216.7	1766.6	2316.2
"M80244_at"	794.1	2108.1	870.5	1143.8	1068	2435.1	1428.9	488.8	967.2	1294.9
"M80254_at"	6315.6	4559.7	712.3	845.8	4606.2	2969.8	5022.4	1318.7	2045.4	4678.2
"M80333_at"	563.9	588	350.9	424.8	278.1	153.6	913.9	688.6	457.3	260.7
"M80335_at"	564.6	1233.2	905.9	1386.3	562.6	1236.7	1524.1	1168.1	1173.2	652.5
"M80359_at"	2145.7	2908.4	912.6	2885	961.7	2530.8	1202.7	1333	746.7	1182.2
"M80397_s_at"	914.6	1148.4	1301.3	1372.8	892.1	762.4	4266.4	1351.5	1860.3	760
"M80478_at"	473.2	1231.2	480.2	513.9	296.7	420.2	3415.8	905.2	825.5	395.9
"M80482_at"	291.1	591.8	302.1	1289.2	280.8	252.9	1049.7	668.6	534.9	232.6
"M80563_at"	27518.4	58126.8	64602.4	5219.4	36475.7	32415.1	48473.8	34502.2	59460.8	33805.4
"M80629_at"	855.6	633	516.9	773.8	730	449.1	1802.8	1122	636.3	804.3
"M80647_at"	7330.5	4164.7	12697.6	1326.2	6283.7	5271.6	8853.7	10182.4	8972.4	8612.7
"M80783_at"	802.9	743.2	445	1890	515.4	1456.6	337.5	1446.7	728.1	732.7
"M80899_at"	218	754.2	498.2	1934	1094.6	567.9	965.3	1566.9	1281.7	1077.4
"M81057_at"	492.1	871.5	538.2	1433.6	634.5	511.4	1158.2	1061.3	535.7	581
"M81118_at"	804.5	526.6	1168.3	2626.8	1194.3	570.4	1012.7	2494.5	1248.8	1492.5
"M81181_s_at"	1146.7	1755.4	747.3	537	555.3	372.6	337.7	314.2	728.7	300
"M81182_s_at"	326.1	280.8	291.5	2263.5	478.9	256.4	26.5	448.4	523.7	455.8
"M81379_at"	54.2	256.5	125.9	71.7	48.6	27	33.3	55.2	37.8	16.4
"M81601_at"	1792.2	1308.4	2630.3	3612.9	2813.1	2655	2555.2	3500.4	2220.2	4163.8
"M81637_at"	442.7	396.6	1312.9	501.4	1448.3	259.8	339.6	1479.7	1201.5	809.9
"M81650_rna1_at"	103.1	305	64.5	71.5	46.1	63.9	216.1	82.4	44.4	40.5
"M81695_s_at"	9428.6	9314	3842.9	867.6	6970.4	8647.6	9611.7	13776.4	11217.7	10719.3
"M81750_at"	1503.4	1965.1	4167.5	182.5	8130.1	881.6	628.4	3141.9	5124.1	3605.8
"M81757_at"	74015.6	91011.8	111694.7	45902	63867.2	57994.8	94719.2	54113.2	69193.8	73222.3
"M81758_at"	279.3	438.5	131.9	272	96	157.9	307.5	192.1	121.4	187
"M81778_s_at"	69.4	97.6	107	103.7	67.1	12.6	180	24.5	15.3	7.6
"M81780_cds3_at"	193.6	147.2	682.1	195.5	154.3	94.9	210.6	160.6	74.9	95.2
"M81780_cds4_at"	132.9	52.7	119.8	169	106.3	96	59.6	140.9	75.4	58.2
"M81780_cds5_at"	855.5	1213.8	543.8	771	986.4	1186	1481.4	1064.3	572.3	1075.8
"M81829_at"	413.2	263.2	497	142.5	127.2	580.5	939.4	136.6	509.1	296.4
"M81830_at"	219.7	1353.2	310.2	437.1	371.8	455.9	501.1	900.3	249.6	107.6
"M81882_at"	18.7	32.2	105.5	47.8	108.2	68.5	175	23.1	144.4	44.7
"M81883_at"	176.8	392.1	188.9	484.4	134.2	37	225.2	92.5	53.3	81.9
"M81886_s_at"	116.7	101.1	77	81.9	88.6	64.8	188.3	92.3	63	40.4
"M81933_at"	246.4	542.1	450.8	280.1	227.9	523.1	1578.3	401.8	267.4	299.1
"M82809_at"	1946.8	1138.1	2630.5	4166.4	2946	2666.4	2014.7	4656.9	2987.6	4104.7
"M82827_s_at"	31.8	27.1	12.9	22.9	11.5	21.5	42	21	40.3	8.2
"M82882_at"	1016	1759.8	824.7	834.9	3157.7	1803.5	1285.7	1233.7	1337.1	2445.2
"M82919_at"	14.8	14.2	70.3	437.8	50.4	148.1	29.6	95.4	19.2	15.1
"M82962_at"	465.3	294.3	88.5	756.9	107	384.5	143	76.2	168.4	313.5
"M83088_at"	2951.9	2015.2	6891.5	2581.4	4833.4	4206.3	4162.2	2980.6	6355.3	3479.2
"M83181_at"	813.2	1282	566.4	1103.2	382.1	648.6	794	144.9	185.8	155
"M83186_at"	303.6	357.3	476.3	569	162.1	368.7	91.3	1038.6	519.9	238.6
"M83216_s_at"	12.8	19	10	28.8	7.5	9.2	23.9	10.3	9.7	6.1
"M83221_at"	5552.6	3052.6	903	1845.4	4215.8	5793	7871.2	1514.5	1882.8	2381.6
"M83233_at"	477.8	628.3	801.2	1571.2	1225.2	1202.9	780.3	1250.8	961.8	835.2
"M83308_at"	342.7	484.2	470.2	2568.6	368.2	433.2	565.1	826.7	1007.2	396.8
"M83363_at"	84.1	150	209.7	116.1	84.2	141.4	402	472.1	143.6	11.4
"M83554_at"	131.4	434.2	549.5	571.1	481.1	146.2	131.8	162.7	168.7	368.9
"M83651_at"	222.9	169.6	115.5	203.9	102.2	97.8	154.3	203.2	153.8	106.6
"M83652_s_at"	1407.5	909.5	678.6	1204.5	425.5	228.8	205.9	625.3	479.9	463.1
"M83664_at"	716.1	2104.1	1715.9	661.9	1902.6	1487.6	97.4	5397.9	1618.7	1472.6
"M83667_rna1_s_at"	2637.8	4744	1813.8	8013.7	1558.8	4928.1	2145.9	2149	3910.8	4512.2
"M83712_s_at"	69.7	370.9	355.3	66.1	56.1	32.7	46.7	89.8	56.8	130.6
"M83738_at"	1822.2	1001.4	1458.2	1471.9	1466	1545.5	1101.2	1962.6	1776.7	1586
"M83751_at"	7747.3	10970.4	11874.7	9596.7	4592.6	16251.6	6527.8	7767.4	9209.1	8443
"M83772_at"	52.6	45.7	21.5	1408.4	14	18.7	84.4	23.5	17	11.2
"M83822_at"	574.7	305.4	896.5	5973.7	884.6	543.4	273.1	1333.7	747.7	692.5
"M83941_at"	273.4	42	38.9	99.3	127.8	18.4	37.4	112.4	24.7	76.8
"M84332_at"	25451	21890	16351.8	17636.6	16156.6	21312.8	18131.2	20408.5	21935.8	17053.2
"M84349_at"	4560.4	8480.2	6302.6	21787.5	7606.6	9117.6	2526.8	5805.6	4725.5	3905.4
"M84371_rna1_s_at"	1416.7	1612	1205.9	2113.8	1069.9	1349.1	2453.8	1265.5	1252.3	806.2
"M84424_at"	267.5	66.2	29.5	200.9	76.4	173.1	427.5	26.3	189.7	110.3
"M84526_at"	11404.4	44193.6	23318.5	512.2	13584.4	5682	5847.5	16615.4	17472.4	4024.4
"M84605_at"	266	176.9	214.6	450.6	109.8	29.3	104.9	181.4	165.9	95.3
"M84711_at"	35937.3	50066.6	70923.4	67139.2	60136	36907.5	14153.7	42722.5	49094.9	50492
"M84739_at"	10247.4	10759.5	9064.5	9479	4268.4	8756.1	4223.1	10010	7415.5	9288.7
"M84820_s_at"	855.4	573.4	415.4	1070.5	203.8	527.7	2602.9	1494.3	898.6	924.2
"M85085_at"	428.3	116.3	434.4	621.5	307.5	254.1	297.6	399.9	472.2	250.6
"M85164_at"	341.5	392.1	200.9	608.9	232.7	396.6	200.7	331.4	455.1	367.2
"M85165_at"	55.9	131.9	113	193.2	27.5	142.2	143.8	55.6	34.7	85
"M85169_at"	5200.6	6084.3	3329.1	3445.3	6764	7729.4	6132.7	6126.8	4663.2	5951.4
"M85217_at"	51.1	317.9	38.7	53.2	916.4	646.7	55	243.4	233.9	487.9
"M85220_at"	185.6	188.6	142.6	216.7	98.6	141.8	772.6	199.4	129.1	117.1
"M85247_at"	1720.5	1825.8	781.2	1372.1	909.1	1155.6	3390	1052	1382.8	569.6
"M85276_at"	258.6	683	277.7	575.8	344.6	1082.8	708.9	482.1	473.6	87
"M85289_at"	619.2	373.4	684.5	8541.5	527.8	849.3	591.2	443.1	439.7	318.1
"M86383_s_at"	212.3	45.8	383.9	332.4	320.1	267.6	69	336.4	197.6	260.8
"M86400_at"	35330.5	33558.9	33899.6	33797.7	34162.2	40153.7	62715.6	36309.5	35558.6	41995.3
"M86406_at"	96.4	132.3	460.8	168.6	163.4	311.6	412.8	116.6	226.5	44.7
"M86407_at"	190	593.3	407.2	356.4	137	78	73	150	427.4	87.9
"M86528_at"	539.9	144.4	476.8	446.4	20.7	62.8	68.5	389.2	598.1	22.4
"M86546_at"	797.7	489	333.9	1579.1	535.3	241.2	808.2	301.3	636	273.3
"M86667_at"	4159.8	10499.3	8194.4	7772.6	11527.4	5631.5	5175.4	10879.3	9014	11830.5
"M86699_at"	216.8	296.4	301.2	595.8	247.5	104.3	441.2	474.1	267.4	135.8
"M86707_at"	3117.1	3036	4491.1	1878.5	2697.3	4646.5	2823.3	4679.8	4617.8	3577.4
"M86737_at"	2009.5	1136.9	2567.2	7569.5	1781.1	1093.3	3558	1820.4	2779.7	1905.1
"M86752_at"	6624.4	8195.3	9712	11207.8	4958.3	7413.1	12750	8090.8	6796	5752.9
"M86757_s_at"	92.2	105.8	64	86.7	101.2	102	180.5	64.7	91.8	138.4
"M86808_at"	242	107.3	77.1	118.5	45.6	85.4	73.6	37.3	25.6	68.7
"M86826_at"	466.5	564.4	347.8	656.1	532.6	356.6	2837.8	578.7	593	383
"M86849_at"	610.8	68	36	85.3	62.5	672.1	41.9	379.6	42.1	21.7
"M86852_at"	1132.4	854.2	1571.7	2071.5	988.5	724.3	420.4	1261.6	1578.6	1225
"M86868_at"	403.3	136.5	78.2	111.9	85.8	63	464.5	181.8	72.3	76.9
"M86873_s_at"	36.4	24.4	13.4	30.7	15.3	21	62.4	15.8	22.3	8.4
"M86917_at"	666.2	407.4	678.5	697.2	553.3	405.6	717.3	871.9	422	702.1
"M86933_at"	124.6	35.1	15.1	201.7	2.5	10.4	0	24.1	240.2	40.2
"M86933_s_at"	194.4	810.8	781	1414.3	931.7	627.1	240.1	621.1	631.5	1382.8
"M86934_at"	956.4	518.9	1016.1	3342.1	830.8	617.1	570.3	1391.7	1000	630.3
"M87284_at"	1081.9	1095.7	728.8	565.3	497.5	553.1	682.3	1232.5	739.4	577.6
"M87313_s_at"	627.6	214	106.8	1741.6	252.2	208	499.8	233.4	90	131.7
"M87338_at"	843.4	1022.1	1257.8	644.8	554.5	601.2	810.3	930.4	1041.7	681.9
"M87339_at"	437.9	73.7	559	664.5	322.8	146.3	470.9	723	548.9	338
"M87434_at"	3291.7	2653.4	1926.8	1270.5	2418.6	2147	1314.7	3153.6	2757.3	2726.2
"M87499_at"	156.8	201.4	136.6	2596.7	123.3	78.6	466.1	176.3	317.2	96.9
"M87503_at"	16591.3	16021.1	14510.2	11205.4	4706.5	9782.8	9744.5	12436	6882.4	7164.6
"M87507_s_at"	3352	5462.8	5386.4	580.6	4432	3218.5	1127.4	3409.8	3402.7	2939.8
"M87770_at"	256.8	476.3	214.4	2908.2	289	234.9	449.7	276.6	391	238.7
"M87789_s_at"	414.6	227.3	805.9	831.2	1110.1	181.3	652.7	832.4	372.9	617
"M87860_at"	786.9	446.3	112.7	97.7	92.3	46.9	664.1	54.7	104.4	50.9
"M88108_at"	3299.8	3485.6	5043.5	6903.7	5097.9	5318.3	3518.6	6750.3	6030.9	6030
"M88163_at"	136.8	292.5	130.8	873.7	80.3	192.2	326.3	225.4	173.6	139.8
"M88279_at"	12356.7	17030.5	14114.4	17836.1	7990.1	12207.4	17816.2	5585	7741	11022
"M88282_at"	81.1	68.9	24.5	320.3	33.5	310	52.4	48.1	42.7	15.7
"M88338_at"	1490.5	2342.8	1231.3	1770.6	2221.6	1292.2	2427.7	5428	2561.7	1986.3
"M88458_at"	7304.8	5493.3	7558.3	5208.1	5295	7859.1	6331.8	7198.4	6369.1	6827.2
"M88461_s_at"	58.1	760.4	21.5	30.2	36.3	148.3	568.7	212	63	49.7
"M88468_at"	2745.9	3286.1	2217.3	8523.4	2937.9	2604.2	5063.8	3710	3421.3	2665.7
"M88579_at"	258.8	85.7	380.4	512.9	179.5	21.7	168.8	236.3	205.1	97.6
"M89470_s_at"	249.2	133	165.1	227.9	131.6	196	302.4	171.8	488.8	159.3
"M89473_at"	580.5	492.5	928.9	1280.1	466.1	600.8	1288.9	781.1	989.3	570.8
"M89796_rna1_at"	75.3	72.3	113.6	190.5	34.4	53	44.9	183.6	22.2	20.1
"M89914_s_at"	629.7	96	77.8	132.9	59.3	74.8	380.3	79.4	66.1	52.5
"M89955_at"	209.3	292.3	780.6	275.1	518.6	396.3	1081.6	238.2	198	249.1
"M89957_at"	307.6	349.3	281	321.1	192.4	184.6	349.1	304.9	298	174.1
"M90299_at"	1193.7	1728	1160.9	1682.8	845.1	1242.1	1058.5	1621.6	814.2	1066.9
"M90354_at"	76.4	162	33.4	65.9	33.5	29.9	24	62.8	26.1	39.2
"M90356_f_at"	100.8	1148.8	773.2	774.1	593	656.4	513.5	474.5	386.3	687
"M90359_at"	54.9	31.6	47.5	101.5	76	12.8	80	247.6	86.7	18.3
"M90366_at"	576.3	818.1	795.7	954.7	516.5	598.3	607.2	570.8	628	437.8
"M90391_s_at"	554.3	285.1	428.4	170.8	248.9	209.4	265.6	652	334.1	205.1
"M90516_at"	1108.9	742.4	314.6	1816.1	592.9	2619.9	530	1003	682.8	681.9
"M90656_at"	1358.7	5647.3	1151.1	12362.2	3003.6	1821.1	1433.5	2085	2860.9	3338.7
"M90657_at"	430.8	464.5	81.7	77.4	233.5	107.3	33.9	32	35.5	22.4
"M90696_at"	868.9	1247.9	1993.4	1027.7	1781.7	1767.7	974	2705	1195	1729.4
"M90820_at"	192.5	165.8	176.8	350.6	64.8	96.6	60.8	124.6	85	84.4
"M91029_cds2_at"	4829.5	2928.6	3394	2040.8	1616.9	1768.5	2075.6	2855.4	3547.6	2485.4
"M91036_rna1_at"	196.5	536	344.3	836.5	141.6	329.7	342.7	430.8	186.6	126.8
"M91083_at"	2667.5	1898.3	2145	6905.2	1310.8	2481.5	5197.9	2308.4	2654.5	1996.7
"M91196_at"	3193.6	3594.4	2258.2	275.3	2052.6	4864.7	7154.6	3612.9	2138.5	3505.9
"M91368_s_at"	490.4	233.7	236.8	304.6	206.5	198.6	345.2	311.1	221.1	185.4
"M91432_at"	789.6	787.5	1047.2	2109.2	1738.4	1142	567.3	1817.1	1316.6	1496.4
"M91438_at"	133.6	386.2	224.3	439.1	216.2	180.1	84.5	435.3	70.2	69.8
"M91463_rna1_at"	445.7	210.4	303.5	720.4	108	285	655.2	631.7	102.9	238.7
"M91467_at"	198	668	341.9	548.1	460.8	318	713.9	486.2	522.3	304.6
"M91556_s_at"	38.9	74	39.8	105.7	13.4	55.6	58.7	64	106.6	35
"M91585_at"	2406.9	731.3	1918.2	2309.1	1540.4	1738.5	2220.6	2420.7	2003.2	1979.4
"M91592_at"	2097.9	1804	1347.3	2715	2008.9	1419.5	3088.7	2178.5	1474.3	1515.9
"M91669_s_at"	246.6	586.6	416.2	510.2	204.2	245.1	287.8	182.7	418.3	205.7
"M91670_at"	2452.6	6918.2	7972	1502.4	5350.4	3379.5	3198.4	1820	5321.1	4285.4
"M92269_f_at"	181.9	243.2	194.7	131.9	183.7	127.1	495.5	107.6	91.3	137.7
"M92287_at"	3660.2	2719.2	10336	3087.5	8206.5	3037.8	3801.7	8581.2	8724	6381.3
"M92303_at"	880.9	652	489.3	1120.9	92.4	476.4	792.8	607.2	639.3	92.4
"M92357_at"	13887.8	11783.2	10130.5	2612.8	24765	31350.7	6267	12573.7	8040.7	8897.1
"M92424_at"	443.7	179	485.8	781.9	577	358	383.7	606.1	478.6	429.8
"M92432_at"	302.1	363.3	178.8	278.3	170.3	100.9	461.3	196.8	196.5	174.4
"M92439_at"	1298.7	1019.1	1528.7	797.7	785.1	704.8	716.8	1782.5	1145.5	1189.1
"M92449_at"	732.8	696.2	1153.4	1159.6	417.4	385.6	142.4	1123.7	1092.1	526.6
"M92642_at"	4171.2	3881.8	2988.1	4199.8	2787.9	2642.7	2406.6	2655.2	2397.1	2363.5
"M92843_s_at"	3960	16263.6	6063.9	4045.9	19300.6	17446.7	4155.5	9295.8	23176.9	22490.4
"M92934_at"	468.8	1644.1	40.5	10124.6	166.7	271.6	337.1	365.9	288.4	33.5
"M93036_at"	237.7	503.7	293.7	8780.8	333.5	131.7	225.5	269.9	434.7	148.4
"M93056_at"	8738.3	7589.1	10592	7159.5	10164.5	8287.6	3186.5	10387.4	11545.7	9305.6
"M93107_at"	652.2	620.4	563.8	8756.5	336.9	366.2	243.7	220.8	607.1	283.1
"M93119_at"	38.7	53.5	28.2	50.5	72.7	34.1	50.1	48.2	56.3	22.7
"M93143_at"	612.2	160.3	611.5	1547.2	416.9	678.9	388	788.9	766.9	550.6
"M93221_at"	7267	13343.5	31473.5	863.5	35063.8	16700.9	5031.1	25165.9	28079	26363
"M93283_at"	550.7	565.2	358.9	703.5	348.6	88.6	378.4	253.5	448.2	211.2
"M93284_at"	271.2	147	125.5	677.2	62.2	147.8	263.4	182.5	148.5	141.6
"M93311_at"	421.4	248.4	338.1	48.6	362.8	84.7	48.4	258.5	35.7	251.6
"M93405_at"	907	418.2	1663.9	2673.4	1437.7	1265.4	435.7	2939.5	1220.9	2234.1
"M93415_at"	82.4	244.9	53	98.9	352.2	358.6	85.8	279.5	215.4	253.8
"M93425_at"	8503.1	7558.5	5656.3	1989	8638.6	15457.6	1273.2	9292.3	8210.9	12721.8
"M93426_at"	266.4	26.3	5.7	3893.2	45.5	44.6	74	19	106.4	28.1
"M93650_at"	882.3	491.2	706.6	1240.1	660.9	648.5	1153.2	1068	634.3	500.9
"M93651_at"	3382.1	1403.8	4593.8	6917.9	4083.9	4446.2	3425	5919.1	6539.9	6543.3
"M93718_at"	290.1	815.5	465.8	2780.6	635	888.2	1243.8	977.3	291.3	410.3
"M94046_at"	6740.7	4170.6	5859.8	5780	3473.4	4313	7512.8	6310.4	3879.7	5234.9
"M94055_at"	45	303.6	64.3	54	156.7	39.7	420.1	34.7	193.1	29
"M94065_at"	588.3	488.1	441.8	907.4	323.3	440.8	861.6	492	487.9	328.1
"M94077_at"	118.4	98.4	92.2	234.6	336.9	137	73.3	131.8	123.5	146
"M94151_at"	43.6	42.1	98.9	94.2	19.9	28.5	118.6	131.6	158.7	15.8
"M94167_at"	137.1	424.1	105.4	423	100.8	192.3	1391.7	159.8	166	256.9
"M94172_s_at"	1557.8	1356	1533.9	1270.6	856.4	1486.9	1826.8	1407.5	1414.7	1061.9
"M94250_at"	2628.8	764	2369.8	9395.1	235.7	3696	3399.3	3339.3	1962.6	3135
"M94345_at"	93420.1	43913.5	67045.9	7628	38590.1	34291.4	106008.2	62045.8	67551.8	44680.3
"M94362_at"	1302.3	877.1	1246.1	1850.1	629.8	1002.1	1727.2	2023	1293.3	827.8
"M94547_at"	82.1	197.3	197	199.9	128.2	250.4	193.4	396.6	133.1	109.6
"M94556_at"	4294.5	3326.6	5445.2	4918.1	7067.5	4260.7	3767.5	4865	4332.9	5076.5
"M94630_at"	4650.7	6017.2	7276.6	12039	7945.5	8924.1	5648.1	7687.6	9039.2	7783
"M94633_at"	110.7	75.1	309.1	876.7	327.9	313.3	640.2	515.5	401	95.2
"M94856_at"	7442.4	33498.7	15044.5	2869.4	27821.2	27641.5	25366.1	16531.9	14144.8	31063.1
"M94880_f_at"	79789.5	58813.8	47328.3	18366.4	56849.6	61173.3	144775.8	60035	41596.1	70272.9
"M94893_at"	474.2	320.9	519.3	511.4	469	302.8	88.7	125.3	422.3	152.6
"M95167_at"	189.1	95.7	146.1	72.6	91.5	103.6	196.4	161.8	92.1	77.5
"M95178_at"	17130.6	10652.9	13850.7	7845.8	11244.4	25648.1	9104	18657.9	9465.1	13740.9
"M95549_at"	206.4	483.7	1245.8	686.6	1729.9	216.8	234.2	286.3	270	212.2
"M95585_s_at"	316.1	70.8	37.7	281.3	88.5	48.9	58.1	38.4	76.7	25.4
"M95610_at"	1285.1	1168.9	1533.3	1680.1	1164.1	1386.9	1223.9	1972.9	912.9	965.5
"M95623_cds1_at"	1108.6	523.2	1623.5	1608.9	500.2	416	585.5	1534.8	973.3	630.4
"M95627_at"	3911	1858.7	3589	3819.6	1929	2658.5	3521.8	3246.4	3477	2948.5
"M95678_at"	5882	5357.6	13157.6	7286.6	10814.8	7770.3	5871.1	21227.4	10213.7	10707
"M95712_at"	415	244.4	153.7	961.8	661.4	386.8	1007.6	901.5	441.7	703.6
"M95724_at"	213.9	201.5	165.5	183.2	178.9	51.7	30.7	537.7	236.4	180.8
"M95740_at"	215.8	201.6	240.2	288.4	132.5	350.9	213.7	90.6	123.7	143.3
"M95767_at"	1038.5	738.1	1077.4	872.1	1250.4	1474.1	704.1	1288.5	1369	2160.2
"M95787_at"	1946.4	3131.5	4290.1	1510	2048.2	2205	2601.8	3822.2	2183	2881.4
"M95809_at"	1754.6	1791.8	1297.5	940.3	906.5	1755.8	1776.7	1638	1194.1	916.7
"M95925_at"	443.7	144.8	174.1	193.5	421.5	154.7	153.6	131.3	96.9	71.8
"M95929_at"	4435.9	3365.9	3620.8	4986.3	2239.8	3286.8	3710	5089.2	5332.1	3836.5
"M95936_s_at"	1518.5	1084.4	1053.2	1686.6	1197	1126.8	2797.6	1311.8	1278.9	721.8
"M96132_at"	51.8	96	40.7	650.3	389.9	185.5	132.2	202.1	364.3	827.8
"M96233_s_at"	611.1	779.9	921.2	1807.2	1249.4	4028.7	4976	5678.4	4234.4	1426.8
"M96326_rna1_at"	242	1466.5	747.4	1409.2	1250.1	619.8	2744.4	738.7	1301.6	446.9
"M96684_at"	422.4	130.1	470.6	737.5	65.8	94.5	161.8	941.2	123.9	76.4
"M96738_s_at"	326.2	411.1	432.8	1023.7	269.6	431.6	2060.8	769.7	264.4	769.2
"M96739_at"	1511.7	1637.9	1376	1916.6	1605.5	1318.6	2662.7	1715.7	1712.9	1149.1
"M96740_at"	253	230.2	71	188	236	41.6	56.6	171.6	33.5	53.7
"M96759_rna1_at"	363.2	254.2	257.2	554.2	269.4	239.1	198.1	252.7	383.4	309.6
"M96789_at"	224	260.4	208.8	2043.6	614.1	526.3	1484.6	610.8	196.2	477.1
"M96803_at"	876.7	952.1	720.6	2497.8	933.3	939	1492.6	1012.1	1025.7	734.8
"M96843_at"	1262.1	4850.8	3397.1	1540.7	4290.5	1553.4	1517.6	4185.8	3881.1	4449.7
"M96859_at"	307.1	98.4	403.4	468.5	314.1	223.5	521.3	359.2	117.9	239.2
"M96944_at"	271.3	318.1	400.2	618.5	287.8	226.3	991	345.8	244.9	355.3
"M96954_s_at"	2909.5	2620.5	2323.7	2206.4	3177.4	3039.1	2617.4	2574.1	1991.7	2709.6
"M96956_at"	498.5	364.5	444.1	788.6	528.9	361.5	92.7	559.2	267.6	377.5
"M96980_at"	331.7	487	565.8	903.4	495.7	489.5	217	228.8	322.8	266.8
"M96982_at"	5085.3	5500	3670.5	6956.5	6301.6	6169.5	3944.9	4036	5348.9	6309
"M96995_s_at"	9011.7	3957.7	6243.4	1039.1	5235.3	7930.1	11853.7	7481.6	7908.2	6477.3
"M97016_s_at"	131.4	64.4	81.7	84	113	59	225.4	69.8	50.7	62.7
"M97252_at"	2002.2	242.1	1396.4	2521.2	2913.2	870.9	1304.9	3513.8	2257.3	1500.9
"M97287_at"	458.8	722.6	541.7	8977	967.5	1176.2	497.2	786.7	948.7	743.7
"M97347_s_at"	239.2	310.1	265	359.5	476.6	22.4	67.8	776.6	431.8	458.6
"M97388_at"	1710.9	1653.5	2119.8	828.4	1906	1607.5	998.5	3055.9	2231.3	1670.5
"M97496_at"	216.2	371.1	147.1	1610.6	593.5	245	587	199.3	495.4	148.2
"M97639_at"	492.1	127.5	240.8	146	412.8	114.4	93.4	104.3	133	161.6
"M97675_at"	359.4	85.4	48.4	649.7	323.1	318.6	453.1	639.7	416.1	19.9
"M97676_at"	1589.9	1369.9	1511.5	1155.7	671.7	429.9	1115.9	1287.3	720.9	694.2
"M97796_s_at"	5481.4	40336.3	27314	3760.7	15701.2	10430.4	10145	13500.8	16931	26883.6
"M97815_at"	380.1	1457.7	457.5	1263.6	272	338.3	185	250.9	179.7	94.5
"M97856_at"	922.7	2118.1	1406	3031.9	1600.6	1138.8	1068.3	1042.8	1003.7	1674.2
"M97925_rna1_at"	467.3	918.9	523.2	1259.1	361.8	539.9	977.7	1517.6	617.3	350.5
"M97935_s_at"	7313.1	6103.3	5749.1	2946.4	5403.7	4988.3	4336.7	5475.1	4636.1	5066.5
"M97936_at"	9193.2	7316	5636.2	1440.4	2076.9	4958.5	2182.6	4060.3	2538.7	2256.3
"M98045_at"	5858.9	4021.7	2869.4	1962.7	2388.2	4215.3	3416.2	4149.5	3129.7	2967
"M98343_at"	1853.1	139.7	446.9	6076	62.2	75.9	561.8	142.1	90.8	58.4
"M98399_s_at"	493.3	1646.4	997.5	323.3	1478.8	1172.2	2140.6	2996	2009.3	3556.9
"M98447_rna1_at"	501.3	924.2	254.1	531.3	393.3	615.7	674.8	461.4	495.5	252.2
"M98528_at"	300.7	108.1	94.7	801.2	660.3	52	134.9	136.2	124.6	37
"M98539_at"	848	263	955.5	375.7	796.1	809.7	357	1166	715.3	465
"M98776_rna1_at"	629.7	578.6	448.8	1052.7	480.3	525.6	614.2	669.3	558.7	244.4
"M98833_at"	255.5	160.7	544.6	206.6	431.4	158.8	483.6	847.3	941.7	433
"M99063_at"	487.6	126.2	597.3	997.7	617.2	533.2	499.3	755.7	713.7	616.7
"M99435_at"	333.9	1025.6	229.6	279.3	592.8	622.6	830	553.5	84.9	438.8
"M99436_at"	92.6	79.8	99.7	1160.9	49.6	130.3	200.7	106.2	71.7	67.1
"M99438_at"	809.3	954.1	1078.3	531.7	1085.3	1288.7	619.4	1299.5	1003.2	1151.1
"M99439_at"	1530.7	2261	1197.6	1073.7	2289.2	2065.6	3317.8	1939.9	1111.7	1900.4
"M99487_at"	32.6	18.5	25	704.6	13.9	12.9	53.4	24.5	39.5	9.8
"M99564_at"	39.4	100.2	38.8	129.6	66.7	54.4	39.6	92.7	57.9	59.3
"M99701_at"	957.9	892	2132.5	3995.6	2411.3	1344.8	1010.8	2899.1	2436.1	2880.3
"S34389_at"	2055.2	2293.9	1940.8	2334.1	2329	2248.3	2795.4	2892.9	3035.5	2043.6
"S37730_s_at"	1467	255.1	1412.3	20404.3	4404.7	174.5	1024.8	3044.7	235.6	2317.5
"S38742_s_at"	82.8	89.5	363.7	348.9	125.5	465.9	488.7	964	59.9	136.2
"S38953_s_at"	439.1	209.1	452.6	926.9	525.5	525.1	1142.6	551.8	605.5	398
"S39329_at"	621.7	336.6	447.4	283.9	434.3	286.8	197	113.2	707.8	285.9
"S40719_s_at"	1947.8	1805	1545.9	2108.1	1649.3	2002.5	3148.8	1585.1	1329.5	1290
"S41458_at"	333	341.3	393.9	1279.7	290	96.3	322.5	661.9	461.2	317.3
"S42303_at"	92.5	24.9	6.7	284.4	7.1	5.1	40.8	12	4.1	2.4
"S42457_at"	271.9	57.5	91.2	216.7	19.7	16.5	190.2	190.4	35.6	18.1
"S43646_at"	607	1247.7	289.1	990	584.1	535.8	694.7	826.7	886.2	347.5
"S45630_at"	622.2	1199.7	1951.3	897.1	609.5	478.1	816.8	998.2	803.9	433.5
"S46622_at"	1020	1179.6	501.6	833.4	896.2	2111.8	935.2	639	694.8	830.5
"S48983_at"	51.1	70	68.8	121.1	37.5	34	87.3	245.8	173.3	35
"S49592_s_at"	535.1	528.2	859.7	969.9	833.8	1065.1	1079	960.4	1097.1	803.5
"S50017_s_at"	598.5	661.8	716.2	1089.7	558.6	929.8	827.6	948.1	492.4	913.2
"S50223_at"	401.2	58.4	183.6	79.2	58.5	239.8	123.3	231.7	269.7	435.8
"S52028_s_at"	69.3	246.2	30.2	113.6	87.5	116.2	459.7	188.3	185	75.6
"S52969_cds1_s_at"	1577	2246.4	2493.7	3237.4	2021	2021.8	4791.8	3368.7	2240.3	1916.3
"S53911_at"	1111.8	1253.3	1096.5	2450.8	1377.3	1246.8	1735.6	1661.1	1109.1	1020.3
"S54005_s_at"	83299	66542	63191	11793.6	40635.7	37904.1	66137.4	34088.2	44471.7	38648.6
"S55606_at"	40.9	254	28.6	881.5	67.5	67	405	307.9	100.2	87
"S56151_s_at"	2733	1049.5	2586.5	4022.5	4015.9	3316.1	4829.1	3724.2	3516.2	3290.2
"S57132_s_at"	1118.5	911.1	804.5	2406.8	983	663.9	3117.4	794.3	636.7	665.5
"S57153_s_at"	68.3	51.8	63.1	66.5	44.2	36.8	126.2	199.6	125.2	103.7
"S57212_s_at"	268.5	634.3	351	546.3	282	311.4	733.7	509.4	441.6	245.2
"S57235_at"	7682.7	5653.2	7948.6	347.8	5546.7	7194.1	8635.4	9839.9	6819.1	7034
"S57887_at"	454.8	92.1	55.2	127.1	169.7	55.2	77.1	380.5	217.6	45.1
"S58544_at"	352.6	437	174.5	2330.6	641.4	166.3	31.7	108.3	198.7	170.5
"S58733_at"	480.3	669.1	557.7	1684.5	653.7	728.7	282.6	452.9	956.7	389.5
"S59049_at"	1022.9	1970.7	555.8	300.7	2353.5	2914.4	1194.4	633.8	1988	3341.5
"S59184_at"	117.2	268.9	559.3	913.4	392.2	599.3	391	835.9	452.7	297.2
"S60415_at"	78.8	95.3	27.1	20.6	42.1	42.1	92.5	44.3	24.1	20.7
"S61953_at"	259.4	669.3	129.7	278.7	121.6	560.7	449.3	233.8	199.7	117.4
"S62027_s_at"	28.9	32.9	27.7	26.6	5.9	16.1	17.9	11.6	28.1	14.3
"S62028_s_at"	131	139	528.6	116.8	481.3	115.4	509	219.7	425.2	251.6
"S62539_at"	36.3	125.5	69.2	338.3	119.5	10.1	9.5	163.4	112.4	14
"S62696_s_at"	137.7	40.5	78	123.5	43	56.1	97.7	97	53	32.8
"S62904_s_at"	938.4	176.1	485.2	503.1	203.3	797	1207.8	1175.2	255.2	303
"S62907_s_at"	28.7	44	20	36.1	5.4	9.8	22.3	193.2	27.5	4.1
"S63912_at"	445.2	581.6	345.2	226.3	510.9	548.4	439.8	632	650.7	266.9
"S65583_rna1_at"	328.6	283.5	415	395.9	69	400.3	668.9	761.8	450.5	129.4
"S65738_at"	7881.9	7989.4	6330.8	40149.6	8463.6	9134.2	4810.6	8992.4	9695	11831.1
"S66427_at"	446.1	731.1	510.3	243.2	367.8	342.8	425.6	452.1	137.3	295.8
"S66431_at"	1407.8	1503.2	1705.3	1122	1345.2	1507.7	2045	1288.9	2797.8	3001
"S66541_s_at"	153.1	144.8	70	112	99.5	95.4	267.1	149.5	107	67.6
"S66793_at"	271.3	120.3	89.1	71.5	60.6	138.1	102.3	113.3	86.7	53.9
"S66896_at"	23.4	642.5	137.8	23000.2	320.5	122.4	49.7	145.6	236.9	80.8
"S67070_at"	297.3	321.5	435.5	330.9	193.1	228	1194.2	309.3	324.8	202.4
"S67156_at"	190.7	31.6	197.9	21.9	49.9	14.7	187.2	85.2	22.9	15
"S67247_s_at"	506.3	613.3	373.5	716.7	91.9	578.9	147.5	177.7	526.2	165.4
"S67325_at"	1860.1	751.5	1576.5	1061	657.1	499.7	872	1522	1672.8	1244.3
"S67798_at"	219.8	61.6	24.7	337.2	82.6	172.1	238.1	269.1	189.9	146.2
"S67970_at"	36.1	19	170.1	514.8	31.9	38.1	28.3	456.3	155.8	36.6
"S68134_s_at"	64.8	156.3	25.6	135.6	31.8	51.1	350.1	188.8	229.1	30.8
"S68271_s_at"	1145.9	1267.6	921.7	836.4	1114.2	1744.9	712.4	927.8	931	665.2
"S68287_at"	28.9	57.3	32.5	56.8	18.2	16	232.4	115	55.3	18.5
"S68616_at"	8665.1	6132.5	9511.3	9021.3	9770.6	7001.5	10418	10812	12494.5	10052.8
"S68805_at"	124	260.4	332.3	1090	209.6	305.3	170.1	818.9	728.6	777.8
"S68874_s_at"	547.7	376.1	245.3	427.2	691.3	257	280.7	437.7	429.6	214.9
"S69115_at"	330.4	1129.3	1240.3	1530.6	279.2	1494.6	406.5	248.3	307.6	443.1
"S69189_at"	435.2	338.6	424.1	602.1	625	575.3	645.8	625.8	502.5	457.4
"S69231_s_at"	63	48.8	107.9	132.6	44.8	41.8	173	107.2	64.4	35.4
"S69232_at"	719.9	816.7	884.2	611.1	821.5	1082.1	939.3	1402.5	1016.9	869.9
"S69265_s_at"	1449.8	1263.3	839.1	1620.1	1372.4	1154.8	1138.9	888.6	765.2	824.4
"S69272_s_at"	7803.5	5208.4	8697.1	10999.4	5578.6	6240.7	10862	9116.6	6060.4	7549.4
"S69369_at"	142.7	96.3	523.1	211	307.3	103.5	190.5	170.8	156.5	183.4
"S69370_s_at"	130.8	82.4	54	94.7	30.1	69.7	171.1	47.5	53.9	44
"S69790_at"	231.1	176.2	29.2	122.2	22.4	39.1	169.5	35.5	99.5	35.3
"S69965_at"	456.1	276.1	183.4	250.6	158.3	286.3	222.4	326.8	195.2	142.5
"S70004_at"	168.5	89.2	142.6	151.6	23.2	7.6	32.4	191.1	98.4	19.1
"S70348_at"	305.3	401.9	343	644.8	579.3	127.3	169.1	731.7	356.8	123.6
"S70585_rna1_at"	77.5	276.3	411.3	467.6	91.9	300.2	133.8	217.3	301.5	77.9
"S70609_at"	198.5	254.4	672.5	1170	306.8	425.9	806.9	365.7	420.7	265.6
"S71018_at"	2673.9	1159	3462.2	969.5	1608.7	1002.5	2079.2	2608.1	1565.4	1467.3
"S71043_rna1_s_at"	1432.6	918.2	535.1	1016.2	532.1	975.4	1803.7	1041.3	828.7	534.7
"S71129_at"	742.8	722	255.5	674.1	159.4	443.3	313.8	845.7	524.2	191.8
"S71824_at"	1061.4	452	637.7	911	592	716.4	1429	966.7	552.2	521.9
"S72008_at"	3106.8	2472.1	2695.1	4279.4	4869.9	5929.2	1141.9	4996.8	2871	3973.5
"S72024_s_at"	2329.8	1513.4	2165	674.5	639.2	874.3	4438	1193	330.6	1946.3
"S72043_rna1_at"	951.1	206.7	183.7	966	183.9	306.8	520.1	416.7	184.2	167.1
"S72370_at"	462.6	149.5	510	214.5	369.1	490.6	94.4	626.4	667.2	744.1
"S72487_at"	2798.4	1864.4	3126	2327.5	2710	1713	1608.4	3503.1	1543.9	2978.2
"S72493_s_at"	1300.8	1262.3	610.2	1741.8	1615.2	1348.9	2192.6	1246.4	1313.2	1376.8
"S72503_s_at"	721.7	1207.2	1439.2	1853.2	1790.9	2056.3	2575.6	1407.4	1169.9	1393.9
"S72869_at"	107.9	442.2	286.7	503.7	142	204.7	300.1	453.3	337.2	428.8
"S72904_at"	659	390.8	673	680.3	534.9	326.1	397.1	987.7	831.7	491.3
"S73149_at"	4173.4	3371	3736.8	4210.8	3544.4	3103.4	4309	3684.5	4140.9	3292.4
"S73205_at"	58.8	73	18.5	135.4	34.6	52.7	186	50.4	59	22.7
"S73591_at"	28434.6	37748.7	100667.1	50130.4	34429.1	5914.4	76094.9	44411.6	58440	30656.1
"S73813_at"	868.6	846.8	552.4	668.4	500	460	625.8	992.9	1145.1	491.7
"S73840_at"	490.8	174.6	342.2	719.5	371.3	94.5	311.9	605.6	631.1	382.7
"S73885_s_at"	1734	1640.8	904	1708.7	1304.6	1178.3	2240.5	1806.2	1440.7	1371.4
"S74017_at"	4141.2	5898.2	1785.3	7004.2	17395.9	7858.5	3427.7	4011.6	5833.4	6466.2
"S74221_at"	1848.8	1800.4	2156.7	12669.5	1587.7	1465.7	1892.7	1933.4	2357.7	2230.4
"S74445_at"	254.6	415	83.4	383.9	294.5	67.7	680.9	87.3	199.5	51
"S74683_at"	187.4	581.8	268.5	444.8	365.7	136.9	646.9	856.5	475.5	372.6
"S74720_at"	19.5	17	6.1	4.1	14.8	3.6	49.1	13.3	5.7	1.4
"S74728_at"	360.3	499.8	906.3	1675	847.3	542.7	448.8	1408.4	679.8	520.8
"S75168_rna1_at"	2499.9	345.8	242.1	1294.2	820.8	1663.6	5603.6	1809.8	3306	2539.5
"S75174_at"	1014.1	287.8	812	163.8	142.4	731.7	1829.3	1178.5	986.1	614.5
"S75213_s_at"	3434.5	872.9	1544.9	1199.3	719.1	1151.1	2197.4	1930.2	1078.7	1256.1
"S75256_s_at"	960.6	1575.9	57	19597.9	54.1	366.3	165.2	155.1	262.5	21.6
"S75295_at"	1118.3	964.2	1847.8	1519.1	1338.1	2229.6	1174	1773.9	1649.7	1277
"S75313_at"	19.5	13.6	151	302.3	155.2	54.4	62.9	220.7	321.3	98.4
"S75463_at"	8933.1	7037	13020.2	25267.8	8989.6	8519.1	21378.9	11958.6	13219	12529.6
"S75578_s_at"	117.6	282	153.4	310.4	169.8	173.4	202.7	273.8	161.3	187.1
"S75881_s_at"	13.4	22.6	23.8	46.8	9.4	14.3	28.8	30.9	30.9	10
"S75989_at"	301.5	847.3	225.9	1073.4	408.7	304.1	643.8	651	240.4	88.9
"S76067_at"	179.7	126.4	19.9	58.8	50.5	45.9	53	74.3	310.9	14.9
"S76473_s_at"	127.5	168.3	330.7	354.5	170.3	75.3	442.4	78.1	277.9	227
"S76475_at"	74.4	58.5	291.3	103.5	499	54.5	497.6	387.8	218.6	149.4
"S76617_at"	192	55.5	214.6	265.6	283.2	63.1	156.6	88.7	129.8	61.1
"S76638_at"	4206.4	3277	513.4	626.1	1562.1	3515.8	2336.3	461.6	387.1	750.2
"S76756_s_at"	103.4	131.9	68.6	284.2	86.6	79	218.5	162.8	135	86.6
"S76853_s_at"	37.5	129.2	18.3	88.4	59.5	15.9	25.5	79.9	8.6	5.6
"S76942_s_at"	1702.7	551.2	915.1	955.1	1629.5	1472.8	2048	1317.9	1265.4	988.7
"S76965_at"	891.1	557.1	1234.6	880.4	1303.2	474.3	711.7	621.5	772.6	450.9
"S76978_s_at"	270.5	164.9	170.9	174.2	16.6	62.5	71.3	98.9	153.9	22.5
"S76992_at"	257.3	1116.9	215	893.3	242.6	406.2	701.8	402.4	510.6	141.2
"S77094_at"	35.6	458.1	45.7	106.1	23.2	63.2	51.7	122	117.8	45.6
"S77154_s_at"	1035.1	3493.5	2505	1962.2	3019.4	1361.1	326.5	503.9	5548	3345.2
"S77356_at"	3746.8	4084.9	2508.4	5630.8	3211.1	2739.6	2739.9	2688.1	2901.6	2136.5
"S77361_at"	73.4	57.7	148.9	246.1	15.2	33.1	98.7	26	27.1	32.2
"S77393_at"	196.3	189.9	341.6	754.6	983.5	522.4	287.1	953.2	196.1	799.2
"S77410_at"	128.5	429.3	318.8	46.2	252	57.6	547.2	302.7	257.6	141
"S77415_at"	446.3	454.5	220.2	487.6	99.5	203.9	220.1	331.9	243.7	205.3
"S77575_at"	53	60.8	27.1	368	46.4	164.3	250.8	150.7	221	50.7
"S77576_at"	261.1	199.4	182.8	570.6	138.4	171.9	527	432.8	370.5	157.9
"S77582_at"	170.6	79.5	164.1	658.2	149.7	170	80.4	245.5	177.8	156.7
"S77583_at"	392.5	126.1	232.1	587.1	105.7	82.7	151.2	223.9	212.2	57.7
"S77763_at"	819.6	771.5	711.6	971.1	594.5	601.9	1337.2	1077.8	1307.5	346.1
"S77812_at"	339.5	535.1	217.3	1085.6	676	435.4	1155.6	810.2	609.8	366.8
"S77835_s_at"	25.7	19.8	12.1	8.8	12.7	884	25.7	27.8	20.5	7.2
"S77893_s_at"	500	366.3	85.8	301.6	477.8	260	82.6	117	118.7	112.8
"S78085_at"	526.7	203.5	702.9	727.3	375.9	504.5	280.7	704.8	776.7	529.5
"S78187_at"	1292.9	1576.6	1140.8	553.1	1527	1680.9	2927	3253.5	2516	1132.8
"S78203_at"	230.2	91.2	17.1	1670.1	229.8	63.3	97.2	81.2	96.3	109.2
"S78234_at"	486.8	700.9	557.8	380.7	664.6	879	381.4	548.8	498	598.3
"S78271_s_at"	1139.3	742.6	960	1409.3	958.3	1165.7	1469.3	1404.9	814.2	862.7
"S78296_at"	473.2	268	275.9	1197.8	419.1	263	360.7	583.8	411.2	505.7
"S78432_xpt1_at"	163.6	84.1	94.2	130.9	30.5	105.8	232.2	59.4	60.3	38.9
"S78467_s_at"	61.4	414	219.6	513.5	387.5	253.6	177.3	345.1	49.4	154.1
"S78569_at"	14.6	15.8	14	47.9	6.3	17.3	12.6	13.6	27.4	15.6
"S78653_at"	33.6	675.2	397.6	546.3	188.3	205.8	265.8	393.3	390.1	52.3
"S78693_f_at"	128.7	269.5	259.2	129	142.7	91	14.3	193.7	141.7	117
"S78723_rna2_at"	56.3	44.3	47.7	36.7	21.9	8.7	40.9	195.7	28.4	19
"S78771_s_at"	7854.3	16515.5	3555.2	6744.9	8390.2	8069.1	7423.1	5209.9	8737.8	8485
"S78774_at"	42.8	116.5	57.3	69.4	53.6	66.5	74.7	59.3	66.1	44.4
"S78798_s_at"	704.3	772.3	858.9	571.1	416.2	764.2	1046.3	783	708.9	660.3
"S78825_at"	219.5	137.1	115	376.6	124.9	131.6	210.8	138.8	145.1	126.5
"S78873_s_at"	3042.1	1846.8	1583.4	2322.2	2205.5	2676.4	2119.1	1946.7	2126.7	2001.7
"S79048_at"	102.8	250.7	152	1374.6	180.6	43.4	320.6	181.8	93.3	178
"S79219_s_at"	1529.5	1828.6	1826.5	1981.9	1778.2	1482	1354.3	2608.2	2260.4	1635.3
"S79267_at"	138.1	200	216.6	647.6	133.8	90.4	904.1	364.2	428.7	179.1
"S79281_at"	262.4	220.3	157.4	607.9	258.5	81.9	92.4	249.7	403.1	178.1
"S79522_at"	38898.7	40293.2	54420.5	43895.7	55953	32236.2	31500.2	29420.5	39557.5	40938.6
"S79639_at"	575.6	556.6	142	2341.9	850.1	371.5	827.4	835.1	517.2	351.8
"S79781_at"	746.4	372.7	148	1063.6	202.8	146.4	339.9	139.8	169.2	296.7
"S79854_at"	88.7	123.3	112.2	89.3	45.9	57.9	90	95	65.8	35.7
"S79862_s_at"	194.9	225.3	179.1	67.2	49.7	150.3	207.2	377.2	84.1	133
"S79873_s_at"	1648.6	1430.9	2377.2	1362.9	4736	3723.9	889.6	2785.8	2789.4	4607.2
"S80050_at"	729.6	224.8	270.9	965.1	331.4	424.4	914.3	634.1	365.6	458.8
"S80267_s_at"	1877.4	1151.9	2829.1	136.3	1214.9	1894	2963.5	4087.2	2282.6	1681.2
"S80335_at"	430.4	199.8	718	450.5	543.6	718.3	464.9	1332	1115.8	820.1
"S80343_at"	3808.8	2383.1	2763.3	3117.8	2645.6	3519.8	1753.3	4107.7	3550.5	3018
"S80437_s_at"	1087.3	1121.4	817.1	3198.9	1476.2	1532.6	1145	2362.6	1349.9	1047.6
"S80562_at"	12.7	482.3	82.9	1225	40.2	44.4	24.7	8.3	9.6	15.2
"S80905_f_at"	394.1	139.7	362.2	284.1	210.4	285.4	283	201.6	190	227.6
"S81003_at"	9908.1	10665.9	9885.5	8322.7	9250.1	16169	3332.4	10031	9957.1	13758.3
"S81083_cds1_at"	62.4	478.6	80.9	93.5	61	58.7	284.9	98.6	101.4	73.8
"S81221_at"	208	605	426.8	195.7	329.5	711.2	125	135.6	138.5	109.7
"S81243_s_at"	94.7	178.3	253.1	142.3	373.4	98.5	713.6	231.3	109.9	147.1
"S81264_s_at"	700.9	960.7	524.5	1175.2	434.3	538.4	936.8	967.6	707.1	574.8
"S81294_at"	97.6	67.5	34.4	41	17.2	28	399.7	45.4	26.2	23.3
"S81419_at"	334.7	353.9	283.7	1011.8	396.5	401.3	475	416.5	442.7	239.3
"S81439_at"	292.7	1217.6	657.4	510.8	933	505.1	364.2	478.7	597.8	439
"S81578_at"	420.3	477.1	207.9	179.7	22.7	80.5	157.8	130.5	90.7	47.9
"S81661_s_at"	401	69.8	23.1	184.6	8.5	29.3	57.6	162	126.7	8.1
"S81737_s_at"	149.4	331.8	250.9	117.9	80.9	193.2	547	295.2	151.5	132.5
"S81893_at"	205.9	407.1	52.3	225.5	61.2	94	927	332.9	257.5	60.9
"S81914_at"	31587.5	69023.7	1362.7	6048.9	71439.4	70177.3	8149.8	586.3	3315	2387.3
"S81916_at"	61.3	13.1	20.1	278.5	328.4	194.2	46.8	168.4	175	76.1
"S81944_at"	25.1	65.9	25.1	25.9	41.9	27.7	92.5	64.6	28.3	19.5
"S81957_at"	49.1	132.6	358.3	348.1	185.8	97.2	247.3	39.8	320.3	31.9
"S82024_at"	46.6	202.6	76.8	345.2	280.6	32.2	131.8	145.5	208.9	66.9
"S82075_at"	70	95.7	49.9	104.5	48.4	56.6	67.9	40.7	72.1	45.2
"S82185_at"	62.4	63	26.4	91.5	100.3	38.1	103.8	79.7	29.5	13.1
"S82198_at"	2381	2590.1	2126.5	2131.6	754.8	1855.3	3289.9	2405.4	2025	1070.3
"S82240_at"	589.4	3209.2	204.3	455.9	2026.2	1567.5	844.9	69.4	829.3	1296.3
"S82297_at"	18716	86192.9	114569.7	20699.6	95681.2	68497.7	195298.9	71706.7	68843	70629
"S82362_s_at"	286.2	59.6	351.8	152.1	83.8	177.9	56.1	191.1	62.3	75
"S82447_s_at"	9310.3	6994.6	7939	3677	3799	5185.7	10474.8	8061.3	5811.1	6991
"S82470_at"	3339.5	1248.6	1987.7	7735.7	1955.9	1425.1	1471.2	3378.8	2070.5	1571.4
"S82471_s_at"	78.7	810.9	125.6	295.7	217.7	48.1	381.2	242.5	270.7	95.3
"S82472_at"	158.5	21.8	278.8	27	106.7	19.4	50.2	33	11	36.2
"S82592_at"	162.7	156.3	28.6	245.5	117.8	91.3	16.7	18.7	38.3	82.7
"S82597_rna1_s_at"	801.6	854	912.9	789.4	640.6	1352.7	1959.7	1416.1	925.5	1500.5
"S83198_at"	54	74.8	58.2	145.4	57.7	74.1	100.8	120.3	103.9	36.9
"S83249_at"	22.3	47	106.9	41.9	23.5	57.9	54.6	159.1	154.4	12.6
"S83308_at"	203.3	156.3	216.2	126.4	157.5	76.8	52.2	304.7	282.7	28.1
"S83309_s_at"	464.9	1167.8	707.3	609.9	368	395.3	735.5	609.5	416.1	319.5
"S83325_s_at"	105.9	375.2	349.2	118.1	590.1	206.7	1351.3	220.2	388.8	620.7
"S83362_s_at"	484	579.5	455.2	958.2	622.7	371.8	882.6	471.5	591.2	458.1
"S83364_at"	2541.1	1459.7	2363.3	1083.4	1630.2	2848.9	2270.2	3861.6	2769.4	2375.7
"S83365_at"	306.2	152.7	193.7	528	101	103	417.6	493.8	140.8	374.5
"S83366_cds1_at"	424.5	196.5	105.6	181.5	237.9	161.4	20	164.4	102.5	29.2
"S83366_cds3_at"	56.4	178.6	58.6	116.4	150.9	56.5	241.2	49.2	90.8	70.7
"S83390_s_at"	236.8	241.1	165.7	156.6	167.5	140.1	360.3	697.6	133.2	149.2
"S83513_s_at"	1244.3	852.5	499	1395.8	541.6	640.4	921.1	795.9	641.2	360.8
"S83549_at"	64.2	42.3	59	52.2	44.4	36.9	43.1	62.5	38.9	24.4
"S85655_at"	4631.2	2911.6	3943.7	3339.3	2570.1	2712.6	2926.7	4414.2	3864.8	3798.7
"S85963_at"	176.6	120.5	132.5	153.2	95.5	76.3	78.1	207.7	60.3	93.2
"S87759_at"	892.1	790.2	543.3	751.6	412.6	938.1	547.4	709.2	685.5	562.7
"S90469_at"	7079.1	7971.1	8081.9	9616	3987.5	5995.4	7436.2	7323	6354	6153
"S94421_at"	131	94	126.5	161.8	116.1	93.9	130.2	86.9	82.1	48.5
"S95936_at"	39.3	83.4	32.2	444.4	33.1	50.1	398.9	46.4	156.2	87.8
"U00001_s_at"	313.7	902	320.3	268	209.5	259.3	69.9	389.7	358.2	255.4
"U00115_at"	2272.1	6063.2	1170.9	6543.9	10069.7	7452.4	2100	2614.5	2616.3	5539.5
"U00238_rna1_at"	615.5	562.1	623.6	422.4	988.3	178.4	537.7	942.6	94.9	328.4
"U00672_at"	5540.4	4178.4	3413.9	698.3	2820	3119.7	2307.6	2899	3963.6	2282.3
"U00802_s_at"	113.1	84.2	49.9	140.5	134.5	69.2	104.4	70.7	94.8	34.2
"U00921_at"	983.9	2947.1	4752.5	689.6	4779.6	1743.7	1273.7	3457.4	4869.1	3862.3
"U00928_at"	211.6	549.3	83.3	122.5	301.2	87.5	495.5	93.4	248.5	225.6
"U00930_at"	339.6	165.2	132.1	98.2	150.7	167	21.3	56.6	28.1	33.3
"U00943_at"	367.9	582.4	375.1	678.2	699.4	404.3	740.6	396.1	693.5	473.6
"U00944_at"	76.3	495.3	413.5	706.8	261.1	38.3	84.5	360.1	312.6	235.5
"U00946_at"	118.1	91.4	100.4	794	143.3	67.3	71.4	110.6	79.6	65.7
"U00947_s_at"	8924.5	14217.3	24550.9	19459.8	28416.6	17032.3	12777.4	19863.4	20734.8	30401.2
"U00951_at"	116	182.2	55.8	140.2	122.8	85.5	146.3	154	86.5	83
"U00952_at"	316.3	928.3	1308.4	1704.3	745.6	523.1	748.8	1120.6	753.5	581.5
"U00954_at"	63.4	64.2	43	164.9	55.3	30.6	39.5	111.7	18.2	28
"U00957_at"	298.3	365.7	631.3	469.1	276.8	31.3	669	624	575.7	396.3
"U00968_at"	7686.9	6032.8	6110.5	12086.1	5882.7	5152.9	10426.9	10973.6	7193.9	4384.3
"U01038_at"	1278.2	1668.8	1106.9	1547.8	981.8	1039.9	2152.4	1797.5	1832.3	863.5
"U01062_at"	407	91.7	41.2	4630.7	318.8	1086.4	99.9	58.7	129.1	69.6
"U01102_at"	943.7	34359.9	2127.3	123735.1	1724.5	3580.7	357.7	1926.7	624.6	92.7
"U01120_at"	47.9	288.8	26.2	244.7	36.7	18	126.2	182	288.5	45.1
"U01147_at"	7173.8	3013.3	3793	2561.6	2246.5	3826.2	8343.4	6404.5	5377.9	3060.5
"U01157_at"	504.1	343.3	337.3	411.5	265.6	192.9	261	311.4	238	72.6
"U01160_at"	1303.5	1317.3	1672.8	4720.1	1713.3	1282.3	404.1	1458.2	1801.1	1393.4
"U01212_at"	1461.7	828.4	1028.2	2336.3	1254.2	1022.7	1652.4	1140.1	1018.2	952.8
"U01317_cds1_at"	230.1	175.9	222	312.7	169.3	196.2	162.9	297.7	149.3	170.2
"U01317_cds4_at"	85.8	56	550	314	527.4	155.6	192.1	280.8	452.2	232.1
"U01317_cds6_at"	74	417.8	443.6	797.1	325.9	341	53.4	465.8	597.3	448.1
"U01337_at"	8093.6	5367.2	7853.8	8801.8	5734.4	6749.7	8191.4	7950.4	5624.2	6875.7
"U01691_s_at"	18739	16770.6	14589.4	5520.8	15750.7	21163.6	20301.8	12575.9	16109.3	14646.9
"U01824_at"	604.2	656.2	65.9	569	459.9	968.8	1343.1	142.3	330.2	334.5
"U01828_at"	30.9	161.3	210.2	220.5	255.2	87.9	13.1	23.9	58.4	106.5
"U01833_at"	2437.2	1206.9	1576.2	2079.4	1225.5	2084.2	1699.3	2244.5	1902.4	1475.9
"U01877_at"	676.6	717.3	553.5	718.7	988.8	869.3	511.6	1350.3	790.9	675.5
"U01922_at"	122.5	44.7	76.5	137.1	118.7	113.2	235.7	131.4	106.1	122.8
"U01923_at"	131.9	458.3	411.6	381.8	681.6	461.9	153.7	658.8	237.6	236.5
"U02019_at"	328.9	299.6	153.4	477.6	115	129.1	59.8	131.6	152.8	146.2
"U02020_at"	6646.7	12835.3	3719.1	1031.1	30202.8	24953.1	3382.4	4697.1	9258.1	17326.2
"U02031_at"	1900.6	2030.5	1954.1	4549.1	1682	2472.4	2655.3	4839.9	2946.8	2722.9
"U02081_at"	175.9	384.4	343.7	1668	488.5	66	23	313	265.7	42.1
"U02082_at"	3048.9	1377.3	778.1	1505.5	1291.5	2358	1576.6	622.8	1064.2	1411.4
"U02310_at"	347.9	371.5	307.2	1122.7	559.6	284.8	439.5	1016.5	392.9	510.7
"U02388_at"	31.5	19.4	33.1	55.1	18.5	10.9	59.1	18.1	15.3	14.1
"U02493_at"	13156.1	12933.2	18334.4	21268.5	14239.2	11534	14513.8	21805	23500	18360.8
"U02556_at"	4153	5590.1	3579.7	2086.2	7681	7539.6	3975.6	6096.3	3215.3	6328.8
"U02566_s_at"	265	340.8	448.4	401.5	292.9	231.8	624.4	309.9	382.5	332.3
"U02570_at"	4972.2	2975.3	5282.9	10314.9	5278.3	4362.3	5183.8	7206.3	7407.1	5397.6
"U02609_at"	1295.2	597.8	1414.9	799.6	563.6	356.9	1800.6	1146.9	550.5	232.8
"U02619_at"	4681.5	2546	2466.7	10031.3	2373.5	2560	10097.7	3795.8	2458.8	2444.6
"U02632_at"	766.5	564.7	483.3	1063.6	567.2	426	303.4	750.7	566.5	381.8
"U02680_at"	1395.3	1280.2	945.7	2730.2	1668.1	2423.2	497	1389.7	547.2	1544.1
"U02683_s_at"	134.2	38.5	84.8	638.4	102.4	100	152.3	151.6	128.4	58.6
"U02687_at"	89	46.9	39.1	87.2	57.5	60.4	118.7	66.4	52.7	22.3
"U03056_at"	178.8	114.6	221.6	963.3	66.4	215.1	152.5	455.2	353.1	70.2
"U03057_at"	5163.3	7954.2	3522.3	1335.2	5003.2	12354.2	4022.7	1334	1463.2	2154.2
"U03090_at"	618.4	435.8	124.8	207.3	103.3	327.2	171.7	155.5	214.2	118.1
"U03100_at"	2654.8	3576.5	3661	7106.4	4479.9	4667.9	2196.9	4455.3	3232.5	3212
"U03105_at"	985.3	1708.8	508.2	1032.1	3026	2214.4	481.4	795	843.1	955.4
"U03187_at"	257.2	361.3	225.9	459.3	803.8	208.3	270.1	291	176.3	168.8
"U03270_at"	324.2	617.2	112.8	822	412.6	376.5	544.4	682.8	429.8	337.2
"U03272_at"	100.8	456.7	722.4	453.3	86.6	296.2	373.3	468.9	282.9	35
"U03274_at"	817.3	220.2	1970.4	555	1109.1	516	836.6	1244.5	2248.2	1756
"U03397_s_at"	673.4	614.5	494.4	71.1	137.9	614.3	518.4	293.8	176.4	46.6
"U03398_at"	1257.6	1294.4	764.7	539.9	1068.9	2030.9	446.6	470.2	1446.7	1518.2
"U03399_at"	461.5	401.9	142	169.6	90.6	206.2	109	133.9	229.8	97
"U03486_at"	842.9	722.3	103	1031	677.3	450	751.5	643.7	695.9	329.2
"U03494_at"	1770.6	396.3	1043	2664.9	894.3	505.6	1860.6	1843.5	1151.6	543
"U03634_at"	140.2	1128.2	607.4	1188	558.7	925.4	462.8	834.7	873.9	587.9
"U03642_at"	197.1	422.1	293.7	374.3	299.4	296	1014.4	506.3	451.3	230.9
"U03644_at"	3633.9	2751.1	604.7	1500.6	508.5	3045.9	3663.6	2137.3	989.1	1128.6
"U03688_at"	6806.1	1524.2	9.3	5624.5	276.8	3778.2	4432.1	3798.9	3675.6	3679
"U03735_f_at"	171.3	189	33.6	90.6	17.5	51.2	57.1	38.3	119.7	19.4
"U03851_at"	3166.5	1913.1	2972.3	862.2	3169.2	2284.1	2074.6	4405.4	3514.8	3187.4
"U03858_at"	235.8	214.9	383.4	573.5	698.7	303.7	338.6	448.2	374.6	460.2
"U03877_at"	50.3	21.1	27	1545.6	22.1	14.9	76	35.7	17	11.2
"U03886_at"	90	173.5	101.8	1179.8	166.9	110.7	576.9	369.2	231.5	144.7
"U03891_at"	956.1	1705.7	969.7	1255.9	857.9	648	679.2	1085.4	974.3	909.3
"U03905_at"	107.2	266.4	20.8	43.3	76.3	28.9	65.6	61.7	55.6	27.8
"U03911_at"	268.6	460.8	624.5	675.4	543.6	122.3	636.3	325.4	612.4	500.5
"U04209_at"	1938.8	1772.7	1562.6	2427.4	1322.5	1854.4	1645.6	1694.5	1019.7	1425.5
"U04241_at"	17430.5	11552.5	18366.5	26628.2	9315.8	13960.4	19298.3	21875.3	10276.9	14438.8
"U04270_at"	182.6	232	271.1	840.9	134.4	257.3	304.3	253.8	794.4	92.5
"U04285_s_at"	9221.6	14761.8	37914	5877.3	41886.3	36749.1	64673.7	46855.2	58205.2	50682.7
"U04313_at"	102.2	695.4	469.9	3705.9	373	215.5	99.5	93.7	56.3	32.6
"U04325_cds3_at"	30.8	55.1	56.1	41.8	56.1	58.9	24	20.4	43.7	19.4
"U04343_at"	2456.6	3789	2766.9	456.5	2552.1	3210.2	1632.8	2936.3	3883.5	3597.1
"U04520_at"	404.4	401.3	50.2	520.2	195	71.2	43.9	62.8	221.2	38.5
"U04636_rna1_at"	9329.9	15821.8	992.7	142.2	39526.4	53444.4	597.3	352.3	4466	9414.3
"U04735_at"	564.5	425.1	398.2	282.1	950.2	860.7	392.4	629	606.2	520.5
"U04806_s_at"	139.7	624.7	131.5	475.7	257	341.1	338.6	185.6	164.1	374.3
"U04810_at"	117.5	141.9	111.1	235.7	85.4	93	122	162.7	101.6	60.3
"U04811_at"	763.5	467.2	639.8	636	518.1	513.3	324.2	441.3	381.4	361.4
"U04840_at"	122	245.5	159.7	537.4	216.7	67.5	28	210.9	193.7	142.2
"U04847_at"	809.3	1156.2	771.9	1454.9	979.3	1020.7	869.5	1550.3	1103.4	1036
"U04898_at"	230.9	586.2	726.7	360.3	216.2	896.5	450.4	323.1	105.9	356.5
"U05012_s_at"	76.2	132.2	78.2	128.9	52.5	50.8	141.5	125.9	139.8	34.2
"U05040_at"	2207.6	2911.4	1309.5	2735.8	1161.7	2211.7	1342.8	2216.8	2100.3	2116.4
"U05227_at"	36.2	75	81.4	619	168.5	19.6	43.4	150.8	22.8	20
"U05237_at"	1551.8	2934.3	1075.9	3498.6	2576.8	2077.1	1445.6	1394.3	1463.5	2286.6
"U05255_at"	68.7	17.6	400.9	643.3	99.3	83.7	22.2	16.9	112.4	10.3
"U05255_s_at"	1852.3	837.6	1925.8	2698.2	1707.9	2481.9	3854.1	2518.7	1897.6	2591.1
"U05259_rna1_at"	542.2	524.7	1079.5	1004.2	1276.8	1322.5	1236.9	1347.8	1243	692.2
"U05291_at"	661.6	877.5	308.3	2294.2	519.7	331.4	1007.6	519.7	617.8	323.9
"U05321_at"	40.6	39.9	31.1	128.8	39.6	44.4	50.5	65.4	46	24.8
"U05340_at"	1537.9	2114.6	1325.3	1136.7	1152.5	927.1	273.5	1793.6	1299.9	989.7
"U05572_s_at"	14902	7833.3	19072.4	1034.5	7414.8	9849.5	14416.6	17190.2	10353.7	9930.4
"U05589_at"	41.2	30.5	20.4	55.1	8	21.9	24.1	21.9	28.9	13.4
"U05659_at"	306.9	34.5	403	1383.6	432.1	191	657.9	355.1	228.2	280.1
"U05681_s_at"	4669.4	4291.7	861.9	1535.2	1890.8	4096.9	2686.3	1336.7	1183.3	1226
"U05861_at"	26141.1	39427.9	4018.4	69644.9	19829.7	50016.4	10908.1	2626.5	3825.5	8058.7
"U05875_at"	14447.7	16490.4	6600.9	1032	13490.2	18530.1	14725.1	16895	15332.9	9110.4
"U06088_at"	5751.1	2626.1	4172.8	6091.6	2342.6	2759.4	4784.9	3174.2	2744.3	1917.9
"U06155_at"	720.7	950	799.8	1821	1890.8	927.9	643.8	1074.4	1055.2	469.3
"U06155_s_at"	48944.6	92794.3	79658.6	91090.5	105942.6	57126.6	44279.8	58392.1	64092.7	72622.6
"U06233_at"	59.7	41.9	108.1	100.4	181.8	38.1	98.6	46.8	191.7	46.8
"U06452_at"	324.5	225.9	232.4	96.4	169.4	145.7	549.9	738.7	337.7	118.7
"U06454_at"	373.3	102.6	213.4	250.2	160.1	69.9	290.7	245	52.4	125.2
"U06631_at"	1026.7	933.5	1285.5	3827.1	993.8	574.4	976	1816.2	1019	706.7
"U06632_at"	432.9	328	130	940.1	573.9	70.1	369.1	624.4	308.4	166.6
"U06643_s_at"	145.3	202.2	96.1	4643.4	91.6	73.6	204.1	94.5	98.4	84.5
"U06681_at"	15226.5	4574.4	6249.6	163.3	3772.7	6919.3	14365.5	12932.6	8228.5	5071.8
"U06698_at"	302.4	79.6	266.8	93.5	269	47.1	505.8	281.4	52.7	163
"U06863_at"	823.2	901.6	791.3	1489.1	968	745.1	1304.5	991.5	1005	531
"U07000_cds4_at"	1071.3	1185.3	537.8	1171.4	883.5	713.3	881.5	658.5	305.9	768.5
"U07132_at"	6791.3	2889.6	4307.9	1407.9	2128.2	2673.2	7902.2	3953.8	3273	2917.9
"U07139_at"	1637.3	2848.1	1177.3	2947.4	8550.9	2466	632.8	2154.8	1969.1	1332.5
"U07151_at"	566	669.4	451	5080.2	358.7	311.5	513.8	583.7	403.3	452
"U07158_at"	11593.3	12287.9	6496.6	2746.4	9788.7	15799.5	7358.2	8147.2	6710.9	8581.3
"U07223_at"	182.5	461	196.3	758.3	409.4	77.5	58.6	326	199.9	14.1
"U07225_at"	53.6	39	54	393.4	45.1	97.6	396.2	152.5	197.1	290.1
"U07231_at"	812.6	715.8	668.5	1364.1	611.5	900.7	535.8	1240	960.5	683.4
"U07349_at"	1966.2	929.1	1198	202.4	158.1	328.4	244.5	488.6	247.6	350.4
"U07358_at"	780.9	1297.3	893.7	1265.6	489.6	734.6	962.7	859.9	1065.3	849.8
"U07418_at"	2288.6	1525.9	2302.4	3637.3	1842.6	2182.9	1796.3	2768.2	4352.3	2470.9
"U07424_at"	3837.8	1981.1	2484.1	2522.3	1072.1	2075.9	4206.3	2602.5	3350.9	1905
"U07550_at"	2436.3	9795.6	4622.4	6526.8	4805.5	4952.9	1585.8	3280.1	3233.6	5021.5
"U07559_at"	131.4	352.9	109.9	1394.3	191.2	141	433.7	363.1	125	97.3
"U07563_cds1_at"	997.1	554.6	627.1	162.8	157	319	1003.1	644.3	334.4	136.5
"U07620_at"	146	526.5	82.1	5809.6	215.8	82.5	190.7	114.1	103	77.1
"U07664_at"	164.8	519.1	432.2	419.5	412.2	137.8	306.1	857.2	580.1	300.4
"U07681_at"	1112.7	737.2	1022.3	1970.2	857.4	480.9	1244.9	1391.1	1165	731.2
"U07695_at"	1308.4	1628.9	1203.2	4832.7	1106	732.6	1410.1	1514.9	926.2	947.4
"U07794_cds2_at"	31	86.4	270.6	40.6	62.6	48.9	518.7	75.1	75.5	12.5
"U07802_at"	2366.9	1874.1	1120	1931.5	2056.9	1219	968.7	2611	2399.4	1391
"U07804_s_at"	54	218.3	228.4	39.6	17.1	44.1	456.6	325.5	38.4	45.6
"U07806_s_at"	2960.6	6505.9	4829.3	6312.1	12422.1	9688.2	3210.6	4363.5	7326.3	11690.5
"U07807_at"	171.7	104.3	438.2	143.5	73.6	337.9	302.1	223.5	93.8	42.6
"U07856_at"	80	48	16.7	23.7	40.3	21.5	60.5	180.5	43.6	18.3
"U07857_at"	11086.8	13638.2	17567.7	14563	11331.8	11246.1	10912.4	11782.1	10328.7	11254.8
"U07882_at"	70.5	78.4	81.9	66.8	36.7	290.1	273.2	191.4	165.1	78.1
"U07919_at"	201.8	2009.2	346.7	6155	428	382.2	207.6	374	362.8	88.7
"U07969_s_at"	170.7	126.7	128.7	1011.2	460	160.9	239.6	315.6	368.9	415.2
"U08006_s_at"	400.5	378.7	508.5	236.8	869.4	495.7	616.2	431.4	497	491.9
"U08015_at"	629.6	1365.7	1065.2	1247.2	976.8	1159.8	490.1	1132.9	923.7	853.4
"U08021_at"	893.8	136.2	1341.3	179.7	125.7	319.3	139.3	161.4	111.8	59.1
"U08023_at"	644.6	263.6	779.1	663.1	442.6	408.6	180.3	1698.3	2064.3	766.8
"U08049_at"	153.3	95	90.1	157.5	58.7	57.3	370	275.1	109.4	65.5
"U08096_at"	517.1	523	681.9	613.4	184	360.1	225.3	955.9	502.1	502.7
"U08191_s_at"	853.8	193.9	180.7	223.6	627.5	576.5	740.7	346	543.6	670.4
"U08198_rna1_at"	231.5	96.1	292.9	254.1	290.5	238.9	102.7	243	176.3	172.5
"U08316_at"	1949.9	2907.6	930.1	899.5	2052.7	5217	1575.9	2451.8	1541.7	1689.8
"U08336_at"	1131.7	337.7	480.1	546.7	406.4	707.2	983.9	1042.2	526.5	513.3
"U08377_at"	1624.7	1818	184.1	2836.8	932.9	1136.6	1628.7	2261.5	1158.4	1425.3
"U08438_at"	453	753.9	366.5	490.5	515.1	948.4	1169.4	285.8	692.5	959.5
"U08471_at"	282.1	3296	3051.6	160.2	1414.7	86.2	183.4	285.1	250.6	209.7
"U08815_at"	1403.3	1034.1	1643.1	2464.4	744.4	894.5	2339.7	2306.4	2008.1	1139.4
"U08854_s_at"	648.3	230.7	542.6	299.1	161.8	199.5	580.1	218.6	307.5	94
"U08989_at"	203.8	409.9	428.7	669.7	166.7	233.7	269	202.3	275.9	32.1
"U08998_at"	1280.6	314.3	527.3	1662.5	184.1	201.5	2788.1	1675.6	1479.7	334.4
"U09002_at"	166.1	590.3	287.7	288	183.6	224.8	340.6	118.7	117.7	48.9
"U09087_s_at"	112.6	127.2	145.3	27.6	157.3	51	178.4	120.1	181.9	64.9
"U09117_at"	5171.8	5383.6	4040.9	6008.2	3827.7	4908.3	7808.8	6857.3	6243	5329.9
"U09178_s_at"	731.2	542.2	1511.9	356.7	1330.4	417.2	800.8	1443.6	899.8	942.4
"U09196_at"	8679.4	7558.4	9001.4	4543.2	3382.2	4439.5	7054.3	6821.1	6065.5	5591.6
"U09210_at"	198.6	136.2	217.4	334.1	216.2	187.2	388.9	290.1	207.5	196.5
"U09278_at"	41.5	76.4	8.4	60.3	11.8	15.8	137.7	32.7	23.9	9.3
"U09279_at"	18.7	169.8	19.4	137.3	75.7	10.2	28.8	181.2	59.3	55.9
"U09284_at"	1607.4	1074.6	514.5	589.3	676	1445.3	2261.2	946.9	954.9	2368.8
"U09303_at"	1179.2	1377.2	1621.9	2323.8	991.7	1131.3	1449.9	2264	1280.2	1086
"U09366_at"	1203.7	528.8	587.1	2336.9	255.8	623	817.8	1237.5	687.4	518.2
"U09367_at"	721.1	1143.1	1126.7	1676.2	1271.8	887.3	269.2	813.5	614.4	1064.6
"U09368_at"	59.2	38.3	136.5	428.8	196.3	89.6	25.9	186.9	116.6	22.8
"U09410_at"	864.7	1074.2	1672.7	1594.8	1527.8	839.1	1122	1574.9	1129.1	640.9
"U09411_at"	614.1	450.4	350.9	1236.8	388.3	331.4	643.6	604.8	486.2	303.6
"U09412_at"	725.4	807.3	1049.4	1029.4	1124.6	834.5	753.6	1157.2	802.2	890.5
"U09413_at"	133.4	97.2	101.4	477.8	119.2	19.4	29.5	195.4	25.6	72.7
"U09414_at"	196.4	317.9	217	877.7	27.6	148.7	367.6	410.8	342	69
"U09477_at"	1524.1	1483.5	1416.2	5512.2	1748.3	1550.3	1354.2	1338.9	1509.5	1112.7
"U09510_s_at"	5594.6	4554.4	3311.4	3441	4356.2	8004.1	9129.3	4247.9	3757.4	5309.1
"U09550_at"	312.5	119.8	106.3	236.8	94	142.8	145.8	133.6	129.5	84.7
"U09564_at"	937.6	1126.3	679.6	964.2	1103.7	1128.8	1149.3	973	916.9	779.5
"U09578_at"	6060.5	3338.2	6716.2	1022.9	2462.2	4982.9	2953.1	6658.3	5249.9	3767.1
"U09579_at"	17164.2	17800.4	8234.5	2920.8	15210.8	11635.9	7195.5	3707.5	7300.1	11827.7
"U09584_at"	2630	1456.6	1437.1	2238.6	1257.8	1747.3	2457.8	2365	1603.2	1673.1
"U09587_at"	8456.5	8666.7	5374.1	5744	6896.1	16135.7	10083	6190.4	6348.2	7339
"U09607_at"	391	373.1	278.1	958.5	827.3	1256.1	356.3	295	387.7	907
"U09609_at"	185	327.1	142.7	568.7	380.2	196	122	479.2	381.3	151.7
"U09646_at"	593.8	93.7	834.9	501.3	176.3	349.4	282.3	908.3	949.7	306.5
"U09716_s_at"	438.7	742.8	361.9	511.3	353.8	286	150	444.6	259.8	324.3
"U09759_at"	1699.9	1177.4	1423.1	1921.2	1353.2	1634.7	2068.7	2737	1604.4	1925.1
"U09770_at"	5966.5	22933.7	19567	18765.3	11982.6	14242.9	4175	13380.9	23233.6	9455.1
"U09813_at"	24442.6	19922.2	27205.1	10716.7	12565.5	21589.3	31020.7	26041.4	27860.4	22994.5
"U09820_s_at"	1105.7	1225.4	1026.7	1123.8	882	1072.1	989.9	1358.4	752.4	800.2
"U09825_at"	5303.8	6981.3	13208.1	9978.3	5013.3	6638.4	4534.7	4907.3	6884.6	6143.2
"U09848_at"	722.9	423.6	581.9	697.6	313	730.8	413.4	1033.7	611.8	502.7
"U09850_at"	638.4	353.4	1062.8	1585.9	796.9	1226.7	1743.3	775.1	724.2	788
"U09851_s_at"	497.6	747.8	631.3	920.2	426	278.3	787	716.7	526.1	527.3
"U09860_at"	162.7	190.3	29.4	38.7	15.5	16	21.9	227.2	25	8.2
"U09877_at"	2793.4	1748.9	2064.7	3104.3	940	1918.6	3641.4	1781.5	900.1	1414.7
"U09937_rna1_s_at"	138345.8	58934.1	26980.3	2808.7	78614	78180	68554.8	30287.9	40735.8	43051.2
"U09953_at"	33678.2	52302.3	58849.5	48556	56365.3	31491.3	37566.6	34519.6	44998.4	45822.3
"U10099_s_at"	2285.6	1960.1	1467.5	1642.1	999.2	1890	2117.4	224.7	738.7	916.7
"U10117_at"	1940.1	1533.4	1882.4	1331	1548.2	1644.9	1871.2	2263.3	2078.1	2297.1
"U10323_at"	2473.1	2383.1	4245.6	3622.5	4028.8	4517.6	2279.8	4369.5	5266.7	4477.6
"U10324_at"	1435	1096.5	2076	5259	3060.8	2820.6	1722.5	3616.3	3717.1	4329.6
"U10362_at"	7108.9	3188.8	6054.9	5915.4	4010.8	3657.1	4074	7436.8	6832.9	4595.5
"U10439_at"	12868.1	8336.7	7463.5	6087.9	6850.4	7286.3	6999.8	13126.7	9560.6	8409.5
"U10473_s_at"	175.4	521.8	127.8	64.6	236.9	537.5	326.9	295.1	87.1	54.6
"U10485_at"	109.3	124.1	589.8	604.9	475	135.3	333.3	610.9	504.6	383.8
"U10492_at"	107.1	32.8	132.9	38.9	73.4	14.1	43.9	12.4	13.4	54.8
"U10550_at"	3033.3	4140.7	485.5	374.6	2800.2	4171	369.6	285.3	1042.6	2123.4
"U10685_at"	412.2	207.7	171.5	107.8	69.7	177.2	417	433.9	454.3	99.6
"U10686_at"	669.5	256.6	140.8	311.3	390.9	251.4	1050.2	290.8	161.4	116.8
"U10687_s_at"	79.1	95.2	53.4	209	55.5	153.9	292	454.3	83	147.5
"U10689_f_at"	128	60.5	34.3	38.5	13.6	29	108.3	29.1	42.5	17.3
"U10690_f_at"	73	72.7	99	555.3	63.6	140.7	117.5	144.7	97.8	23.8
"U10693_at"	89.6	96.2	44.7	658.4	83.8	63	234	172.1	40.8	124.8
"U10868_at"	6409.4	3064.1	7054	39321.3	4880	3407.4	4026	11056.2	9301.2	6804.6
"U10886_at"	843.5	822.5	195.8	172	726	2571.7	1269.3	361.4	407.8	248.2
"U10991_at"	554.5	450.8	95.9	905.5	619	522.7	1190.6	897	497.6	433.6
"U11036_at"	68.1	143.8	355.5	137.6	136.6	87.3	835.7	123.5	167.5	319.7
"U11037_at"	1335.8	978.8	1602.1	1179.4	1452.1	961.8	2241	1978.5	1163.9	1886.8
"U11090_at"	750.4	1562.4	881.8	2007.8	993.2	774.4	693.5	1399.6	1232.9	806.7
"U11287_at"	60.8	70.8	92.8	70.9	79.9	57.3	146.2	84.9	46.7	34.3
"U11292_at"	2053.1	2607	2614.3	2363.3	1386.1	2570.1	1089.7	2593.6	1589.1	2092.2
"U11313_at"	596.1	619.2	1704.1	1715.3	2363.5	1793.1	145.2	2077.2	1535.5	2366.7
"U11690_at"	86.7	290.5	357.4	228	45.3	161.8	112.1	466.8	231.9	288.5
"U11701_at"	74.5	83.5	74.6	138.7	77.7	74.5	97.7	129.8	40.5	58.9
"U11717_s_at"	143	84.7	148.4	112.3	46	173.9	250.6	101.5	175.9	252.4
"U11732_at"	1442.8	951.2	881.4	259.6	455	943.2	1373.2	726.2	742.2	806.1
"U11791_at"	1258.9	1815.3	3581	2206.8	3472.2	1981.8	1463.8	1913.9	3166.2	2395
"U11821_s_at"	229.2	286.7	236.6	458.6	234.5	204.2	539.1	17.8	351.1	122
"U11861_at"	10650.6	9577.7	11270.4	12497.6	5320.2	6784.6	8331.6	6717.2	9070.8	6963.9
"U11862_s_at"	228.5	507	197	777.8	169.3	542.3	216.2	221.7	160.3	110.5
"U11863_at"	544	959.1	474.1	655.4	515.5	604.3	1080.2	763.1	659.5	521
"U11870_rna1_at"	1036	1851.7	458	1631.7	591.1	387.2	1060.3	752.5	867.3	697.4
"U11872_at"	943.1	855.2	904.6	1903.7	716.2	1120.6	1183.5	1440	685.5	1149
"U11875_s_at"	585	343	724.1	854	361.7	416.7	940.7	681.6	658.1	284.7
"U11877_at"	847.9	559.2	761.7	1731.6	765.6	646.4	1238.8	1319.5	1483.5	646.6
"U11878_at"	279.7	74.1	78	439.9	236.2	13	597.1	280.5	32.8	79.8
"U12139_at"	873.5	1022.5	891.1	463.8	1506	324.9	1694.1	231.7	340.2	842.3
"U12140_at"	513.1	390.8	254.9	397.5	115.7	257.5	600.1	258.3	17.5	65.3
"U12255_at"	18477.7	22311.9	48321.3	15457.9	27659.6	21671.9	37493.9	39508.1	42181.7	29245.8
"U12259_cds2_s_at"	191.7	127.5	85.9	133.9	72.6	99.5	127	29.2	47.5	48.1
"U12387_s_at"	3426.4	1823.3	2932.4	957.8	2059.1	2351.7	3050.1	3900.4	3180.6	2912.2
"U12404_at"	25696.8	36820.5	54744	54938.5	51643.8	29446.2	45794.7	38767.9	50331.2	46974.5
"U12424_s_at"	547.4	567.9	316.8	31.2	349.6	1193.6	498.9	439.3	258.8	540.3
"U12465_at"	36306.3	37139.8	66693.1	40254.2	43531.1	28814	54394	29178.9	38771	41906.4
"U12471_cds1_at"	884	131.7	390	828	397.7	108.9	505.2	797.5	309.7	119.6
"U12535_at"	335.5	575.1	422.8	2936.7	223.4	363.3	222.1	369.6	247.9	66.7
"U12595_at"	5061	2194.7	5900.6	8653	2214.3	1851	4634.6	3840.5	5019.8	3464.1
"U12622_at"	94.7	72.7	61.7	576.8	330.1	69.9	591.3	82.5	149.1	202.1
"U12707_s_at"	1338.5	1414.8	1767.3	324.2	1100.1	1063.1	3850.7	1611.7	1234.7	1186.9
"U12767_at"	1333.1	6548.8	381.9	1179.6	21209	6488.1	876.9	739.5	11105.1	11367.4
"U12775_at"	557.2	231	679.9	729	306.7	318.9	1038.1	338.9	323.9	411.6
"U12778_at"	423.7	474	303.7	498.6	340.8	318.3	32.9	300.6	429.9	304.7
"U12779_at"	5347.2	4131.2	4401.9	10092.7	4497.1	4186.6	6704.1	4710.1	4617.3	3971.9
"U12897_at"	221	22.5	11.4	351.2	33.2	28.1	89.8	126.7	115.9	9.1
"U12978_at"	24.2	110.2	46.4	659.2	101	47.1	58.2	90.1	164.4	13
"U13021_s_at"	126.4	84.7	64.6	68.9	60.4	31.3	142.7	51.6	38.5	19.6
"U13022_at"	139.5	330	299.1	233	352.4	307.8	471.1	695.8	305.5	55.7
"U13044_at"	361.3	683.6	594.2	404.8	541.9	440.1	464.5	569.3	410.3	336.9
"U13045_at"	374.6	777.1	154.6	366	1241.3	666.9	316.5	94.9	225.9	610.9
"U13061_rna1_at"	43	42.1	14.1	52.8	25.6	38.9	233.4	37.5	23.7	8.7
"U13219_at"	74.7	28.9	11.6	42.7	12.6	14.7	24.1	11.5	16	7.1
"U13220_at"	117.6	108.3	39	101.4	33.1	54.9	34	64.1	58.1	16.5
"U13369_at"	144.2	148.4	47.3	49.4	43.8	63.2	67.4	59.1	55.8	12.5
"U13395_at"	698.3	801.3	616	1516	243.4	891.9	255.3	839.7	440.8	505.8
"U13616_at"	20.5	18.4	6.8	3950	5.3	7.5	18.4	6.8	7.8	3.7
"U13666_at"	122.6	97.8	65.2	554.7	87.4	71.9	1041.2	133.3	215.3	47.2
"U13680_at"	480.7	68.6	158.1	149.1	82.1	327.2	64.5	104.1	138	26
"U13695_at"	395	383.3	151.2	1548.2	321.4	14.8	572.8	494.4	154.6	61.5
"U13696_s_at"	274.2	217.6	387.7	664.1	487.7	638.7	591.8	854.6	220.4	603.3
"U13706_at"	661.4	302	93.7	601.3	141.8	106.4	583.1	136.4	106.9	145
"U13737_at"	1126.3	2227	1172.4	2129.8	1351.9	1312	882.6	1194.4	1192.3	920.1
"U13896_at"	182	34	25.8	87.1	42	58.6	96	126.4	77.6	12.6
"U13913_s_at"	145.2	31.5	105	25.3	14.3	15.5	67.4	109.7	53.3	7.5
"U13948_at"	288.4	278.7	361.2	59.1	37.2	61.1	175.3	334.8	426.4	79.7
"U13991_at"	9564.9	6666.4	13192.2	5268.7	6631	4815.1	13391.3	10898.9	8434.3	9880.3
"U14187_at"	1120.1	1252.7	249.5	286	485.5	435.2	414.3	251.3	407.9	543.8
"U14193_at"	4420.2	2525.1	4421.3	4737.6	5846.9	3032.3	3459.2	4866.6	4754.5	4742.6
"U14383_at"	477	439.5	688.5	1124.2	782.6	716.3	1572.7	1246.2	714.6	151.8
"U14391_at"	2151.8	3913	2364.5	6718.9	2321.3	3972.5	2961.2	4167.7	3330.8	2329
"U14394_at"	693	505.2	1198.1	3077.1	405	1765.4	996	1265.9	764.2	799.3
"U14407_at"	279	769.9	332.6	42.8	222.8	389.7	255.9	310.9	325.6	143.9
"U14417_at"	1720.2	997.5	926.8	1854	1140.9	1719.5	2181	2252.8	1461.3	1439.9
"U14518_at"	48.5	175.6	220.8	123.8	175.9	159	204.7	197.3	233.1	96
"U14528_at"	401.3	419.2	319.9	665.3	263.2	214	574.1	181.1	453.7	420.1
"U14550_at"	1921.7	433.7	1964.6	11427	1139.6	604.1	472.5	958.6	1250.7	1937.2
"U14575_at"	2209.4	1162.7	1100.3	2002.2	701.9	1334.3	1221.9	1755.5	1749.9	1017.4
"U14577_s_at"	1272.2	278.4	266.4	411.5	321.4	236.7	1050.8	341.5	199.5	171.6
"U14588_at"	2328.3	949.5	686.6	9320	791.5	1502.6	1270.8	873	817.4	672.8
"U14603_at"	20812.4	10173.7	15063.1	7372.9	6441.9	8251.5	9299.2	10621.9	8313.1	10994.5
"U14747_at"	563.3	261.8	125	207.5	105	211.3	321.3	196.5	203.9	66.5
"U14910_at"	278.4	111.7	428	1159.7	347.8	204.4	194.8	120.5	30.4	123.4
"U14968_at"	44007.3	46643.3	71000.5	40590.6	64399.1	43217.4	32472.8	40741.4	52457.3	51139.7
"U14969_at"	94094	153984.8	126183.2	84773.3	65052.1	70527.6	75989.8	72122.8	85979.8	80197.6
"U14970_at"	32429.7	42930.7	63703.6	44746	27507.8	33932.9	52020	35479.3	51584.9	48904.1
"U14971_at"	13990.6	31726.8	55759.6	16805.9	11537.6	12043.5	33017.1	18093	36058.2	32348.7
"U14972_at"	34904.2	45746.3	66713.6	39644.1	42523.4	32212.2	53156.5	39982.4	44727.9	47094.1
"U14973_at"	89102	125496.7	84552.6	59470.8	68330.2	64909.7	105836.6	51672.5	67116.6	63834.1
"U15008_at"	17002.9	16209.9	21041.5	24770.8	16861	9572.8	22156.5	16301.8	18413.3	16302.5
"U15009_at"	2362.1	2189.3	2749	2395.6	1878.7	2139.6	2655.8	2039.2	2361.6	2175.8
"U15085_at"	19183.8	17512.2	52591	4949.9	32943.1	23128.6	16067.1	38746.3	47452.1	35912.2
"U15128_at"	1146.2	856.3	830	997.1	1078	1440.7	1031.4	1210.7	1174.3	1339.4
"U15131_at"	267.9	343.4	1484.4	10353.4	237.2	153.9	263.1	320.8	1094	235.6
"U15172_at"	1184.8	1195.4	485.9	2181	1331.1	1088.5	2110.8	1506	1256.9	1183.5
"U15173_at"	1803.9	1591.3	1293.6	1416.5	3712.7	2834.2	1336.4	3922.6	3788.6	3556.3
"U15174_at"	593.4	277.3	680.2	1000.3	74.8	1019.6	1118.5	456.8	246.4	215.9
"U15177_at"	1300.5	1276.5	1664.6	2596.6	1415.7	1381.8	2494.9	2042.2	1811.3	1499.1
"U15197_at"	1031.6	637.6	162.8	779	991.5	757.9	1069.8	578	581	509.4
"U15306_at"	646	463.2	446	2404.4	146.3	602	766.2	863	381.7	670.3
"U15422_cds2_at"	37.2	34.1	64.1	48.1	24.4	19.6	44.4	38.1	24.2	17.4
"U15460_at"	205.9	1103.9	763.9	190.1	139.9	1097.3	234.9	548.4	105.5	161.3
"U15552_at"	3804.6	8267.9	3119.5	2123.2	7932.7	8212.3	1832.9	2178.2	2314.6	5962
"U15555_at"	93.1	116	333.6	521.5	40.3	120.3	195.5	147.8	193.3	53.5
"U15590_at"	53.2	137	32.2	85.8	53.3	16.8	41.8	58.6	58.4	14.7
"U15637_s_at"	2003.1	2271.7	1020.7	1999.8	2524.6	2630.7	3468.1	1278.4	1339.1	1300
"U15641_s_at"	1788.8	561.1	684.7	186.1	691.9	1169.9	2989.5	1855.9	423.4	1555.7
"U15642_s_at"	175.7	269	274.3	568.5	150.8	125	96	345.1	295.8	165.3
"U15655_at"	1487.1	2312.5	1249.8	2846.5	1514.8	1071.9	258.7	480.1	2921.7	2447.5
"U15782_at"	1729.6	1757.9	1907.5	3984.3	2363.7	1857.2	1025.1	2553.4	2136.1	920.8
"U15932_at"	4590.7	20353.5	2794.9	761.7	17102.5	16356.3	1308	1334.8	1845.3	8662
"U16031_at"	1512	596.6	949	1149.2	624.4	1043.3	1195.9	1410.4	785.3	783.7
"U16120_s_at"	120	201.4	19.4	348.7	419.3	405.7	551.6	265.5	315.3	267.6
"U16126_at"	389.5	52.6	38	213	530.3	78.1	109.9	314.3	43.9	164.8
"U16127_at"	330.3	586.9	530.7	1016.7	323.4	308.3	56.2	478.8	281.7	306.6
"U16129_at"	415.8	567.3	355.9	248.9	221.5	74.3	53.4	74.9	319	246.9
"U16258_at"	79.2	319.3	107	67.8	96.3	82.5	216.2	187.9	72.9	94.8
"U16261_at"	169.6	39.2	15.7	146.6	34.8	84.2	67.6	268.8	168.2	18.1
"U16282_at"	482.8	1051.7	947.8	1298.9	830.1	906.6	1829.9	1400.9	711.6	572.9
"U16296_at"	313.9	581.5	286.9	262.8	185.9	112.6	514	184.9	315.4	212.3
"U16306_at"	510.2	512.9	686.9	1332.8	841.2	461.6	500.7	2611.3	3134.2	2087.4
"U16307_at"	448.2	746.4	400	162.2	1044	446	284.2	680.8	631.1	665.7
"U16660_at"	13637.3	9133.3	19203.7	6261.8	11500.4	5756.7	8439.8	13102.4	14383.5	11788.6
"U16720_rna1_s_at"	619.4	344.1	64.5	331.5	36.9	756.4	867.2	227.8	522	36.6
"U16799_s_at"	9508.5	10477	13889.9	22032	23002.8	14385.5	7230.6	16312	17304.7	18138.9
"U16811_s_at"	2065.4	1365.5	1157.4	203.2	544.9	863.5	1859.2	1914.9	1398.2	976.9
"U16812_s_at"	664.2	951.3	407.1	579.5	757.4	493.6	1493.8	1420.3	1037.8	795.2
"U16861_at"	213.9	402.7	175.6	552.5	310.5	65.6	741.6	504.5	311.7	260.8
"U16954_at"	95.8	1086.8	40.3	455.7	987.2	952.7	644.1	679.9	542.3	781.6
"U16997_at"	365.4	418.8	112.7	1568	122.6	244	829.5	634.9	170.1	463.4
"U17032_at"	65.7	61.3	156.1	186.7	105.2	22.5	333.7	187.6	34.9	90.7
"U17033_at"	53.3	233.9	11.8	100.7	19.9	13.7	16.8	35.9	112.6	5.2
"U17034_at"	40.9	29.9	13	80.6	47.1	59.5	15.3	57	118.2	14
"U17077_at"	122.7	407.1	147.8	1464.5	60.5	74.9	189.2	106.1	79.2	31.1
"U17163_at"	421.6	256	185.2	526	199.1	222.7	532.7	331.2	312.6	170.9
"U17195_at"	61.1	287.7	86.9	1108.9	126.7	225.6	420.1	218.3	436.2	146.8
"U17280_at"	49.3	43.8	35.2	71.7	22.8	22.9	55.2	49	99	25.9
"U17327_at"	1226.3	1113.8	1125.6	1789.9	1067.8	906.9	971	2090.3	1119	739.1
"U17418_at"	110.7	274.4	80.7	183.3	91	103.5	191	170.1	97.3	92.9
"U17566_at"	378.8	395.4	1942.5	308.9	1294.3	800.6	674.3	1877.8	1791.9	843.5
"U17579_rna1_at"	811.1	498.7	265.9	514.3	470.9	540.7	509	1059.7	358.3	277.9
"U17714_at"	687.8	602.1	955.7	1344.7	903.5	773.6	660.8	1229.5	1310.5	901.9
"U17743_s_at"	508	52.4	189.8	393.4	349.1	335.1	810.9	504	236.2	538.6
"U17760_rna1_at"	1474.6	1655.1	66.2	2818.4	433	781.2	1061.8	478.9	81.6	233.1
"U17838_at"	2580.2	1267.1	1251.1	889.5	632.9	937.4	1639.9	720.8	910.3	660.7
"U17886_at"	7664.4	4973	6424.9	3266.6	3469.7	4383	5342.9	5874.3	4838.8	5361.4
"U17894_at"	608.1	1238.4	669.8	1240.1	688.1	762.4	1161.4	1155.7	748.7	534.2
"U17969_at"	1375	923.7	1164.2	470.2	380.4	662.2	1751.1	197.3	597.4	427.9
"U17977_at"	139.7	68.9	115.7	139.1	80.2	63.5	122.3	163.3	56.3	74.6
"U17989_at"	799.3	1113.2	517.7	980.4	1894.8	2813.4	157.2	1191.4	787.9	1619.7
"U18004_at"	53.5	33	19.4	50.2	10.1	9.5	27.5	14.5	13.4	6.9
"U18009_at"	10579.4	10227.8	11829.2	2159.5	5996.5	16199.2	26798.5	21885.8	17224.9	15408.9
"U18018_at"	402.2	843.2	260.6	575.6	174.7	807.7	498.1	336.1	205.5	435.4
"U18062_at"	1012.2	1675.8	1711.3	3344.1	1645.9	1728.8	727.1	1669.2	2006.1	1860
"U18088_s_at"	1076.3	104.1	108.7	115.6	40.9	57.3	804.9	722.4	63.1	69.7
"U18235_at"	686.7	335.8	144.3	284.8	118.3	294.1	283.1	187.5	189	145.8
"U18237_at"	294.1	73.2	46.2	389.1	65.4	61.9	147.1	350.4	368.1	26.7
"U18242_at"	755.5	946.6	2016.2	3263.5	1455.4	1144.8	578.6	1622.3	2455.4	2429.2
"U18244_at"	301.1	338	227.2	546.9	182.1	217.7	264.2	345	243.2	281.3
"U18259_at"	157	61.9	643.2	214	354	453.8	604.2	945.3	812.2	318.2
"U18271_cds1_at"	185.5	95.7	171.7	68.1	28.6	91.9	76.9	249.6	36.9	117.4
"U18271_cds3_s_at"	487.4	76	369.7	410	324.4	362.4	606.6	513.7	328.7	233.5
"U18288_at"	73.3	439.6	62.9	163.2	98.4	58	207.1	293	219.4	64.1
"U18291_at"	1684	1631.9	1820.5	5516.3	1628.6	1822.1	1800.7	3613.1	2370.4	2095.6
"U18297_s_at"	105	64	158.8	31.3	33.6	76	201.2	65.4	46.9	20.1
"U18300_at"	2788	1236.5	2352.8	3143.8	2009.8	1099.6	2132.8	3455.6	2134.9	2371.3
"U18321_at"	2861	1819.7	2348.2	2213	2438.2	2091.7	1995.9	2449.3	3208.4	2295
"U18383_s_at"	178	504.2	160.9	773.9	378.6	318	47.3	177.6	69.8	302.1
"U18422_at"	257.5	109.1	47.6	301.3	118.9	114.1	360.7	36.2	210.9	31.3
"U18467_at"	54	188.9	324.7	276.2	77.1	167.9	302.2	485.2	238.4	104.6
"U18543_at"	543.8	509	338.5	1295.4	428	294.8	866.8	620	304.2	333.6
"U18548_at"	343	725.8	1234.7	1523.8	1457.3	1119.1	600.9	339.2	1647.9	1073.5
"U18549_at"	481.6	286	380.5	313.5	188.2	264.3	497.5	289.6	155.3	175.7
"U18550_at"	351.9	336.1	485.7	162.5	245.1	104.2	192.7	195	95.3	85.7
"U18671_rna1_at"	1008.6	470.6	837.3	476.5	417.7	782.8	803.5	1058	491.5	447.8
"U18914_at"	34.4	149.3	304.1	122.5	19.3	21.1	316.2	186.1	82.2	10.1
"U18919_at"	2133.4	1229.8	1875.8	2923.4	955.9	1786.2	236.2	1876.9	1655.7	1056.9
"U18932_at"	335.7	162.4	503.6	197.9	307.7	458.4	211.7	917	796.2	460.7
"U18934_at"	90.9	281.1	173.7	905.2	257.1	249.7	345.1	35.9	62.4	126.5
"U18937_at"	2797	1369.9	1315.5	2108.9	889.5	1501.4	1548.6	1955.5	1475	1355.5
"U18985_at"	33.9	67	27.3	25.1	16.4	63.8	36.9	184.3	23.8	7.9
"U18991_at"	249.2	151.6	150.4	107.9	132.5	5.1	35.3	44	8.6	3.3
"U19107_rna1_at"	27.5	156.3	13.2	277.7	19.9	13.8	242.1	24.5	93.8	8.7
"U19142_at"	171.2	164.4	361	230.3	200.3	225.3	378.9	334.2	321	91.6
"U19147_s_at"	234.5	136	100.4	56.4	14	67.8	74.3	192.7	13.4	4.2
"U19180_at"	182.7	108.8	27.7	188.8	50.7	28.8	197.7	36.3	85.3	20.9
"U19247_rna1_s_at"	5985.1	2508.2	5116.8	2105.5	3867.2	4653.8	3650.2	7469.1	3531.9	5327.7
"U19251_s_at"	178	235.8	351.2	820.8	174.5	116.4	52.2	439.3	251.1	136.7
"U19252_s_at"	1334.5	1241.3	714.4	1021.9	973.8	1447	1598.7	795.2	746.2	1011.9
"U19261_at"	4913	8377	867.6	1608.2	2374.6	17111.2	2845	930	1029.6	1428.5
"U19345_at"	644.6	535.1	408.3	1099.1	503	563.7	711.7	494.5	496.2	377.1
"U19487_at"	605.5	270.2	209	464.5	400.7	347.7	106.7	514.8	503.8	315.7
"U19495_s_at"	121.5	52.8	123.6	9.7	106.7	11.2	13.3	150.9	15	2.2
"U19517_at"	98.6	73.9	57	89.1	66.5	50.7	72.9	80	89.9	45.2
"U19523_at"	1679.1	1949.2	751	481.6	4329.7	5586.5	464.9	294.5	545.2	910.7
"U19557_s_at"	110.8	315.3	146.1	1332.2	289.3	344	418	309.6	333.1	219.5
"U19713_s_at"	3460.1	10238.4	18529.1	659	10324.8	4687.6	4091.8	8386.2	9551	8415.4
"U19718_at"	225.5	440.9	721	645.1	220.1	440	2057.3	355.9	494.9	201.5
"U19765_at"	408.8	410.7	48.8	237.5	64.5	128.8	504.4	101.6	78.7	54.7
"U19796_at"	4584.7	2287.1	3610.7	7811	3052.8	2472.3	4100.7	4377.3	4505.4	3246.7
"U19878_at"	364.8	134.4	311.4	17.8	192.2	167.7	282.4	515	335.2	191.6
"U19906_at"	364.8	247.2	208.1	255.6	103.5	17	127.3	181	216.3	76
"U19948_at"	484.5	498.3	767.6	853.6	441.1	216.7	1188.1	203.5	416.8	321.4
"U19977_at"	1197.6	350.8	501.1	1282.1	314.3	620.7	927.7	542.9	344.4	245.7
"U20158_at"	8390.4	7046	6286.6	1235.3	4390.3	9305.5	4432.4	4805.1	2869.9	4014.1
"U20230_at"	259.2	266.9	240.1	290.3	296.3	136.1	218.3	154.5	140.3	253.4
"U20240_at"	1551	1740.7	1192.5	673.7	1414.8	1335.9	2284.3	1653.7	1402.1	1880.8
"U20285_at"	6601	4035.3	5807.2	8023.7	3574.4	3760.7	10265.6	7561.5	6125.5	5001.6
"U20325_at"	309.9	76.1	723.7	440.5	94.7	65.7	443.7	164.8	287.4	56.1
"U20350_at"	276.4	84.9	48.5	321.3	131.2	126.9	266.3	353	332.5	82.9
"U20362_at"	449.9	187.7	237.4	2967.8	118.6	43.1	260.7	410.4	275.7	163.7
"U20391_rna6_at"	2026	3724.6	8080	11146.6	6651.7	3865	2389.8	2792.6	3587.8	4952.2
"U20428_at"	1211.8	962.9	516.9	3130	471.7	844.7	2200.5	622.6	996.4	1035.7
"U20499_at"	1679.2	1266.2	1092.4	2929.4	264	1018.4	1654.6	1173.3	851.6	552
"U20530_at"	453.7	533.7	765.8	1262.1	391	359.8	489.9	737.1	510.8	484.2
"U20536_s_at"	641.5	74.3	601	632.4	558.4	466.4	701.5	558	600.4	157.4
"U20582_at"	1461.1	1114.4	1022	1564.5	918.7	758.3	1344.4	1420.4	904.8	905.2
"U20647_at"	2950.3	2928	1201.2	1837.6	1593.8	4459.3	1424.6	1817.8	1181.3	2030.9
"U20648_at"	38.6	27.9	25.3	34.7	81.6	33.9	60.1	16.9	41.4	38.3
"U20657_at"	4346	1491.1	2764.3	5265	1858.5	1933.6	2444.2	3832.6	2608.9	2552.9
"U20734_s_at"	4812	7602.2	10429.6	1296.6	2517.5	4187.3	5392.2	2921.8	9918.5	6627.1
"U20758_rna1_at"	1766.7	485.5	384.4	1477.4	612.4	4629.6	4488.9	3559.4	2566	7047.8
"U20759_s_at"	160.9	46.9	26.9	84.4	55	59.1	71.7	41.3	37.9	22.3
"U20760_at"	509	737.4	518.9	759.3	408.1	489	361.3	878.2	234	143.4
"U20816_s_at"	145.6	102.2	126.4	68.5	61.4	99.9	111.4	101.8	53.3	61.6
"U20860_at"	137.9	45.7	82.2	15.7	19.7	16.4	16.6	29.9	14.8	6
"U20908_at"	1006.9	1283.3	1011.1	1516	473.8	368.1	1035.8	494.7	799.4	643.8
"U20938_at"	1316.1	564.7	2546.2	830.7	3721.3	1549.7	648.2	3345	2301.2	2200.3
"U20979_at"	977.5	268.2	846.2	1234.9	262.6	260.5	919.1	1180.6	1129.7	444.1
"U20980_at"	105.8	71.4	41.1	63.4	30.1	40.9	109.3	45.7	56.4	28.2
"U20998_at"	5128.3	4784.2	5982	12559.4	7878.8	6639.9	3743.6	6724.7	6491.7	6947.3
"U21049_at"	168.2	106.1	54.2	1056.1	30.1	85.3	70.8	78.7	38.7	33.7
"U21051_rna1_at"	161.6	523.1	152	258.7	276.7	237	46.5	82	214.9	27.1
"U21090_at"	902.7	545.8	1414.6	7386	247.8	650.2	1737.8	1733.8	1443.5	912.4
"U21128_at"	173.9	187	13.7	17.8	20.9	7.6	37.7	12.6	141.9	4.4
"U21551_at"	708.2	1336.4	524.8	515.8	509.9	1034.9	1954.5	761.9	454.8	842.1
"U21556_at"	315.3	174.1	279.2	79.7	243.9	122.1	451.7	142.8	77.2	175
"U21689_at"	297.7	394.8	276.9	364.7	362.5	463.3	427	289.5	207.4	283.8
"U21858_at"	1032.4	2354.5	1832.6	2205.5	6636.5	3222.8	922	2339	2397.2	3813.7
"U21931_at"	70121.6	110144	158619.5	9852	119871.4	91565.6	213338.3	120515.3	156069.8	95191.1
"U21936_at"	331.3	339	417.8	594.7	642.8	196.2	153.3	257.4	192.6	188.3
"U21943_at"	145.4	136.6	103.2	369.4	184.9	9.8	20.8	221.6	196	44.4
"U22028_at"	224.9	184.6	171.8	1080.4	180.9	188	415.3	289.8	354	265.9
"U22028_r_at"	703.8	1540.9	680.5	187.4	111.6	644.7	87.9	308.2	276.9	285.4
"U22029_f_at"	177.9	99.9	85.7	1220	91.5	220.2	309.1	250.2	262.7	71.3
"U22055_at"	8888.3	4239.8	14073.8	10435.3	7100.8	7636.6	11487.1	9076.2	12587	10942.7
"U22178_s_at"	100.2	6111.7	153.1	56248.6	537.7	1041.9	118.8	896.2	359.7	30.9
"U22233_at"	120.1	372.3	189.6	533	238.7	126.9	177.6	495.2	447.5	179.3
"U22314_s_at"	134.9	95.4	65.7	36.1	13.4	67.5	34.9	231.5	55.3	79.7
"U22322_s_at"	215.2	219.1	15.7	208.7	12.4	48.6	212.4	8.9	76.9	38.6
"U22376_cds2_s_at"	237.4	942.6	2606.5	5789.6	2264	188.6	136.6	1017.6	691.9	325
"U22377_at"	764.3	1308.9	583.1	919.4	1351.2	2113	689.8	653.6	935.7	813.1
"U22398_at"	109	1212.5	1284.5	595.8	100.7	221.8	404.1	76.8	66.5	39.2
"U22431_s_at"	2207.7	3004.6	610.1	567.3	2043.3	3724	1030.2	880.9	822.1	1969.1
"U22526_at"	696.4	187.2	116.6	153.8	131.4	638.1	1293.9	127.8	115.9	345.1
"U22662_at"	17616.2	9172.9	4558.9	1198.9	4718.2	11992.9	9067.9	4414.6	3329.1	3731.8
"U22680_at"	18.2	43.8	18.7	72.4	56.4	41.2	73.6	40.2	58	31.3
"U22815_at"	211.4	204.3	39.9	35.9	417	247	190.6	318.9	229.6	284.8
"U22816_at"	359.7	147.1	294.1	174.6	219.2	228.4	406.3	422.6	266.7	321.7
"U22897_at"	2300.4	1705.3	2616.4	1761.2	3015.2	2799.4	1314.7	2926.9	2238.6	2091.4
"U22961_s_at"	254.5	301.4	357	562.9	164.9	126	665	191.9	423.3	30.8
"U22963_at"	1653.3	910.7	2228.4	1094.4	1398.2	1965.5	2956.3	2147.1	1994.6	1735.5
"U22970_rna1_s_at"	7095.3	4088.7	4310.1	345	1151.1	1640.3	4366.7	2812	1828.6	2471.9
"U23028_at"	1673	1427.6	1258	2285.9	1084.8	1557.7	1303.4	1511.4	1045.3	1023
"U23070_at"	793.8	1115.8	536.1	1731.1	1049.1	394.6	246.9	310	294.2	396.7
"U23143_at"	1514	625.1	1534.9	1507.5	742.8	1180.1	1125.4	1829.6	1519.1	1305.5
"U23430_s_at"	671.6	967.1	176.6	899.5	568.4	347.2	914.5	702.2	852.3	653
"U23435_s_at"	545.4	856.1	369.5	1046.2	504.8	763	383.2	467.2	416.2	452.7
"U23736_s_at"	84.6	269.6	376.5	219.5	246.7	220.7	321.6	304.4	91.8	96.4
"U23752_at"	53.9	23.2	29.7	33.6	30.7	20	155.2	23.5	15.3	10.2
"U23803_at"	334.9	1820.7	1897.7	2605.8	1872.6	2025	1397.6	367.8	2191.9	1846.7
"U23850_s_at"	995.3	825	853.1	1473.2	1235.8	1094	1407.8	1005.1	652.8	801.7
"U23852_s_at"	489.1	951.3	147.5	1288.2	425.5	1623.8	349.3	218.8	460.8	134.6
"U23942_at"	495.7	1245.4	573.7	2206.1	1059.3	1450.6	335.1	2007.7	1758.2	1655.2
"U23946_at"	1971.3	2273.2	862.6	4460.8	1216.1	1807.6	2638.6	2058.2	1584.2	1618.3
"U24056_s_at"	434.9	912.1	1569	614.7	858.1	933.5	1787.8	1214.6	1476.4	474.1
"U24105_at"	12159.7	8276.5	11926.2	5916.9	6248.4	15433.5	14410.2	16589.6	15608.6	13241.4
"U24152_at"	943.6	1137.1	1081.3	2693.4	672.1	891.5	1972.8	1798.5	2071.6	1020.1
"U24153_at"	391.5	191.1	114.4	175.8	139.9	113.5	376.6	76.3	97	54
"U24166_at"	9394.4	15552	13198.4	4612.2	15928.7	16270.7	11944.8	12523.1	17397.7	14430.4
"U24169_at"	3918	1372.7	2587.1	5626.2	1470.8	2792.3	2186.4	4047	4108.1	2971.3
"U24183_s_at"	231.2	184.1	559.9	2175.9	254.5	121.1	590.7	177.8	305.3	346.4
"U24186_at"	354.8	420	346.5	447.6	484	410.3	499.4	346.7	398	238.8
"U24266_at"	694	798.4	1085.5	2875.1	1010.4	925.7	1181.7	1891.2	1397	1132.3
"U24389_s_at"	60	94.6	14.3	976.9	17.9	38.1	252	65	54	19.8
"U24488_s_at"	244.5	200	108.9	156.2	111.9	142.6	176.2	114.9	54.6	81.6
"U24576_at"	3010.4	2322.6	2658.3	4019.8	1759.5	1797.6	1629.1	2001.4	1741.4	1701.6
"U24577_at"	9990.7	756.2	220.9	135	159.2	5374.6	5584.2	636.9	1960	2755.4
"U24683_at"	366.8	187.3	102.2	131.1	86	145.1	75.3	84.2	90	111.5
"U24685_at"	253	1051.1	151.9	217.1	138.2	400.9	173.5	82.9	124.2	68.9
"U24704_at"	3883.3	2892.5	2810	5583.7	2699.9	3184.2	5906.2	3603.9	4085.8	3577.2
"U25029_at"	496.9	721.2	578.4	528.6	2291.6	1137.3	519.4	1058.7	360.6	943.2
"U25034_s_at"	612.2	429.7	662.3	823.7	467.4	513.3	1251.8	687.8	917	505.6
"U25041_at"	128	60.2	335.5	257.3	404.7	63.5	279.6	589.8	376.1	250.7
"U25128_at"	53.1	475.9	55	185.1	355.3	146.3	188.1	650.3	143.8	142.1
"U25138_at"	941.9	2577.6	1845.1	2423.3	1231.2	1640.8	1251.6	3916.5	2561.7	1397.5
"U25165_at"	2683.2	3914.7	3102	2701.2	2646.1	3255.9	2254	3771.9	3379.3	4622.2
"U25182_at"	2481	1825	4388.6	3237.5	2545.9	2171.8	2511.6	2995.2	3050.1	2359.9
"U25265_at"	1030.1	1347	901.9	2457.8	1133.7	931.6	1763.6	1745.9	1767.6	1126.2
"U25433_at"	358.8	103.1	133.9	202.3	46.8	54.3	48.3	198.2	20.3	53.9
"U25435_at"	1939.9	1332.4	1557	2346.3	1373.9	1886.2	1301.5	1849.6	1799.6	1630.8
"U25750_at"	1036.6	675.9	948.9	1180.3	703.2	974.3	997.4	1127.7	881.6	917.2
"U25771_at"	48.4	57.9	53.7	160.2	172.2	54.3	253.3	245.6	35.9	24.1
"U25789_at"	11134.1	27601.2	39215.3	18816.1	31737	17727.2	9987.1	18312.2	23776.9	26744.2
"U25801_at"	1015.4	488.4	119.9	292.6	226.6	1189.2	209.3	495.4	474.1	759.5
"U25826_at"	157.1	146.4	248.1	195.7	135	146	213.3	132.5	90.5	148.1
"U25849_at"	1080.4	972.2	2113.8	2574.6	2696.6	2074.4	827.1	2043.4	1506.6	2228.4
"U25956_at"	11253	5123.1	14077.3	1921.5	11669.6	3382.2	2376.6	14503.1	7006.4	6627.2
"U25975_at"	1237.2	1216.5	1110.2	669.9	1033.2	2991.9	715.2	982	1070.4	1902.5
"U25988_at"	677.6	396.8	336.4	111.3	208.1	70.6	415.6	247.4	325.2	92.3
"U25997_at"	218.9	24.6	31.3	64.7	23.7	29.9	41.8	59	20.1	18.1
"U26032_at"	693.2	523.1	639.1	755.7	541.5	742.5	510.4	895.6	831.1	925.4
"U26173_s_at"	2985.4	5281.2	1899.9	1222.9	7891	3681.6	1405.7	1316.4	6262	8524.2
"U26174_at"	53.4	61.1	12.2	41.7	178.3	45.1	334	67.9	39.9	20.8
"U26266_s_at"	2431.2	1520.2	2332	2582.8	1523	1865	2232.6	2773.3	2161.6	2456.3
"U26312_s_at"	1316.2	842.2	798.8	910.3	1160.1	903	1601.8	1329.9	867.9	1211.8
"U26398_at"	587.8	586.3	489.8	230.2	352.6	222.9	516.9	282.7	306.5	237.2
"U26403_at"	92.1	166.3	195.8	151.2	20	68.1	607.5	77	258	116.7
"U26424_at"	850.2	985.8	1015.9	1016.9	1406.7	1073.2	638.2	910.6	912.3	1042.5
"U26591_at"	769	472.7	715.3	1609.2	628.3	511.1	202.2	546.9	148	192.2
"U26648_at"	2477.8	2775.5	2325.9	3734.1	2338.1	3306	1893.6	1828.8	2835.5	3331.5
"U26710_at"	776.9	1971.2	1005.3	6294.5	1087.3	1830.4	1261.2	1228.6	1282.8	2844.8
"U26712_at"	31.7	121.5	115.5	212.1	122.8	108.4	207.9	277.5	279	11.4
"U26726_at"	108.1	105.1	63.7	866.1	86.8	119.8	130.3	81.3	112.3	74.2
"U26727_at"	229.9	682.3	1070.5	312.3	323	347.5	621.1	196.7	164.9	92
"U26914_at"	307.9	579.7	638.3	1250.2	492.3	378.7	839	951.3	628.5	479.2
"U27109_at"	20	10.4	88.6	30.3	109.1	46.8	48	42.4	81.4	10.1
"U27185_at"	44.8	152.3	285.5	768.8	36.6	612.8	336.6	153.3	415.3	354.5
"U27193_at"	204.5	2071.7	493.7	392.2	1918.5	1213.8	84.9	90.4	338.6	1015.2
"U27325_s_at"	1745.2	1444.9	1366.4	1484.9	1751.9	827.5	3539.4	2354.9	2689	1475.2
"U27326_s_at"	222.2	321.2	123	1855.2	78.9	94.6	163.5	129.4	152.3	84.6
"U27330_at"	498.1	504.1	143.7	787.2	288.6	377.3	1133.6	555	781.1	243.4
"U27333_at"	2429.6	1789.1	1678.5	2648.2	685.6	2172.2	1396.7	1755.7	1048.2	1113.8
"U27333_s_at"	380	410	68	6251.9	158.2	132.6	666.9	109.5	149.5	89.2
"U27459_at"	85.7	179.8	285	398.4	48.5	207.9	189.2	585.3	452	104.7
"U27460_at"	1099.5	981.9	1048.6	1008.2	1293.3	1294.3	585.7	1140.1	1009.6	1014.1
"U27516_s_at"	36.4	31.9	21.7	310.9	15.3	22.3	69.8	44.2	29	13.4
"U27655_at"	952.4	590.3	1947.4	3846.6	602.2	133.7	1650	1590.7	1145.5	508.6
"U27699_at"	1531.5	590.8	1848.9	376.2	934.9	1054.3	1351.9	2377.6	2878.4	1698.8
"U27768_at"	330.4	62.8	247.1	78.2	52.4	25.3	75.6	33.2	45.7	28.4
"U27831_at"	153	1112.4	356.6	250.1	115.7	149.6	231.1	159	428.7	91.4
"U28014_at"	5197.5	7889.1	6071.2	3466	5283.2	8117.5	2621.8	4607.7	5628.7	6212.2
"U28015_at"	162.6	169.9	805.9	36.1	665.4	381.1	64	889.4	387.8	829.8
"U28042_at"	906.2	627.4	1060.7	892.3	759.1	760.9	741.9	1099.2	537.8	563
"U28043_at"	219.3	186.3	73.3	119.2	61.2	112.3	287.6	134.5	157.9	84.8
"U28049_at"	166.1	547.2	159.3	331.2	377.5	402	701.4	587.7	300.8	277.2
"U28055_at"	84.8	70.9	134.9	508	81.1	70.6	126.1	244.5	411.9	149.5
"U28131_at"	926.2	331.3	273.5	312.4	444.5	302.7	193.2	486.4	222.2	285.1
"U28150_at"	135.2	339.6	387.1	476.6	334.3	322.1	238.4	168.5	314.5	318.3
"U28249_at"	27.5	37.3	47.2	1627.5	51.4	31.8	74.2	337	29.4	8.5
"U28251_cds2_at"	113.8	115.3	49.5	96.5	42.5	55.8	119.5	116.3	49.2	72.4
"U28281_at"	250.1	438.9	195.8	294.6	320.5	139.6	1127.5	106.6	195.2	116.8
"U28368_at"	55.1	78.3	16.3	501.8	15.8	21.7	101.3	31.5	19	5.8
"U28369_at"	467.2	396.8	501.7	597.1	76.1	472.2	660.4	434.3	486.3	183.6
"U28386_at"	976.5	2912.3	1538.8	931.2	1761.9	2107.9	828.9	1536.5	1702.4	2086.2
"U28413_at"	437	102.6	450	581.1	571.4	343.4	753.8	141.2	431.4	507.2
"U28488_s_at"	2111.7	1562.9	3858.7	98.4	3318.9	1800.9	1513.8	2751.5	5191.1	3457.7
"U28686_at"	1625.9	3539.1	4106.9	988.7	2124.4	3358.5	1059.3	4676.4	3565.6	4830.3
"U28687_at"	877.3	407.7	512.8	1271.5	820	665.2	523.9	900.6	720.8	532.6
"U28727_at"	77.4	109.2	61	80.6	81.6	74.6	133.1	144.9	113.1	41
"U28749_s_at"	277.2	51.8	135.5	578.8	23.5	36.5	22.4	35.5	37.6	50.8
"U28758_s_at"	141.7	104.1	307.6	189.1	257	165	98.4	106	263.1	169.2
"U28811_at"	2620.7	787.1	4839.3	2340	6287.5	3211.2	5835	4178.5	8580	8266.5
"U28831_at"	618.8	1978.6	356	5635.7	2064.8	1611.6	133.8	1838	1034.3	983.7
"U28833_at"	610.2	911.1	507.8	434.9	9654.6	1525.3	680.1	763.4	3434.1	7206.9
"U28963_at"	4188.7	3498.2	4574.5	4497.5	2808.9	3828.2	6004.8	5463.5	4386.2	3661.8
"U29091_at"	794	367	506.2	10399.2	450.1	182.1	407.1	196	541.6	145.1
"U29171_at"	6762.8	7463.6	6642.2	6357.5	8056.1	6874.7	9584.3	11376.7	9886.2	9034.4
"U29175_at"	1956.8	907.3	1599	7387.4	1732.7	3794.5	1475.4	2109.6	1699.3	2868.7
"U29195_at"	42.1	211.5	62.8	323.5	170	228.4	190.8	78.9	18.9	30.6
"U29343_at"	76.4	314.2	77.9	123	131.9	229.9	72.5	544.1	494.7	147.7
"U29463_s_at"	491.8	475.6	945.7	1378.7	593.7	174.8	549	798	314.5	378.8
"U29589_at"	60	47.3	31.2	85.5	751.4	36.1	113.3	473.1	87.1	126.6
"U29607_at"	1464.5	2118.7	1203.4	1878.7	1533.2	1152.1	993	1016.5	915.2	1136.9
"U29615_at"	1395.1	1359.1	2271.8	1287.2	853.7	1503.6	1359.8	2839.1	2298.4	1461.2
"U29656_at"	1955.6	1498.3	3793.1	4321.8	1720.4	1325.2	2912.8	3218.7	2896.7	1781.9
"U29680_at"	21804.4	61780.8	10628.8	856.7	39588.6	41486.6	27901.8	15841.5	14580.7	20655.1
"U29700_at"	394	375.8	65.2	451.2	117.1	226.3	148.1	461.7	230	18.4
"U29725_at"	1565	1560	658.3	608.5	1372.2	2143.2	927.9	892.8	1085.5	1631.7
"U29943_s_at"	53.6	190	31.3	88.8	99.6	40.4	54.9	71.3	186.4	49.8
"U29953_rna1_at"	2139.9	1993.6	1845.1	15930.5	1246.8	1504.4	1096.4	1707.2	1553.6	1146.4
"U30185_at"	130.6	90.6	105.3	112.9	63.3	63.1	57.6	54.3	52	49.9
"U30245_at"	13.9	13.9	76.7	15.1	113.8	11.8	42.9	113.4	145.7	49.4
"U30246_at"	270.2	134.4	158	751.5	375.5	48.6	515.2	586.3	69.8	186
"U30255_at"	25453.8	11509.2	17299.9	11210.8	7342.8	21096	28645.6	31147.7	29484.9	33220.4
"U30313_at"	1318.1	536.8	1021.4	1315.2	317.2	414.1	1266	796.3	914.8	500.1
"U30521_at"	186.4	360.5	458.8	305.3	607.9	200.6	61.1	1100.2	660.5	515.3
"U30610_at"	148.5	242.2	410.6	760.8	144.1	316.8	775.2	109.1	186	231.2
"U30825_at"	6544.3	4025	5926.4	7485.8	3856.6	7628.9	6630.9	6668.9	6841.6	4642.1
"U30827_s_at"	1906.2	2817.4	1625.7	3897.1	2911.3	2757.9	1169.8	1913.5	2340.3	3431.4
"U30828_at"	341.4	609.5	474.8	111	48.4	63.5	378.2	599.8	64.4	253.1
"U30872_at"	67.9	188	48.9	935.6	355.6	109.8	322.3	381	460.7	277.8
"U30888_at"	3111.8	3372.8	2244.5	2167.8	6693.3	9475.9	2295.9	4542	6336.7	6848.6
"U30894_at"	2499.8	2655.4	1469	2483.3	1993.4	2200	2518.9	2155.1	1737.5	1944.3
"U30930_at"	339.3	120.4	283.3	1164.5	209.8	56.7	178	279.7	307.8	111.3
"U30998_at"	291.3	414.6	371.6	859	554.8	243.3	421.7	638.2	301.3	339.3
"U30999_at"	4788.5	7301.3	4730.9	31320.6	6517.3	14441.2	10380.8	9243.2	7648.6	10189.3
"U31099_at"	62.6	349.5	156.4	829.5	47.4	149.3	161.3	221	353.8	98.2
"U31116_at"	105.3	47.9	76.6	81.9	81.2	22.8	20.7	118	170.9	96.5
"U31120_rna1_at"	596.4	296.7	243.5	149.6	296.7	168.1	228.6	270.5	725.9	224.5
"U31176_at"	1058.5	1070.1	1381.7	3065.6	1399.2	1057	968	1583.7	1162.5	1406.5
"U31201_cds1_at"	59.2	57.2	45	88.2	45.3	43.3	67.2	28.3	78.3	17
"U31201_cds2_s_at"	159.3	730	55.6	1978.9	89.1	72	538.3	137.9	78.5	36.8
"U31215_s_at"	147.6	105.2	56.9	44	29.8	40.5	38	35.9	54.2	38.9
"U31216_s_at"	409.9	272.3	64.4	269.6	218.5	206.8	267	180.6	150	113.1
"U31248_at"	663.9	640.5	610.4	664.8	43	340.7	484.1	872	377.3	366.6
"U31342_at"	4735.9	2777	4345.6	3443	2756.4	3201.4	5583.4	4836.7	3732.9	3700.2
"U31382_at"	256.6	371.7	208.2	636.9	77.9	219.7	740.4	428.2	257.4	292.1
"U31383_at"	14441	8553.3	17198.1	3508.3	23628.2	16099.6	5720.5	14728.8	17009.3	16441.9
"U31384_at"	310.9	1086.4	233.4	80	486	3143.6	63.5	210.2	226.2	125.6
"U31449_at"	34	255.5	48.3	37.2	53.4	20.4	95.9	28.6	141.1	9.1
"U31501_at"	4402.3	2371.1	1531.9	2738.6	1481.1	2381.9	2236.3	2797.4	2275.8	2276.7
"U31556_at"	232	74.4	198.2	2842	131.5	188.1	632.8	309.4	125.1	223.1
"U31628_at"	3783.3	1548.6	547.7	175.3	456.9	3147.7	173.2	153	92.1	219
"U31799_at"	65.6	30.2	12.2	44.1	15.2	35.3	35.2	14.6	14.5	12.1
"U31814_at"	2482	1553.1	2073.7	2435.9	1947.7	2017.8	1666	1841.1	1621.6	1909.3
"U31875_at"	1009.6	1136.1	514.6	974.4	502.3	538.1	291.6	684.5	349.4	382.3
"U31903_s_at"	2140.2	1520.5	1851.8	3832.5	2981.1	2192.4	3060.9	2522.7	2337.8	2158.3
"U31929_s_at"	41	144.5	283.7	686.5	245.9	164.5	548.4	91.1	133.6	203.2
"U31930_at"	787.6	642.7	2757.8	2418.5	2624.9	936.8	1039.8	2374.3	2972.6	2047.7
"U31973_s_at"	41.8	256.5	9	11.8	8.1	8.6	28.2	37.9	14	8
"U31986_at"	511.2	116.1	590.5	693.8	299.5	302.1	627.3	355.4	396.4	62
"U32114_at"	201.7	17.1	76.4	768.7	13	44.1	131.3	46	17.3	3.7
"U32315_at"	1244.8	1260.4	506.6	1073	2091.1	2288.7	1095.6	795	988.5	1752
"U32324_at"	274.5	537.2	918.3	114.7	1196.7	473	276.6	1627.9	1061.8	704.9
"U32331_at"	244.6	271.2	113.8	357.6	155.4	245.7	297.7	196.2	242.7	112.2
"U32376_at"	81.1	46.1	305.1	141.5	69.7	32.8	29.9	208.8	140.7	17.7
"U32439_at"	80.2	308.1	342	514.6	527.8	120.3	49.9	822.2	430.1	248.5
"U32499_s_at"	175.7	249	435	67.7	37.5	76.9	114.3	166.5	130.6	64.8
"U32519_at"	2009.4	1996.9	1482.6	2179.3	1303	2466.9	1752	1955.6	1699.2	2139.5
"U32576_rna1_at"	835.7	996.1	399.6	376.8	186.6	300.9	895.4	518.8	307.7	472.7
"U32581_at"	139.7	129.4	81.7	99.2	174.8	90.7	740.3	150.7	43.7	317.2
"U32645_at"	2439.5	4335.7	2543.6	981.2	6816.7	7540.5	2214.5	2809.2	3684.4	5410.2
"U32659_at"	431.4	382.8	248.7	524	147.7	287.2	534.6	506	223.7	164.7
"U32674_s_at"	350.6	300.4	578.4	1445	944.2	861.8	1855.9	702.3	321	606.8
"U32680_at"	4638.6	1914.1	2641	2664.8	1352.3	1900.6	4598	3409.2	3672.4	2509.1
"U32849_at"	2416.8	1975.7	1559.7	2001.6	2012.8	3288.3	1106.6	2713.9	2458.9	1463.4
"U32907_at"	25.4	34.4	37.7	606.5	44.2	35.8	51.9	32.4	48.6	15.4
"U32944_at"	11636.1	14001.1	16503.2	37097.3	20400.8	13693.4	5937	12504.3	15145.6	16563.7
"U32986_s_at"	6300.9	4132.4	5830.9	13359.9	4679.4	5893.7	6426.6	5029	6137.4	5802.3
"U32989_at"	20.3	32.9	34.7	18.1	14.9	15	40.5	97.8	55	14.1
"U33017_at"	115.4	270.9	591.7	238.9	508.4	1229.8	177.7	100.7	332	43.9
"U33052_s_at"	1642.7	1728.6	1764	1153.6	602.7	2074.9	621.2	2121.6	1729.7	3041.5
"U33053_at"	3028.5	806.1	1654.2	1613.6	413.7	1229	2705.6	1233.2	618.2	1185.7
"U33054_at"	119	251	51.4	86.7	57.7	33.4	126.9	88.9	56.5	27.6
"U33147_at"	552.6	151.3	1011.7	1191.3	685.9	153.4	463.9	449	545.8	283
"U33202_s_at"	466.1	258.4	79.9	262.3	244.9	93	779	444.5	288	514.6
"U33203_s_at"	422	62.2	29.9	250.4	191.9	133	437.4	281.8	290.3	147.7
"U33267_at"	216.2	54	385	462.8	178.4	107.9	218.7	307.9	234.7	47.4
"U33286_at"	4283.7	3908.6	3523.3	4359.6	3450.6	3328.3	3263.9	5091.5	3722.6	3725
"U33317_rna1_at"	788.2	501	1103.9	1362	341.6	148.7	614.1	442.4	483	315.8
"U33429_at"	909.9	1108.3	2515.4	667.4	619.3	845.4	4323.9	5311.5	978.9	2121.4
"U33447_at"	70.7	73.1	49.6	121.2	31.7	36.9	85.7	81.7	77.8	42
"U33448_s_at"	203.7	124.3	297	352.2	156.2	173	545.6	285.8	249.1	204.7
"U33632_at"	117.8	245	91.8	3182.9	69	39.7	328.3	364.7	122.9	37
"U33761_at"	105.2	137	145.5	62.3	33.5	41.6	64.3	89	204	23.5
"U33818_at"	7089.4	14015.1	9523.6	4902	8016	7733.8	4803.4	11992.9	11526.9	9838.8
"U33821_at"	8785.7	9307.9	9720.6	16876.3	5687.9	8275.8	4439.1	9172.6	6097.9	9045.6
"U33822_at"	1978	1458.8	2109.8	279.8	782.8	744.8	2748.5	3172.7	2289.4	1775.9
"U33837_at"	14.4	13.4	13.6	40.1	17.3	16	363.1	21.1	9	14.1
"U33838_at"	55.6	184.7	53.6	9.8	17.4	10.2	640.3	9.5	164.2	36.5
"U33838_s_at"	906.5	678.8	430.2	915.6	625.9	515.3	1360.3	846.7	296.9	699.2
"U33839_at"	110.4	401.3	33.2	350.3	60.2	296.2	771.2	36.7	76.7	45.4
"U33841_at"	383.1	215.2	572.3	335.8	248.4	31.5	575.4	746	164.7	152.3
"U33849_at"	1514.3	858	1582	504.8	563.5	1068.1	2061.5	2019.6	1090.4	1000.2
"U33880_at"	38.8	12	65.8	23	12.3	8.1	32.4	7.5	5.6	3.1
"U33920_at"	176.7	192.4	396	127.4	118.6	121.3	511	97.3	93.2	82.4
"U33921_at"	523.6	665.4	708.8	3173.9	359.1	681.8	448.9	778.5	534.5	779.5
"U33936_s_at"	1718.6	1234.7	732.3	1324.9	1536.4	1448	2456.1	1296.6	2618.9	2027.3
"U34038_at"	1349	1230.4	1035.2	1574	178.4	1073.8	1046.5	1470.7	577.2	833.8
"U34044_at"	817	163.5	684.7	764.3	231.1	647.6	841.7	558.3	606.2	481.9
"U34070_s_at"	159.4	215.6	478.5	106	53.1	67.6	2375	1948.9	399.8	523.1
"U34252_at"	2514.5	1199	3872	5062.9	2121.5	3128.7	2436.8	5239.5	4602	3551.1
"U34301_at"	308.8	647.7	988.5	252.7	819.4	110.8	77.2	756.6	59.2	783.7
"U34301_r_at"	2985.6	2056.3	2050.8	2448	2086.1	1618.5	1561.1	1610.7	1580.8	2155.9
"U34343_at"	2603.3	2096.7	2183.3	2870.5	2112	2135.2	1641.3	2559.9	3089.3	1865.3
"U34360_at"	72.8	238.9	87.1	220.7	85.3	77.9	192.3	145.7	110.4	58.2
"U34380_rna1_s_at"	471.7	375.6	540.8	607.2	696	520	939	900	661.5	645.3
"U34587_at"	499.7	399.3	335.8	618.1	345.8	186.2	1264.5	343.4	97.2	323.7
"U34605_at"	924.3	894.6	830.5	709.8	378.4	670	885.6	776	627.9	446.9
"U34683_at"	2559.5	1542.1	2435.9	2590.3	1386.8	1894.6	2217.1	2153.9	1816.9	1720.2
"U34844_at"	284.6	191	139.8	91.4	112.1	33.6	213.4	251.2	32.4	117.8
"U34877_at"	11623.3	10655.8	19280.4	5848.1	16807	12096.4	15552.4	11113.3	13297.2	13469.8
"U34879_rna1_at"	118.6	40.4	88.7	33.2	14.4	27.3	26.7	22.1	76	10.3
"U34880_at"	1812.6	1775.9	2294.3	3559	2367.9	2470.2	4435.6	4530.6	3458	2357.2
"U34962_at"	691.5	1019.1	191.8	1086.3	454.4	992.8	998.1	1404.4	340.1	669.7
"U34976_at"	366.6	64.4	128.8	84.3	93.5	33.4	525.1	295.4	210.5	35.6
"U35005_s_at"	582.4	732.1	489.6	605.6	496.8	506.6	888.5	443.5	171	352.2
"U35048_at"	3484.4	7235.1	1144.3	13006.1	9058	7026.7	1434.8	2132.5	6123.7	9549.6
"U35100_at"	134	111.9	60.3	133.8	32.4	70.3	75.2	70	67.7	43.3
"U35113_at"	1620.1	1025	1361.4	6221.7	1890.1	1607.9	840	2651.3	1929.4	1868.1
"U35139_at"	63.2	78	280.6	1904.2	256.1	60.6	84.4	161.4	113.6	46.1
"U35234_at"	1040.5	317.9	694.6	336.7	792.1	1551.7	2199.2	2068.2	418.9	1498.5
"U35246_at"	240.9	93.8	299.7	558.9	313	134.6	657.4	218.4	444.2	148.5
"U35340_at"	581.7	143.9	47.4	156.8	138	62	148.2	83.4	66.7	60.1
"U35376_at"	234.4	110.1	4.3	32.1	14	8.8	272.9	180.1	9.9	38
"U35407_at"	51.5	46.7	80.9	46.6	143.1	60.4	90.1	201.8	45.1	46.1
"U35451_at"	1394.9	477.8	1490.6	2621.2	939.2	908.9	1307.3	1543.2	1330	1288.4
"U35459_at"	496.9	176	213.6	546.9	197.2	100.3	85.2	292.8	248.8	136.3
"U35637_s_at"	305	184.6	184.7	490.6	189.8	108.4	151.6	267.8	193	127.3
"U35735_at"	248.6	152.1	170.2	74.8	37.5	5.1	56.6	18.7	22.4	17
"U35835_s_at"	391.7	49.6	859.9	581.8	572.5	139.6	522.1	1095.3	264.3	531.2
"U36221_at"	1407.7	1613.7	1870.1	2497.4	2524.7	2534.6	1921.2	2845.2	1972.3	1908.7
"U36341_rna1_at"	2226.5	2637.4	1175.5	8379.7	1590.6	1960.7	4473.1	2133.9	2003.9	1868.7
"U36448_at"	53.6	74.6	24.8	81	29.2	18	71.8	39.4	42.5	16
"U36500_at"	838.3	587.5	1052	160.1	521.2	603.2	259.2	705.5	281.6	632
"U36501_at"	808.1	747.8	401	446	434.2	269.5	268.2	598.7	358	298.6
"U36601_at"	979.2	906.3	193.4	1123.9	322.4	1690.6	553.8	1151.8	760.7	1081.5
"U36621_cds2_at"	198.4	56.2	97.2	74.4	184	84.3	155.6	274.3	284.9	52.3
"U36759_s_at"	2240.6	1889.6	2200.8	3707.6	3607.6	3348.7	4299.7	3190.4	4201.7	3238.5
"U36764_at"	3559.4	2658.5	2576.9	1149.5	1376.5	2671.3	3373.7	2431.5	3078.6	2189.1
"U36787_at"	2728.7	2536.4	1712.8	1345.1	1612.9	2495.8	1617.5	1684.1	1859.5	1697.1
"U36798_at"	348.9	357.1	239.1	413.4	242.4	93.6	59.8	56.4	233.9	38.7
"U36922_at"	774.8	954	839.8	3715.1	754.8	588.7	462.2	998.1	781.6	1477.6
"U37012_at"	3056.4	1969.9	3242.1	3646.7	1997.1	2348.6	3270.7	4548.3	3390.2	3262
"U37022_rna1_at"	2867.5	1077.6	2048.4	2232.3	1669.4	3102	4120.4	1525.2	3018.6	2109.1
"U37055_rna1_s_at"	277.8	128	252.3	1078.8	169.7	174.5	622.4	260.7	148	190.2
"U37122_at"	1043.5	392.6	786	3653.3	679.1	345.9	771.2	981.8	756.1	753.5
"U37139_at"	573.9	435.2	476.7	2314.9	951.1	328.5	744.8	774.8	966.7	681.7
"U37143_at"	410.8	149.9	259.9	1648.8	196.1	60.2	422.5	60.3	105.7	102
"U37146_at"	14682.6	11104.3	6133.7	11788.6	9876.3	16113.7	8084	14834.1	5767	8445
"U37219_at"	1121	1603.1	1261.2	1268.8	1003.2	1174.3	1758.1	838	735.3	637.9
"U37221_at"	1172.3	223.3	416.9	801	93.7	485.8	159.3	1310.1	738.1	304.5
"U37248_at"	4093	2190.9	3091.5	3301.5	3148	2856.4	5896.8	6590.2	3151.9	3600
"U37251_at"	254	119.3	386.7	877.1	259.2	107.4	234.7	371.1	404.4	103.2
"U37283_at"	51.6	223.2	94.3	102.5	313.7	186.6	442.4	75.2	240.4	31.6
"U37352_at"	1166	501.1	1310.9	2799.6	1614.7	1153.3	525.4	2201.3	2341.6	1468.9
"U37359_at"	434.4	516.8	579	769.8	441.2	357.9	629.1	800.5	542.6	447.1
"U37408_at"	1681.3	1670.6	1717.5	4990.4	452.4	1928.1	3098.1	4066.1	1845.7	3819.5
"U37426_at"	70	68.2	39.7	231.9	114	32.6	136.6	241	153.5	33.3
"U37431_at"	506.6	327.2	232.4	1046.9	305.6	227.8	134.1	369.5	259.8	327.5
"U37518_at"	263.9	467.1	1737.5	7013.5	472.1	313.8	378.7	583.3	372.1	256.2
"U37519_at"	312.2	954.5	388.8	5633.5	185.1	439	938.7	358.2	634.2	123.3
"U37529_at"	196.9	7	26.4	23.7	42.4	5.7	35.1	37.7	100.2	6.1
"U37546_s_at"	476.1	335.2	100.4	133.6	391.8	675.8	92.5	29.5	105.1	154.3
"U37547_at"	2163.7	2778.6	945.4	2213.4	3856.4	2979.6	1648.9	1803.2	1157.6	1649
"U37673_at"	124.7	277.2	144.6	228.8	92.3	140.2	166	144.1	141.5	95.9
"U37689_at"	3725.3	2506.3	2549.4	5117.4	1501.3	2514.9	2483.8	2952.7	3240.2	2297.5
"U37690_at"	14624.7	17884.9	24186.8	14978.3	7691	12342.3	28962.3	16518.8	16826.2	15613.2
"U37707_at"	797.3	1147.2	641.5	1079.9	416.2	924.4	1677.7	1057.2	1012.7	857.3
"U38175_at"	1461.1	2020	1731	1813.9	1155.3	1694.4	1512.7	2371.7	1468.2	1859.6
"U38227_s_at"	37.5	50.5	25.7	30.4	16.7	28.2	40	61	28.9	20.9
"U38268_at"	627.8	592.1	134	422	391.1	296.6	185.4	358.5	175.5	165.6
"U38276_at"	1505.2	679.1	194.5	676.7	258	238.2	1221.4	162.9	258	123.7
"U38291_rna1_at"	390	184.8	569.1	126.1	142.9	119.4	760.8	129.6	221.9	110.2
"U38372_at"	75.3	280.5	72.4	55.2	24.8	54.8	178.4	60.4	55.6	40.8
"U38480_at"	481.8	308.3	329.1	513.7	513.5	329	861.5	715.5	479.4	310.6
"U38545_at"	1785.9	1001.1	709.7	1359.9	364.5	1071.6	213.3	1299.5	813.5	527.1
"U38810_at"	113.3	18.5	58.9	22.6	15.7	15.7	26.8	185	21	6.4
"U38846_at"	7345.9	12104.4	15798.6	15037.7	11306.6	10763.7	8327.3	11271.4	15627.8	12936.6
"U38847_at"	694.6	669.6	899.5	2003.3	1231.6	465.1	846.7	1812.4	1346.5	1049.1
"U38864_at"	1331.8	835.6	1362.3	3920	762.8	1101.6	1533.3	1539.3	1643	1235
"U38896_at"	28.5	24.6	153.4	45.8	25.3	103.5	51.1	76.2	177.7	16.6
"U38904_at"	338.5	268.6	527.2	1308.3	661.9	557.3	373.1	959.4	553.5	397.3
"U38964_s_at"	1648.3	1182.3	1073.1	3416	1095.8	1206.1	686.7	1434	934.2	735.7
"U38980_at"	3326.3	1613.8	2056.2	4287.9	2228.6	3033.8	6206.7	3229.7	3168.4	2185.5
"U39196_at"	45.8	332.3	42.1	540.3	179.3	42.7	69.6	277.1	352.3	84.1
"U39226_at"	186	233.9	460.1	1023.6	235.9	196.3	69.3	522.9	169.7	247.6
"U39231_at"	231.3	67.7	236.1	94.3	24	58.6	91.2	99.5	23.4	26.7
"U39317_at"	2986.7	3063.1	2879	1350	2148.5	2441.4	2334.6	2801.6	2699.8	3244.4
"U39318_at"	6009.6	9669.7	9035.9	4186.2	8042.3	7637.3	5012.4	7725.3	9173.3	10286.7
"U39400_at"	4203.9	3324.6	3713.5	6910.7	3257.4	3040.8	2886.9	4489.1	4636.5	3844.6
"U39412_at"	4425.8	2178.4	2198	1901.2	2245.9	3169.7	2582.9	2075.9	2142.2	2938.5
"U39447_at"	619	891.2	3033.9	63.1	3734.6	1534.2	161	1054.3	640.2	629.8
"U39487_at"	111.5	172.6	47.8	136.1	247.3	73.6	71.3	163.5	140.4	36.2
"U39573_at"	294.1	356.3	214.6	270.7	216.9	254.8	885.9	824.9	184.2	175.1
"U39576_at"	159.8	241.2	99.6	151.8	68.6	101.8	584.6	174.4	94	61.9
"U39657_at"	70.7	39.8	55	34.8	24	14.4	16.1	27	15.7	17.6
"U39817_at"	68.5	1932.8	1001.3	803.9	114.6	369.2	412.1	1717.2	1649.6	498.9
"U39840_at"	252.6	535.2	62.1	6430.6	186.9	237	101.4	285.6	38.6	20.4
"U39905_at"	229.2	271.9	459.9	711.4	372.8	403.6	139.4	351.2	549.9	266.8
"U40002_s_at"	301.6	218.1	294.6	477.3	274.1	280.6	575.6	325.1	227	221.6
"U40038_at"	637	450.2	830.6	606.6	504.4	563.8	359.3	1323.4	488.5	624.1
"U40152_s_at"	638.8	129.4	214.5	480.1	163.7	279.6	256.5	565.8	523.2	258
"U40215_at"	102.1	254.3	328.2	503.8	82.5	132.4	142.7	296.2	202.5	153.2
"U40223_at"	2375.7	596.6	1834.6	2814.5	1683.8	1817.9	1661.1	1576.8	2373.4	1674.6
"U40271_s_at"	103.1	78.6	70.4	227.8	64.5	96.7	149.7	136.1	59.5	72
"U40279_at"	156.7	554	717.6	911.9	1070	356.1	709.6	688.5	582	598.2
"U40282_at"	3272.8	2654.1	3074.6	3849.4	2916.4	3997.4	4901.8	4566.7	3322.4	2344.5
"U40317_s_at"	158.2	183.6	150.6	200.4	129.5	146	216.1	181.1	165.6	94.7
"U40343_at"	1601.4	1243.5	1817.8	2004.3	1080.6	864.1	1115.5	1707.7	1929.7	1230.7
"U40369_rna1_at"	4477.8	9741.7	5186.7	6932.2	14061.3	10380.3	1861.1	3949	5268.9	6341.6
"U40370_at"	58.1	327	112.6	564.1	55.7	208.7	354.7	380.7	206.3	53.4
"U40371_at"	125.7	162.3	387.3	775.8	349.5	231.2	85	482.9	347.6	196.4
"U40372_at"	714.5	209.6	966.9	169.6	134.9	106.8	135.5	208.9	139.6	98.8
"U40380_at"	314.3	278	228.8	322.9	210	217.4	348.4	394.4	315.7	190.1
"U40391_rna1_at"	3070.1	2794.6	1736.9	4210.8	2194.1	2135.7	2629.3	2268.1	2792	2151.3
"U40434_at"	134.5	833.6	308.2	12815	62.4	81.4	203.5	116	461.2	55.2
"U40462_at"	733.7	431.3	1387	322	826.8	602.4	719.7	1213.9	746.7	571.4
"U40490_at"	135.8	46.8	448.1	262.2	291.8	133.9	389.8	1315.5	609.9	435.5
"U40571_at"	909.4	985.3	763.4	353.3	370.6	610.1	872.5	495.8	188.8	501
"U40572_at"	1274.7	937.5	1085.9	1650.2	629.5	810.9	1342.9	1068.9	934.3	1064.4
"U40622_at"	421.8	59.8	453.7	344	439.2	269.6	196.2	687.6	355.5	450.5
"U40705_at"	490.7	497.3	321.7	489.2	526.6	427.5	97.2	536.5	262.9	234.5
"U40714_at"	617.7	390.6	812.6	491.1	416.5	639.6	1654	1330.9	769.4	887.2
"U40763_s_at"	422.3	386.7	259.4	453.5	477.9	285.1	517.1	253.3	329	417.9
"U40846_s_at"	4347.6	1761.8	4040.1	1859.9	1686.9	2374.5	6135.1	3987.5	2576	2521.2
"U40990_at"	863.2	1428	1613.4	2696.7	1071.7	764.2	1448.6	1862.7	1261.4	1220.3
"U40992_at"	56	580.9	430.9	414.9	781.6	213.3	319.8	413.6	166.4	457.8
"U40998_at"	4068.7	2698.5	3001.6	3136.1	2067.2	1517.9	4310.5	3387.1	2452.4	1984.3
"U41060_at"	1023	863.1	1011.1	2639.8	1614	1379.6	841.6	1426.8	1248.2	1436.1
"U41068_cds2_s_at"	2022.7	862.7	1453.7	1580.3	1496.6	1266.5	2785.8	2438.2	1749.2	1314.9
"U41163_s_at"	765.1	921.5	184.5	947.2	501.3	589.4	284.5	619.7	227.3	487.2
"U41315_rna1_s_at"	1139.7	1102.4	1346.7	1937.1	840.3	1019.3	1006.7	1365	1188.2	810.4
"U41344_at"	117.5	201.5	150.8	138.6	117	153.5	380	215.9	91.9	71.8
"U41371_at"	8322.8	4202.2	5892.8	8355.9	2702.2	6450	5336.3	5732.1	3566.2	4081.3
"U41387_at"	706	850.1	1756.5	423.4	1390.2	2746.6	295.3	2496.8	511.9	1023.3
"U41515_at"	4580.7	5648.9	3278.9	5296.5	2485.6	4179.9	4038.7	2175	2723.3	3955.5
"U41518_at"	719.3	819.1	257.6	1532.2	501.1	523.3	832.7	492.5	158.4	338.7
"U41635_at"	24857.6	20299.5	23625.2	21467	13978.2	22529.8	40458.6	23151.1	20967.4	18142.8
"U41654_at"	6368.9	4000.7	4430.5	12684.5	7387.5	10233.7	3944.7	7944.7	7347.7	7431.8
"U41668_at"	1185.1	1204	1501.7	3306.8	877.6	1424.3	2137.7	1505.7	1642	941.9
"U41737_at"	313.7	57.8	59	219.9	49	50.8	217.2	71.1	88.6	47.7
"U41740_at"	944.4	1145.3	394.6	1077.5	1553.7	2328.5	1129.1	748.3	704	1019.3
"U41745_at"	90.7	50.9	285.9	436.9	113.8	216.6	158.4	168.6	36.2	196.6
"U41763_at"	512.5	628.4	235.2	684.2	148.9	310.3	125	219.6	186.1	145.3
"U41766_s_at"	1739.7	412.5	760.7	1123.3	1757.3	2563.9	1248.7	1655.6	1426.1	2430.5
"U41767_s_at"	1267.8	1381.4	2323.4	2254.9	1346.1	1833.6	3837.6	3439	2511.8	2671.9
"U41804_at"	3183.7	979.6	2668.5	4479	1296.8	1958.2	2629	2480.6	2593.9	2145.9
"U41813_at"	33.3	40.3	34	123.6	17.5	19.9	51.7	84.7	18.5	11.2
"U41815_at"	535.4	1049.9	1264.5	1547.2	2542	1228.9	749.4	1073.5	1636.7	2326.4
"U41816_at"	200.1	275	349.2	149.3	226.9	52	45.8	65.5	125.2	37
"U41898_at"	102.8	130.7	109	98.7	65.9	55.3	118.1	94	127.8	49.9
"U42031_at"	1104.9	958.9	1266.9	1539	848.1	775.5	2054.5	2188.7	1110.4	1170.9
"U42359_at"	57	132.2	28	5394	61.3	12.1	18.5	100.3	138	11.3
"U42360_cds2_at"	31	112.4	49	6041.6	33.6	16.4	60.5	33.1	27.7	17.5
"U42387_at"	189.7	37.7	33	404.2	20.4	118.4	39.7	31.3	116.2	11.6
"U42390_at"	1185.1	1865	2140.1	197.4	1513.8	1661.3	5312.5	2173.9	2298.3	2202.6
"U42408_at"	1222.2	214.1	265	2365	340.1	715.2	323.7	344.2	309.9	256.9
"U42412_at"	1990.5	1657.4	3615.1	3893	1941.5	2159	2228.5	4473.9	3292.6	2956.5
"U43030_at"	374.8	383.5	812.1	2484.6	1211.2	948.4	1029.1	1264.3	598.4	966.6
"U43077_at"	5165.6	5633.6	6653.2	3369.4	3881.9	5721.4	6729.5	7314	6621.1	7670.3
"U43083_at"	700.7	715.7	1058.2	775.5	878	615.3	800.1	1248.4	681.3	718.1
"U43142_at"	58.9	63.2	28.2	34.6	27.1	35	60.8	45.7	63.9	17.8
"U43148_at"	1415.3	924	850.2	1534.9	853.4	804.3	1753.8	1366.6	778.4	543.4
"U43177_at"	1005.6	1215.9	992.3	1019.4	210.9	691	369.4	1089.4	537.9	422.2
"U43185_s_at"	7285.6	5002.4	7585.7	2504.2	4289.1	11672.9	4817.9	8532.4	6475.4	4338.8
"U43189_s_at"	716.8	478.3	322.3	1546.1	776.2	797.2	703.4	1027.1	817	575.6
"U43203_s_at"	357.9	921.3	269.2	1568.6	72.6	146.5	545.8	230.4	358.3	56.8
"U43279_at"	253.6	504.1	13.3	97.3	102.5	15.4	31.2	40.9	27.6	4.6
"U43286_at"	5374.3	3385.5	3733.1	1994.7	3294.9	6354.3	3220.1	4123.2	2194	2961.4
"U43292_at"	461.4	189.6	242	282.5	146.5	466.3	181.4	657.5	424.2	154.1
"U43318_at"	562.7	761.5	395	203.3	544.4	867.5	662.9	899.3	229.4	784
"U43328_at"	142.4	27.4	14.3	17.3	4.3	6.2	53.5	104.5	22.8	4.4
"U43374_at"	619.9	78.7	299.4	578.8	158.4	295.4	222.2	547.8	282.9	140.1
"U43408_at"	89.6	77.8	164.3	1076.1	84.9	74.7	205.7	129.9	97	59.4
"U43431_at"	544.7	1000.6	517.2	1128.8	114.8	454.4	306.8	469.2	543.4	540.8
"U43519_at"	570.6	164.7	100.7	998	452.2	372.6	288.6	324.6	781	318.7
"U43522_at"	2139.5	2679.6	4166.1	2105.8	1535.4	1575.8	2239.8	4066.6	1789.5	2620.5
"U43527_at"	1515.7	1316.1	1348.3	1625.3	939.7	1284.2	2492.6	1347.2	1437.7	1128.8
"U43586_at"	803.6	798.2	260.7	175.2	157.9	277.1	1295	318.6	218.1	196.1
"U43653_at"	273.6	71.5	25.3	19.7	56.5	29.9	142.6	42.7	23.3	18.9
"U43672_at"	103.2	112.5	164.8	286.9	112	255.7	68.5	203.7	42.4	70.8
"U43747_s_at"	730	553.6	830.2	792.4	430.2	484.3	789.6	646.4	650.7	763.2
"U43753_cds2_at"	299	555.2	362.4	581.6	502.4	222.7	279.8	387.1	132.4	252.7
"U43843_at"	169.9	155.1	403.5	171.3	552.4	223.8	389.5	191	197.9	109.8
"U43885_at"	252.4	40.5	57.7	53.7	49.4	26.3	74.6	92.4	41.5	21.8
"U43899_at"	884.1	743.8	604.6	1384	1262.6	1331.3	1012.8	1383.1	1225	902.9
"U43901_rna1_s_at"	32686.2	34128.2	49629.1	55127.4	37765.4	36174.1	58529.1	38113.6	48110.3	44498.4
"U43916_s_at"	247.4	564	450.4	162.5	80.9	92.5	654.1	401	73.4	682.8
"U43923_at"	5300.2	4008.1	6633.8	3247.6	4022.6	3601.3	4378.9	4835.7	5302.1	3808.5
"U43944_at"	868.4	1427.5	2249.6	3939.2	3087.8	3540	943.2	2324.8	1985.8	4986
"U43959_at"	284.9	632.3	673.3	198.6	180.1	172.5	2152.9	183.9	570.9	116.4
"U43965_at"	207.1	200.4	232.3	394.2	135.3	81.1	247.3	43	320.3	19.5
"U44059_at"	745.6	1002.3	675.7	1174.7	632.4	596	741	862.1	678.8	405.5
"U44060_at"	60.9	32.2	30.4	63.6	23.8	17.7	15.5	18.4	59.4	8.1
"U44103_at"	2093.4	1858.4	1118.4	1276.1	1532.5	1824	1587.1	1959.7	1180	1638.9
"U44105_at"	20.1	10.9	80.4	50.8	6.9	18.9	30.1	17.1	26.8	4.3
"U44111_at"	1490.8	636.1	3051.4	1000.1	2271.8	937.4	488.2	2335.5	1622.3	2107.4
"U44378_at"	586.2	629.2	365.2	1095.8	602	617.3	510.9	1097.9	555.9	582.7
"U44429_at"	28.2	24.4	14.3	18.9	10.7	8.1	87	10.6	12.9	4.5
"U44754_at"	993.8	1329.3	210.9	955.1	219.9	717.8	31	37.8	91.5	140.4
"U44755_at"	3621	1138.1	3775.7	3155.8	2960.1	3268.6	3901.7	4335.5	3540.4	3270.9
"U44772_at"	10124.1	9035.6	28944.9	3391.7	24101.7	11655.6	5088.1	18741.9	14784.2	18935.3
"U44799_s_at"	587.9	694.9	600	1119.8	300.7	595.5	601.8	540.3	429.4	377.6
"U44839_at"	9915	5680.3	9177.8	27800.6	10097.6	9621.7	10320.3	10627.8	10975.4	9852.2
"U44848_at"	180.1	685.5	752.1	2008.2	453.8	562.3	289.1	768.8	812.7	589.6
"U44975_at"	7966.1	18363.8	4488.2	3303.4	12780	13103.3	5630.4	9429.3	14238.3	13740.2
"U45255_s_at"	122	104.3	138.5	200	84.9	86.5	100.5	105.8	63.4	77.7
"U45285_at"	15043.2	8846.1	9089.3	3821	3483.8	9976.4	20248.2	12835.9	10942.2	7866
"U45328_s_at"	5686.4	3895.2	3340.2	3569.8	5169.8	6210.5	4670.7	5907.2	7581.6	5547.6
"U45448_s_at"	1396.2	1706.5	1715.5	1273.1	2209.6	1219	2699	3170.8	2348.4	1828.6
"U45878_s_at"	946.7	937.2	163	186.2	1260	2020.4	901.4	119.5	22.1	345.5
"U45880_at"	532.7	108.8	474.7	111.1	269.6	431.4	137	113.6	420.7	187.1
"U45955_at"	13.5	46.2	135.6	327.8	94	38.6	47.9	35.4	22.4	8.4
"U45973_at"	2652.3	2087.4	1917.1	2232.7	1720.3	2270.1	1839.8	2344.8	3617.9	2439
"U45974_at"	2579.7	2392.6	1575.3	7007.1	2706.4	3137.6	2015.7	2721.4	2509.8	1739.6
"U45975_at"	2142.4	1588.3	1768.8	3215.4	1354.8	1513.2	1918.9	2028.4	1733.9	1220.1
"U45976_at"	637.9	1450.2	1489.1	1117	1326	1905.2	1492.5	2452.2	1397	2455
"U45982_at"	1389.1	1224	1005.5	1500.8	591.3	998.3	1204.8	1775.2	1453.3	665.1
"U45983_at"	14.1	85.4	24.1	225.4	53.2	23.4	247.4	40	125.9	19.4
"U46006_s_at"	84.3	374.9	35.9	260.2	54.7	170	26.4	60.4	92.1	26.9
"U46023_at"	2340.9	1817.1	823.7	458.6	1151.2	2319.1	1274.5	1014	573.3	1061.1
"U46024_at"	281.9	222.8	229.4	441.5	174.8	125.3	9.1	361.1	272.8	157.4
"U46025_at"	16183	14847.5	29120.8	35398.1	14648	8497.1	19705.1	23577.5	24344.3	14649.4
"U46116_at"	71.5	73.2	115.7	56.6	18.9	9.3	206.4	32.4	32	3.5
"U46194_at"	150.3	116.3	141.3	1120.7	518.6	182.7	505.6	546.3	281.3	206.7
"U46461_at"	1021.1	472.6	1179.9	964.6	681.2	440	1903.2	1497.1	1058.3	662.2
"U46499_at"	56210.9	21496.3	4177.3	28057.5	11324.9	31604.8	30068.7	23249	20860.1	32916.4
"U46569_at"	630.6	693.1	1378.2	10258.9	1207.2	755.5	2156.8	1551.9	1133.5	957.5
"U46570_at"	8944.2	7774.6	9005.2	12685.7	9031.3	8662.6	13269.3	14322.2	12039.2	8544.8
"U46571_at"	1851	1513	1724.7	2466.1	1401.9	1470.6	1407.9	1776	1468.6	1279
"U46689_at"	3126.6	1564.7	2282.2	5654.8	2696.8	2726.7	9322.3	3876.8	2970.9	3289.8
"U46692_rna1_at"	114045.1	105213.1	56908.9	46092.1	75613.5	81681.4	281394.3	70754.7	74134.3	69467
"U46744_at"	68.3	24.7	73.2	158	68.4	87.1	49.7	97.4	75.9	64.1
"U46746_s_at"	88.1	89.9	40.8	149.3	27.7	148.5	413	146	180.5	44.7
"U46751_at"	130999.7	126432.8	57652.6	61762.9	88428.1	77862.4	141366.4	54500.7	64667.3	60675.2
"U46752_at"	21.3	134.7	97.8	250.7	72.2	134.4	64.3	78.9	116.1	46.4
"U46767_at"	150.6	630.1	252.5	226.3	310.7	277.3	116.4	713.2	378.6	254.2
"U46901_at"	798	563.5	681	2153.4	627.2	466.2	368.5	1100.4	429.3	567
"U47007_at"	311.6	147	191.9	198.6	104.7	189.6	29	151.8	129.5	17.7
"U47011_cds1_at"	55.7	646.1	80.1	563.3	297.2	299	229.2	231.7	147.8	330.1
"U47025_s_at"	4661.4	2531.4	8144.7	4515.6	2947.7	3233.6	5133.8	5756.6	4102.2	4916.9
"U47050_at"	414.7	128.4	595.5	218.6	424.3	88.3	464.3	551.5	183.2	144.8
"U47054_at"	20.8	238.7	73.3	47.4	7.9	13.9	17.8	21.6	14.3	2.8
"U47077_at"	827.3	396.5	511.6	1642.7	981.8	769.6	400.4	1219.9	893.5	868.2
"U47101_at"	11862.3	5149.8	8692.5	9801.2	7845.3	5966	5002.6	10628.8	11569.4	11315.9
"U47105_at"	1487.1	2223.7	2334.3	4288.6	1696	2913.6	1359.6	3319.1	3434.7	2409.8
"U47292_at"	180.7	116.4	234.1	346.7	386.4	244.7	124.2	149.8	132.8	291.5
"U47334_at"	359.8	763.9	341.8	1409.4	495.5	400.1	560	994.4	756.8	368
"U47414_at"	579.4	810.3	1031.9	1625.9	796.6	520.8	226.1	2481.4	1707.9	695.9
"U47621_at"	718.8	155.9	417.4	487	91.2	120	141	135.4	101	89.6
"U47634_at"	196.4	2325.6	2650.7	939.9	858.5	1000.8	1828.1	1148.3	898.7	881.8
"U47635_at"	1690.9	1415.8	2173.9	3154	5031.4	3228.6	2559.2	6495.3	4132.4	4583
"U47677_at"	187.7	132.9	58.2	153.6	53.8	76.5	248	69.4	124.5	68
"U47686_s_at"	645.1	510.7	387.1	992.7	578.1	635.4	763.3	1146.2	911.4	627.9
"U47742_at"	3841.7	3229.7	2968.7	5621.3	2881.3	3941	4052.7	3342.7	2547.5	2801.7
"U47926_at"	153.9	99.9	139.9	175.8	101.3	99	175.3	118.1	46.5	67.1
"U47927_at"	2556.5	1578.1	3154.3	7479.8	2256	1735.6	4096.8	3692.8	3660	2479.9
"U47928_at"	174.7	444.3	97	6634.1	84.3	109.8	205.3	158.5	190.3	164.7
"U47931_at"	955.3	837.9	582.9	851.2	719.1	715.1	1413.3	1012.1	882.2	362.7
"U48213_at"	405.9	360.2	2178.7	738.6	270.4	312.8	2437.1	3029.4	502.4	789.3
"U48231_at"	219.9	219.7	67	200.2	267.4	100.5	316.7	482.9	276.2	175.2
"U48250_at"	19.8	69.9	13	231.4	81.7	41.6	27.2	51.1	50.6	15
"U48251_at"	940.5	144.7	937.1	1775.7	374.8	976.6	1483.2	893.8	981.2	545.8
"U48263_at"	446.2	439.4	665.2	865.8	493.5	546.7	1157.5	527.2	601.5	489.4
"U48296_at"	1444.6	1868.1	1683.7	1138.6	1964.4	2297.9	816.5	1089	1687.6	1926.4
"U48405_at"	2014.6	1277.2	1970.5	1983.4	1306.6	1608.9	3503.6	1758.3	1713.7	1286.2
"U48408_at"	1198.8	876.7	821.7	1558.4	1401.4	1707.6	2615.6	1669.4	1217.5	915.1
"U48436_s_at"	54.1	36.1	12	217.6	17.5	14.1	111.9	24.1	20.8	8.2
"U48437_at"	1282.1	579	775.1	1131.3	1036.2	757.3	1021.6	625.3	60.4	681.7
"U48697_at"	53.2	28.6	11.5	25.4	10.5	20	298.1	10.9	15.6	2.4
"U48705_rna1_s_at"	1180	1521.2	227.4	26227.2	719.5	1302.5	638.6	741.6	175.2	98.3
"U48707_at"	64.4	48	91.4	155.9	54	90.3	93.5	105.7	43	35.2
"U48730_at"	497.6	319.9	283.5	634	769.9	514.9	148.8	590.4	312.2	616.5
"U48736_at"	742.8	737.5	495.9	735.2	215.9	582.1	1047.9	1073.2	667.6	409.7
"U48807_at"	273.4	446	183	1175.5	247	420.8	301.9	237.3	260.6	167.1
"U48861_at"	239.2	576	416.4	415.4	208	202	478.2	329.3	342.3	244.9
"U48865_s_at"	285.7	172.6	142.4	196.1	53.4	120.8	230.6	124.5	104.9	100.3
"U48936_at"	1969.6	2450.6	1222.8	2117.6	803.8	1454	3384.2	1709.6	1369.9	1368.1
"U48959_at"	65.4	90.9	57.1	1591	34.6	49.5	56.2	52.8	47.7	23.9
"U49020_cds2_s_at"	1041.4	1145.5	890.5	1215	1876.9	2115.5	1008.8	2082.4	1490.1	1939.8
"U49065_at"	324.4	134.1	431.4	643.2	290.2	372.8	137.5	683	219.8	370.3
"U49070_at"	3109.4	2509	4525.4	6588.9	2459.3	1858.6	4498.8	3946.2	3994.5	3308.6
"U49082_at"	215.2	1847.5	224.2	1501.2	136.2	991.9	1642.5	390.5	219	188.5
"U49089_at"	276.2	91.4	380	853.1	92.4	59.4	79.2	574.2	76.2	29.5
"U49114_at"	36.6	282	25.4	716.4	54.2	339.7	104.9	151.4	303.4	20.3
"U49187_at"	160.6	84	24.4	74.2	36.1	180.9	175.5	63.5	108.3	42.3
"U49188_at"	6201.5	2585.1	4742.4	5735.2	4828.6	3914.8	9995.8	5357.7	6547.2	7244.3
"U49248_at"	56.2	50.3	304	944.8	217	125.5	322.5	221	183.2	31.9
"U49250_at"	564.3	274.4	530	471.8	77.8	171.5	526.4	265	145.9	138.2
"U49260_at"	1788.2	1844.3	1556.4	2687.5	1087.4	1595.4	3459.2	2321.3	3459.4	1551.9
"U49278_at"	22375.7	8144.7	18292.7	16329.6	11161.7	9642	14890.1	19913.1	17680.2	9892.3
"U49352_at"	6885.1	4424.6	10237.4	3819.7	11018.7	7355.2	5250.4	12813.7	9813.2	7456.2
"U49379_at"	41.6	50	15.9	32	98.8	21.6	51	22.9	159.8	11.4
"U49395_at"	797.7	840	734.3	1199.4	1030.8	1341.5	1601.4	1757.9	1143.2	843.4
"U49436_at"	2658.6	5702.7	5313.6	1033.5	2502.4	4815.2	2158.7	1793	1957.9	2296
"U49441_at"	919.4	820	816.2	1164.4	833.8	691.2	886.3	1414.2	736.1	621.1
"U49516_at"	64.8	24.7	7.4	24.6	6.1	7.4	51.7	16.4	8.3	6.7
"U49742_at"	173.7	200.6	169.6	287.2	71.5	217	591.5	291.1	238.5	140.9
"U49785_at"	5809.9	3771.4	3879.5	4039.1	2457.9	3571.1	4148.8	3701.5	4012.1	3565.8
"U49835_s_at"	3196.1	1198.8	2703	2020.3	2241.2	1998.3	2495.9	2838.6	2022.7	1745.2
"U49837_at"	156.1	514.6	186.6	316.6	301	98.2	497.3	1736.6	106.1	23.5
"U49844_at"	795.4	356.5	893.6	1876.9	724.3	398.4	550.5	1289.6	1016.5	578.1
"U49857_at"	634.1	523.3	401	197.6	308.1	360.6	102.2	150.6	429.2	108.2
"U49869_rna1_at"	145721.2	224979.1	120543.3	104291.7	127272.4	99403.7	107207.8	80379.2	89841.6	39186.8
"U49928_at"	1154.2	349.5	839.7	871	444	288.1	497.7	995.7	315.7	541.3
"U49957_s_at"	708.2	395.5	447.9	641.1	686.2	713.3	709.8	1305.8	580.8	866.1
"U49973_xpt1_at"	1330.5	1684	1230.1	3804.2	974.6	2119.6	1259.6	2007.4	1389.2	2029.2
"U49973_xpt2_at"	48.5	26.4	5.8	175.3	9	25	333.9	25.9	18.7	13.4
"U49974_f_at"	77.3	231.7	248.7	515.7	151.2	75.6	483.8	395.8	37.5	30.4
"U50062_at"	565.7	1033.2	420.4	311.8	343	395.9	330	709.8	327.9	524.8
"U50078_at"	2427.8	1857.6	2126.8	2048.4	1596.5	3024	1544.7	3719.1	3168.8	1721.6
"U50079_s_at"	2370.5	1693.5	3245.1	3933.7	1795.5	1252.9	3077.7	3628.9	2837.6	2266.5
"U50136_rna1_at"	1011.1	1188	210.5	2982.9	797.5	954.9	1639.4	1279.5	1413.9	688.1
"U50146_at"	156.4	128.8	102.7	152.3	73.8	149.2	142.2	133	109.6	34.9
"U50196_at"	639.4	366	413.4	600.6	402.8	406.6	569.1	405.4	685.7	385.8
"U50315_at"	478.7	730.6	181.5	916.7	476.2	216.1	221.1	604.4	77.3	111
"U50327_s_at"	2108.7	1876.6	3936.1	5223	1875	2711	3380.7	4211.3	2283.7	3714.4
"U50330_at"	461.4	260.9	702.6	306.6	77.8	430.2	175.4	497.2	553.2	163.9
"U50360_s_at"	592.2	126.3	596.5	280.9	461.6	90.4	144.2	897.5	417.5	317.2
"U50361_s_at"	233.6	98.3	58	36.4	137.8	193.3	61.3	64.5	30.3	487.8
"U50383_at"	133.6	678.4	191.8	1009.5	181.4	280.2	487.6	719.4	558.7	336.2
"U50523_at"	32905.6	29561.7	39390.6	16048.8	40824.9	38011.7	32394.5	35801.5	39119.4	32273.3
"U50527_s_at"	1566.8	1759.7	859.5	977.5	2941.5	2862.1	734.8	1387.1	1074.7	1294.2
"U50531_at"	835.9	320.9	359	311.5	140.2	97.9	618.4	364.9	279.4	51.2
"U50534_at"	444.7	294	310.8	1224.5	706.3	201.8	367.7	538.6	405	397.2
"U50535_at"	2407.1	2036.7	1662.6	4445.1	2202.1	2786.5	1624.1	3091.2	1772.9	2195
"U50553_at"	555.7	1008.3	973.4	633.2	870.8	438	809.5	1224.5	530.6	832.4
"U50648_s_at"	1688.6	2032.8	1587.5	1813	815	644	1560.9	1472.1	1127.8	1027.5
"U50708_at"	24.3	27	358.8	531.6	184.2	121	59.4	536.7	335.4	148.7
"U50733_at"	6368.7	4019.8	6285.8	7020.7	4695.7	5782.8	5105.6	6283.3	7451.4	5224.5
"U50743_at"	1536.6	864.3	1080.5	498.3	477.6	731.3	593.7	732.6	1411.2	663.4
"U50822_rna1_s_at"	236.2	144	27.1	84.9	112.2	44.4	125	109.6	179.8	17.9
"U50839_at"	478.8	519.8	617.5	468.4	651	313.9	320.3	286.1	279.4	463.2
"U50928_at"	147.6	60.5	411.2	316.6	299.3	106.4	322.9	358.3	154.2	220
"U50929_at"	75.5	87.4	45.3	307.9	50.1	28.6	140.2	94.9	82.5	46.7
"U50939_at"	1616.3	870	824.7	2824.1	1017.2	1348.4	942.9	1750.9	990.5	861.3
"U50950_at"	559.1	227.4	469.9	766	390.5	165	384.2	783.2	511.4	412.3
"U51003_s_at"	398.9	466.6	195.5	616.8	378.1	552.2	642.3	336.2	222	351.6
"U51004_at"	14071.2	11385.5	12623.4	18983.5	9403.4	15076.9	6114.1	11571.1	12192.9	11875
"U51010_s_at"	924.1	124.8	1677.4	269.1	139.8	552.1	1125	848	256.9	245.3
"U51095_at"	242.3	456.5	89.4	175.6	80.1	90.8	582.5	104	91.1	27
"U51096_at"	103.1	225	112	99.8	99.1	123.7	475.1	115.5	57.1	58
"U51127_at"	23212.8	10034	5783	5804.8	5265.3	11483.4	12144.2	13866.4	4309.5	3338.4
"U51166_at"	1033.9	1466.7	931.8	1325.5	1327.9	2393.2	410.1	1209.2	1491.8	2056
"U51205_at"	920.3	995.1	912.2	1937.9	585.9	1022.4	1803.1	1489.8	1617.7	1249
"U51240_at"	58779.1	43073	60358.1	1950.5	40018.8	43110.1	50454	46597.9	51085.8	44051.5
"U51241_at"	247.4	475.9	70.6	293.2	293.8	251.6	289.3	96.4	316.7	167.7
"U51269_at"	1787.9	1872.2	1752.1	4682	2017.2	1998.7	4211.9	1791.7	2648.2	1882.6
"U51333_s_at"	17056.1	5234.6	7765.2	1527.7	7404	8999	6211.4	10071.1	10766.4	10382.5
"U51334_at"	1244	865	1002.9	3465.9	946.6	1034.9	728.5	935.7	1139.9	1074.2
"U51336_at"	9205.9	12845	11335.2	7216.5	8833.7	9073.2	11952.3	13126	14065.2	10132.2
"U51432_at"	3258.4	2897	2449.1	4084.6	2689.7	2570.5	2533.5	3241.5	3304.5	3460.7
"U51477_at"	3209.9	2396.4	3529.5	4839.5	2129.4	2242.3	3553.5	4159.8	2597.4	2498.6
"U51478_at"	53207.6	57532.2	38572.2	21716.8	59178.6	47962.1	56203.4	38141.5	49341	42303.9
"U51561_at"	405.2	212.8	213.8	287.9	96	177.4	558.8	403.7	222.6	240.9
"U51586_at"	3327.8	5050.1	6506.6	5217.2	3743	6423	9119.3	4916.1	8151.8	6750.5
"U51587_at"	1753.8	840.6	859.6	2904.2	955	669.7	1127.8	1759.1	899.9	906
"U51678_at"	4300.3	4141.4	5360.2	4599.1	5767.3	5067.7	4026.8	4941.6	4026.9	5098.5
"U51711_at"	1694.9	657.5	1200.5	61.9	2037.6	760.7	1383.5	1190.8	832.4	889.8
"U51903_at"	2512.4	1198.4	1460.1	733.8	1784.1	1337.1	1475.4	2869.1	1854.1	2024.7
"U51920_at"	1976.4	1023.1	1460.5	2376.6	1589.4	2423.8	1430.6	2106.5	1836.5	1754.5
"U51990_at"	1585.3	895	1352.9	1196.3	1668.3	2058.1	1292.5	1635.2	1519.7	1947.3
"U52077_s_at"	376.2	714.8	559	1052.9	733.3	544.6	690.7	678.9	633	665
"U52100_at"	209.3	478.1	30.6	12930.2	272.3	251.5	27.9	422.9	293	97.8
"U52101_at"	49027.2	34618	16817.8	480.5	21144.6	34038.4	41635.6	16615.3	20191.8	21161.3
"U52111_rna3_at"	254.9	172.7	220.8	119	130.5	63.6	91.7	606	129.6	188.6
"U52111_rna4_at"	490.2	204.3	140.1	238.6	167	456.5	347.4	288.2	162	129.3
"U52112_rna1_at"	2223.4	1898.8	1980.1	2499.3	2214.3	1591	2884.3	2365.5	1554.5	1592.6
"U52112_rna5_at"	4572	1689.7	3425.6	1276.7	1384.3	1957.7	3191.5	4569.6	3292.6	2475.4
"U52152_at"	108.6	121.3	84.9	212.1	161.5	82.7	135.7	127.3	93	71.8
"U52153_at"	398.7	104.3	53.8	156	211.2	33.1	198.3	380.5	158.7	61.4
"U52154_at"	758.3	263.8	502.1	816.8	85.5	522.1	380.4	818.1	515.1	556.1
"U52155_at"	93.6	79.4	36.8	74.4	42.4	150.7	56.5	177.2	67	23.9
"U52191_s_at"	1020.6	776.4	566	106.7	1499	1510.1	1550.4	2018.4	978.6	1170.9
"U52373_s_at"	51.6	24.3	55.5	48.5	55	24.8	148.4	39.6	22.8	18
"U52426_at"	2991.9	2086.8	3269.8	3222.2	1844.8	2097.2	3789.2	4169.4	2149.6	3375.6
"U52427_rna1_at"	6230	4483.9	7538.6	4320.4	3670.4	5218.1	8951.2	6132.3	12367.2	7002
"U52513_at"	5231.8	14602.1	3437.3	187	962.5	1435.8	1452.8	2661.1	2352.5	687.8
"U52518_at"	361	629	375.2	378.6	634.4	184.2	661.2	303.2	1284	229.6
"U52521_at"	84.9	248.2	215.1	478.4	316.2	166.1	677.1	493.9	409.4	226.6
"U52522_at"	3561	2050.7	2643.1	17466.9	2551.7	3106.5	4326.4	3187.1	2806.4	2700.5
"U52682_at"	94.4	355.4	322.1	102.5	98.1	520.8	133.1	101.1	152.7	33.8
"U52696_s_at"	7677	4726.4	5979.1	5304.5	8647.9	7264.5	13151.2	6319.5	6696.9	7758.5
"U52700_at"	174	113.8	114.5	110.8	59	100.4	135.3	124.5	60.9	108.3
"U52827_at"	296.7	738.4	710.3	1227.1	1100.5	453.2	1082.1	243.7	1183.1	603.1
"U52828_s_at"	397	623.7	244.9	190.7	160.9	160.4	377.5	476.7	214.7	142.1
"U52830_at"	830.9	405	689.2	941.3	185.6	336.6	509.6	769.9	330	433.4
"U52840_at"	172.3	599.9	158	1345.2	152.1	294.9	464.5	635.7	296.3	253
"U52960_at"	78.5	235.6	246.4	66.2	207	42.3	44.4	546.2	48.6	298.4
"U52969_at"	174.1	39.5	47.3	110.7	79.7	49.9	140.6	58.6	103.3	46.7
"U53003_at"	4064.8	1982.5	5523.4	7528.2	2801.4	2269.9	2780	3406.4	4835.2	2689.9
"U53174_at"	1005.7	242.9	537.5	4577.1	221.7	451.4	1319.2	273.5	687	649.8
"U53204_at"	16142.2	7795.5	7586.8	15637.6	8395.2	9799.3	14206	12690.4	10134.1	13899.4
"U53209_at"	2251.6	2925.6	3323.1	5473.1	3311.5	2589.4	2242.9	3513.4	3285	3028.5
"U53225_at"	6884.5	4321.4	3567	2545.7	2394.7	4981.8	8163.2	5145.4	3981.4	3541.2
"U53347_at"	3177.3	3980.6	2322.1	6395	3658.5	2031.1	8766.9	7136.1	5466.6	6905
"U53442_at"	153.7	160.2	271.6	307.8	147.4	137.1	326.9	119.1	120.6	99.1
"U53445_at"	1038.2	2601.1	837.6	111.6	1824.1	597.3	1032.6	2184.1	2799.9	2056
"U53446_at"	17072.7	10099	8463	1196.1	15934.4	14034.1	17509.3	18798.5	17115.9	19097.3
"U53468_at"	434.6	245.1	309.9	473.1	502.7	547.5	361.3	541.6	718.3	853.3
"U53476_at"	483.8	1144.6	1343.8	1378.8	1264.6	643.1	279.9	1093.6	720.7	787.7
"U53506_at"	60.5	50.6	31.1	57.9	38.5	45.5	93.2	81.3	37.8	27
"U53786_at"	805.3	222.3	150.8	4086.4	368.1	707.5	316.1	212.5	158.3	153.4
"U53830_at"	13627.2	10298	3596.4	2850.1	3643.2	3503.1	2548	3348.7	1740.9	2395
"U54617_at"	365.1	249.6	180.9	200	45.1	98	69.6	183.9	69	76.9
"U54644_s_at"	1497.4	1228	1612.3	2638.4	1694.3	1987	4420.6	2102.4	1351.8	1269.5
"U54778_at"	4548.5	5473.6	5592.1	9535.1	3431.2	4839.4	2269.8	4453.3	3893	5313.2
"U54804_at"	294.1	221.2	134.5	275.6	71	36.9	122.6	167.7	228.1	122.1
"U54999_at"	155.3	139.8	22.6	356.7	8.2	120.1	204.4	42.4	309.7	19.9
"U55054_at"	899.1	954.3	201.6	1541.7	913.7	1240.3	762.7	333.1	268	708.4
"U55206_at"	578.8	427.9	341.5	1063.8	421.4	280.5	583.4	475.8	483.3	388.2
"U55209_at"	861	172.5	644.6	399.4	352.8	218.9	722.3	313.6	720.4	371.4
"U55258_at"	85.6	42.8	73.3	615.3	379.7	104.1	186.6	639.5	337	222.8
"U55764_at"	415.4	113.9	78.2	432.2	56.8	43.4	75.3	405.1	112.8	92
"U55766_at"	425.8	587	143.4	492.1	333.5	130.9	317.2	335	212.4	263.7
"U55853_at"	986	870.2	69.5	745.2	622.8	741.7	806.4	948.3	1117.6	1220.4
"U55936_at"	184.4	51.8	592.7	75.1	60.5	120.4	357.5	734.4	255.9	264
"U56085_at"	770.8	412.7	683.8	633.6	83.5	379.5	819.7	812.1	589.5	471.3
"U56102_at"	274.7	28.2	21.1	40.2	52	21.4	254.7	26.1	18.1	158.3
"U56244_at"	357.5	279.8	373.5	506.7	363.8	371.2	270.2	799.1	433.5	387.5
"U56402_s_at"	3453.9	3597	2742.7	3334.7	1870.8	4713.1	4976.1	2430.3	1643.1	2583
"U56417_at"	5448.2	2575	4324.9	6522.9	2915.9	2321.3	4048.4	7145.3	3644.2	3861.9
"U56418_at"	7220.3	4168.3	7954	10751.5	7157.1	4436.8	11303.4	12600.7	9022.3	8525.8
"U56637_at"	21262.5	20328.2	21343.8	11596.5	26208.9	19679.2	15814.5	20397	23618.1	23289.9
"U56814_at"	547.7	99.9	415.7	856	231.7	161.4	441.1	89.3	314.3	84.7
"U56816_at"	2599.7	1930.3	1622.4	1250.6	1996.5	1567.5	4251.9	1972.5	1296.5	1337.4
"U56833_at"	2195.1	1597.8	1873.9	1249.1	2370.5	2531.2	1194.9	2585.5	1780.1	2579.7
"U56976_at"	804.3	639.6	1145.9	117.1	392	313.5	644.4	588.5	285.7	472.6
"U56998_at"	10618.3	8253.4	2899.7	2732.5	12354.8	14166.3	7340.7	5491.3	7627.5	10683.5
"U57057_at"	1165.6	330.8	624	1034.9	596	683.3	954.6	1384.4	588.3	634.2
"U57092_at"	222.5	49.1	128.4	83	25.6	57.5	240	79.4	29.1	30.6
"U57093_at"	26.4	39.8	29.1	267.6	151.2	40.8	67.4	322.9	77.3	28.3
"U57094_at"	989	741.6	382.1	432.4	447.5	653.7	432.3	579	907.9	605.8
"U57099_at"	133.1	293.1	317.3	190.8	38.3	110.2	339.8	54.2	197.3	38
"U57316_at"	1400.6	484.1	956.5	1530	462.2	525.5	1566.8	2304.1	919.9	890.9
"U57317_at"	19.4	24.7	12.6	27.4	12.1	12.1	108.2	17.9	11.9	7.2
"U57341_at"	426.5	763.9	906.5	819.6	482.4	540.3	606.7	1002.8	398.5	580.1
"U57341_r_at"	5768.4	4638.6	4257.6	5722	4991.2	4703.9	21149.3	5964.6	6675.9	3964
"U57342_at"	10458.2	7147.3	9023.6	9540.2	8530.6	9759.9	3739.2	10781.2	8006	10070.2
"U57352_at"	180.6	81.6	115.3	228.7	99.1	112.1	133.1	185.3	212.7	119.2
"U57450_at"	1123.4	1161.4	646.6	1544.8	955.3	1042.6	1034.9	664.4	1090.9	1080.3
"U57452_at"	14	24.7	9.1	18	12.9	17.6	16.8	85.8	63.7	58.5
"U57592_at"	644.9	905	628.6	252.7	399.3	284	615.6	560.6	526.8	396.1
"U57623_s_at"	1170.2	4258.5	700.5	428.9	1356.3	5591.8	5412.7	3707.7	2458.6	5314.3
"U57627_at"	791.4	54.5	922.8	1413.6	1700.5	1380.4	401.3	1664.8	1320.1	1397.4
"U57629_at"	702.3	612.4	386.5	4354.4	1576.5	607.7	692.8	800.6	770.4	844.7
"U57650_at"	2060.6	1593.6	3026.3	2122.1	2549.7	1629.5	3048.5	3677.5	4016.8	2306.5
"U57721_at"	24340.8	29585.6	7360.4	647.3	23367.5	30157.4	27644.3	9976.8	12168.7	14366.7
"U57796_at"	32.8	82.3	25.5	118.2	22.9	71	91.9	47.2	281.6	40.5
"U57877_at"	2928.7	1290.5	4221.2	4521.8	2779.6	1938	3644.3	3087.3	4270.4	3304.5
"U57911_at"	24.3	81.3	40	166.1	22.3	31.5	124.6	81.8	124.1	32.5
"U57971_s_at"	256.4	811.2	721.6	540.3	724.7	417.6	729	483.9	669.8	657.4
"U58032_at"	280.5	97.7	66.7	139.2	248.9	110.5	447.4	267.3	193.7	219.7
"U58033_at"	126.3	214.6	75.3	167.4	34.7	121.4	264.1	56	133.7	47.4
"U58034_at"	506.3	327.3	139.2	169.9	478	388.5	563.7	401.4	302	343.8
"U58046_s_at"	942.4	1127.7	865.1	1415.4	4091.6	3008.1	1233.7	2448.3	1494.7	3323.7
"U58048_at"	4900.7	3858.1	4051.3	6073	4055.5	4627.2	6229.9	4394.9	3997.6	4099.1
"U58087_at"	3861.5	7473.9	1821.2	2233.7	3438.2	4998.8	3762.5	3554.2	1968.4	4110.8
"U58089_at"	2013.9	3658.2	2031.2	3323.8	3630.2	3460.6	1997.4	3228.8	2494.9	3741.2
"U58090_at"	1181	1588.2	1106.9	1488.9	939.3	1665.4	2106.8	2237.3	1253.6	1382.1
"U58091_at"	230	110.2	35.6	237.1	203.4	189.4	228.2	348	192.7	159
"U58096_at"	297.1	136.2	289.2	229.5	247.9	214.4	90.4	221.6	267.9	230.1
"U58130_at"	136.8	216.1	113.6	449.2	379.9	159	288.7	59.9	241.3	136.7
"U58331_at"	292.4	62.5	268.3	18.8	70.3	52	308.6	38.8	21.7	5.8
"U58334_at"	5321	4545.2	849.4	2362.3	3726.5	7249.7	4216.4	1813.6	887.7	2927.1
"U58516_at"	596	1169.6	2720.6	2537.6	3069.9	1538.6	2715.6	2250.7	2046	2572.3
"U58522_at"	520.4	376.8	364.7	452.3	512.4	1258	478.5	769.8	628.4	883.3
"U58658_at"	469.6	877.5	668.8	758.8	233.6	263.6	30.5	401.5	285.4	304.3
"U58675_cds1_at"	195.1	67.1	54.5	59.6	39.2	46.1	483	62	93.4	25
"U58675_cds2_at"	648.1	500.4	458.5	430.5	404	101.7	572.4	184.1	320.9	437.2
"U58681_at"	478.6	637	762.8	1245.6	352.3	731.2	1826	730.6	684.7	682.2
"U58682_at"	53794.9	56034.7	48481.9	32919.2	28649	33116.4	44642.1	30335.7	37080.9	40692
"U58766_at"	1397.2	1117.3	1671.6	2574.6	1019.8	1036.3	1497.3	1701.2	1378.3	1291.1
"U58837_s_at"	37.9	119.2	71	291.3	42.7	45.1	97.7	64.5	37.2	20.3
"U58970_at"	1976.7	1971.4	1663	5582.5	1761.8	1851.2	1110.9	1385.3	1700.5	1394.5
"U59057_at"	67.9	109.9	84.6	63.8	70.3	112.6	632.3	136.1	90.2	50.4
"U59058_s_at"	167.7	523.8	135.5	555.7	274.4	289.8	472.5	436.3	345	217.8
"U59111_at"	283.8	120	8.4	84.2	10.4	40.5	302.4	9.8	73.3	38.6
"U59228_at"	676.5	152.1	151	218.7	108.9	98.6	195.6	189	151.4	87.9
"U59286_at"	556.7	288.4	214.7	163.8	63.9	378	158.8	304.9	72.7	189.7
"U59289_at"	216.9	442.6	32.3	597.1	277.4	75.9	155.1	243.7	220.3	143.3
"U59302_at"	3592.9	3591.6	2362.8	2793.3	2167.2	2818.5	2557.9	3724.1	2135.4	1774.8
"U59309_at"	3106.6	2711.5	2826.8	2733.5	3566.3	3405.5	3583.9	3253.9	3475.2	3348.9
"U59321_at"	559	1525.5	815.6	507.8	343.3	84	532.3	1776.1	268.6	757.1
"U59325_at"	78.3	62.4	174.9	86.5	50.9	54.1	25.6	28.7	140.4	70.4
"U59423_at"	628.8	675.3	881.2	4612.8	558.4	282	688.5	459.8	836.7	1148.3
"U59632_s_at"	269.8	229.4	221.5	2010.5	150	277.7	1544.8	101.3	243.1	167.6
"U59736_at"	519.9	233.7	419.2	557	74.1	139.4	600.2	351.5	317.6	137.8
"U59748_at"	458.9	400.5	377.3	414	248.1	383.7	585.8	408.8	386.3	266.1
"U59752_at"	3613.1	3776.7	2507.7	3498.1	1384.8	2207.6	2013	1223.7	1506	2517.6
"U59831_rna1_s_at"	624.9	504	187.8	413.2	289.7	266	383.8	591.9	675.3	299.1
"U59863_at"	1802.5	3715.7	1376.1	1614.1	11308.3	8259.4	603.5	2886.2	2387.3	4472
"U59877_s_at"	17568.3	5337.9	11492.3	2119	9724	8160.5	17789.4	11048.4	10317.3	13917.1
"U59878_at"	2145	2679.8	2495.2	1176.5	2375.3	3030.7	2660.5	3170.3	3134.8	2171.8
"U59913_at"	40	136.7	196.7	377.4	169.6	190	211.6	169	129.2	254.6
"U59914_at"	518.5	30.9	452.3	199.3	399.3	149.1	559	742.8	602.6	332.1
"U59919_at"	819.4	497.9	627.1	2370.7	622.6	373.3	451.8	833.7	866.5	534.7
"U60060_at"	84.2	71	91	110.4	48.5	284.1	310.3	246.4	82.5	138.2
"U60061_at"	3391.8	1903.3	4010.6	2162.3	4840.4	4043.4	3032.3	4165.7	6101	4965.3
"U60062_at"	671.5	486.6	256.5	316.8	521.1	358.4	584.7	370.2	295.9	235.7
"U60115_at"	1683.6	11747.4	15092	1026.5	22612	11156.3	590.7	14683.3	5778.8	13257.1
"U60116_at"	630.9	277.2	458.9	894.4	127.2	373.5	1106.3	680.1	228.6	152.3
"U60205_at"	33.2	300.9	326.8	1006.2	249.2	232.2	80.1	1408.8	1844.5	582.6
"U60206_s_at"	522.8	71.9	153.1	45.3	100.6	200.2	76.2	165.6	130.3	156.1
"U60269_cds1_at"	323.2	364.9	225.5	486.1	142.7	197.9	521.7	186.5	185.5	168.1
"U60269_cds2_at"	407	361.1	570	649.3	482.2	258.7	329.9	560.9	642	284.3
"U60269_cds3_at"	537.7	992	450.7	545.5	687.6	485.1	696.3	441.5	518.1	411.3
"U60276_at"	3193.4	1835.7	2537.5	2073.8	1346.4	1554.1	3847.7	2971.6	2400.3	2634.7
"U60319_at"	338.8	206.9	529.7	412.7	366.6	372.5	19.9	615.9	722.8	454.6
"U60325_at"	2797.1	3048.4	2169	2156.5	2410.9	3356.8	2311.1	3099	3077.2	3124.3
"U60415_at"	660	587.3	634.9	497.9	821.8	716.8	446.6	817.1	791.3	671.4
"U60519_at"	846.5	603.1	1657.6	835.1	435.7	537.1	661	1495.7	1053.9	530.6
"U60521_at"	2531.3	1635.6	2239.1	3362.8	1997.8	1359.7	1626.5	3260.4	2726.6	2279.7
"U60644_at"	27605.2	8257.7	16169.1	7927.2	10118.9	17338.9	43494.1	31678.4	8503.8	21278.4
"U60665_at"	50.5	48	17	54.9	20.7	34	42	41.4	52.1	12.9
"U60666_at"	823.6	1045.6	268.8	5766.8	864.3	975.6	1102.2	1564.6	1153.3	915
"U60800_at"	10865.4	1900.7	5764.3	3451.5	3434.8	2782.4	3956.4	4385.6	3593.2	2583.2
"U60805_at"	270.9	20.7	38.2	268.4	15.8	33.2	183	41.6	40.9	3.1
"U60808_s_at"	398.1	612.1	42	17461.8	341.7	359.1	252.9	246.7	272	350.4
"U60873_at"	103.9	368.9	196.1	200	90.5	107.4	95.4	83.5	56.4	56.2
"U60975_at"	7651.7	6619.7	5885.4	10029.6	7894.3	2363.5	4805	2632.5	3377.8	2061.8
"U61145_at"	712.4	3713.3	989.7	447.5	1583.1	1754.7	472.6	373.1	433.6	581.7
"U61166_at"	701.9	115.9	151.2	784.1	463.5	336.2	789.4	955.1	196.6	129.4
"U61167_at"	160.9	276.5	252.8	97.3	934.1	541.3	443.2	835.3	390	473.3
"U61232_at"	1567.8	539	653.3	438.9	368.7	652.1	793	631.5	848.3	492.8
"U61234_at"	461	415.6	437.6	744.6	924.2	629.6	412.2	1305.3	1075.2	508.2
"U61262_at"	775.6	168.7	352.4	1521.6	724.6	103.6	130.8	184	149.8	394.1
"U61263_at"	2499.9	1461	2363.9	2195.4	1354.7	1241.6	3637.6	2622.9	2454.3	2076.5
"U61276_s_at"	288.3	250	125.4	691.2	600.8	1436.3	402.2	575.4	158.2	528.5
"U61374_at"	289.3	87.3	28.5	127.7	157.3	116.1	312.7	349.9	241.4	398.3
"U61397_s_at"	2813.6	2557.7	3357.7	4732.4	4135	3199.3	2175.1	3288	2996.9	4027.4
"U61500_at"	735.4	323.4	468.7	460.9	748.7	485.1	389.9	963.5	674.1	371.6
"U61538_at"	276.6	333.9	447.8	220.4	354.4	301.9	44.9	493.9	498.5	505.1
"U61734_s_at"	8497.2	3689.9	8049.6	8822.7	6438.6	7324.8	13248.1	9941.8	10038.2	10300.3
"U61741_at"	225.4	272.8	361.9	15.6	185.6	51.2	63.7	61.8	64.8	5.3
"U61836_at"	1438.2	803.9	478.5	708.1	286.3	1783.9	675.8	789.7	278.3	1194.8
"U61849_at"	290.4	88.3	15.4	228.2	36.1	15.3	166.2	144.8	39.4	53
"U61981_at"	294.2	169.9	414.2	238.3	304.9	207.7	377.2	578.1	266.9	265.2
"U62015_at"	130.8	717.4	54.4	410.3	24.9	34	18.3	25.3	83.3	16.6
"U62136_at"	960.9	518.2	638.2	1095.1	974.3	1200	688.4	1280.6	922.3	1097.4
"U62293_rna1_s_at"	11039.8	3553.9	3952.6	1753.6	2157	3598.7	12084.8	5199.3	4909.6	3935.3
"U62317_rna3_at"	7914.1	8620.1	5005.5	9255.6	3634.8	7610.8	8496.3	7102	6722.6	5249.7
"U62317_rna6_at"	692.2	936.9	770.3	832.5	214.6	235	865.2	266.2	327.7	482.5
"U62317_rna7_at"	4034.9	1838.8	3468	3621.7	2257.9	2393.2	3226	3993.2	2569.9	2918.9
"U62325_at"	353.8	561.9	252.7	339.1	179.6	230.4	41	159.6	639.2	258.7
"U62389_at"	1228.2	1265.2	3725.4	1681.3	1291.5	1425.6	4651.6	7435	5474.7	3856.7
"U62431_at"	326.6	184.8	125.5	306.7	113.2	257.9	299.1	570.5	401.9	162.9
"U62432_at"	58.4	19	52.6	148.3	231.4	9.7	26.8	74.6	15.9	25.3
"U62433_at"	217.4	238.1	439.2	415.7	467	165.9	1502.5	759.9	549.7	417.2
"U62434_at"	25.5	111.9	261.6	21.3	69.5	4.8	100	10	13	5.3
"U62437_at"	533.9	1123.8	1014.8	1532.6	1106.2	719.1	1122.9	914.1	1526.6	458.2
"U62438_at"	54.5	56	170.7	102.8	274.7	120.9	291.1	80.9	60.9	33.6
"U62531_at"	7237	2961.4	3763.7	2836.7	667.7	5798.6	8862.2	5679.9	3920.7	3822.9
"U62739_at"	3090.8	2773.7	3164.3	7701.9	2596.1	2603	5624.7	4633.9	4606.7	2803.3
"U62800_at"	96.7	132.4	120.5	3204.2	117.4	92.1	958.2	201	808.9	862.6
"U62801_at"	744.8	853.3	742.3	1467.1	843.7	593	1993.7	789.3	896.5	808.6
"U62961_at"	36.6	40.5	44.4	510.3	174.7	137.7	25.1	394	130.5	134.6
"U62962_at"	6151.9	9411.1	14214.4	6985.7	15362.5	9246.7	4928.4	12274.9	10269.9	18475.8
"U62966_at"	168.2	218.5	451.4	423.1	580.4	249.6	1107.6	1011.4	201.9	454.8
"U63090_at"	956.2	827.9	744.2	862.5	126.7	752.8	1083	983.9	694.2	520.1
"U63139_at"	94.4	64.8	135.9	582.9	135.5	59.3	68.3	168.4	47.3	164.6
"U63289_at"	389.6	535.6	101.9	1228.9	576.7	716.7	741.7	930.7	731.6	540.7
"U63295_at"	427.7	397	243.3	648.3	425.7	499.2	642.6	600.6	297.4	240.2
"U63312_at"	36.8	49	28.3	36.4	23	25.9	93.8	47.4	30.4	23.8
"U63329_at"	152.6	98.3	568.9	734.8	67.2	409.4	287.8	364	153.7	306.1
"U63332_at"	47.1	19.8	144.8	23.4	7.4	9.3	36.7	241.1	10.5	29.1
"U63336_at"	527.7	557.8	639.9	1335	400.9	503.9	1482.6	797	789.8	757.7
"U63455_at"	645.5	219.2	195.5	785.1	33.7	291.4	1645.5	946.3	138.4	300.1
"U63541_at"	674.4	949.8	856	787.8	470.6	680.3	600.6	789.8	521.9	400.9
"U63542_at"	411.5	71.5	33.4	64.8	290	72.3	63	177.7	79	48.6
"U63717_at"	2347.9	901.6	3419.6	689.5	1664.8	1918.2	1291.1	2837.8	2790	2177
"U63743_at"	357	390.5	868.3	623.9	446.7	342.8	194.8	836.7	1006.4	410
"U63824_at"	61.2	67.4	261.9	545.3	61.9	69.2	103.8	317.5	249.2	125.3
"U63825_at"	1374.3	1488.9	2458.5	2420	1295.7	1402.7	2824.5	4092	3142.4	2262.6
"U63842_at"	473	1219.8	279	1744.7	592.2	994.4	830.1	301.7	785.9	820.1
"U64105_at"	4448.1	2971.7	3528.9	4357.5	3104.1	3494.2	6008.7	5673.2	3665.7	3285.3
"U64197_at"	8105.6	51906.2	681.6	304.6	57859.3	36637.4	2253	542.5	1123	8292.8
"U64198_at"	83.9	131.4	58.2	127.6	247.5	212.4	137.5	120.1	206.9	90.8
"U64315_s_at"	570.5	490.7	163.3	635	179.3	142.3	36.1	414.7	382.4	80.6
"U64444_at"	6307.5	5646.4	4707.6	2937.5	3820.1	5783.4	7014.3	4781	5405.8	4301.2
"U64520_at"	684.3	327.4	903.5	562.6	858.3	726.6	933.1	1650.7	908.8	1312.4
"U64573_s_at"	77.1	49.7	30.8	413.8	260.1	179.2	100.7	107.4	305.3	126.2
"U64675_at"	1504.1	2375.9	1616.4	2358.9	2097.2	2122.7	1575.2	1902.7	1881.6	2568.6
"U64805_s_at"	81.6	43.9	26.5	72	65.2	73.8	119.3	100.6	75.3	34.2
"U64863_at"	835.5	784.2	1012.4	1003.3	643.1	864	1751.8	1550	1089.5	496.4
"U64871_at"	286.3	268	17.8	293.7	50.1	8.3	36.4	24.7	70.3	4.6
"U64998_at"	184.5	826	3217.5	196.7	2941.5	1568	764	5263.6	5120.4	4347
"U65002_at"	171.1	8.8	12.8	98.2	5.5	32.7	246.2	91	42.1	6.7
"U65011_at"	281.4	279	160.8	77.4	132.6	107.7	22.7	187.9	160.6	30.2
"U65092_at"	692.3	947.9	438.3	270.1	726.4	497.2	1207	1189	666	550.1
"U65093_at"	3536.9	7349.1	4699.6	1721.2	4572.9	2697.8	9105.6	6269.2	6799.5	6331.8
"U65402_at"	1710.1	1946	1380.8	1116.4	1085.6	1276	1779.8	1195.9	1196.3	1060
"U65404_at"	157.3	180.3	92.8	115.5	87.7	132.4	355.2	122	98.3	67.6
"U65406_rna4_at"	139.9	157	178.8	144.5	150.7	22	59.5	68.7	162.3	22.5
"U65410_at"	93.4	35.7	272.1	459.3	109.4	33.8	28.2	378.4	78.1	154.9
"U65416_rna1_s_at"	4011.7	2471.6	2819.4	1951.8	2906.8	3564.8	4159.8	4610.8	4535.8	2947.4
"U65437_rna1_at"	34.8	47.5	37	139.4	42.6	11.3	33.3	9.7	17.6	4.9
"U65533_s_at"	761.7	177.5	942.7	1829	333.3	651.1	1223.8	589.1	480.3	807
"U65579_at"	4758.3	1833.7	3613.7	3546.3	1373.6	1886	5502.2	3590.1	3200.2	3261.8
"U65581_at"	98.4	377	1000.6	208.6	94.5	116.9	981.7	189.6	385.9	54.8
"U65676_at"	694.8	564.3	250.1	901.6	524.6	702.9	1017	1052.9	975.7	723.4
"U65785_at"	7022.1	5164.6	4241.7	9179	3190.5	8208.6	4398.2	8339.4	7631.8	7360.7
"U65918_f_at"	172.5	25.4	60.5	215.2	207.7	10.9	68	160.2	14.3	8.5
"U65928_at"	1126.3	1717	1950	1715.6	1987.6	1808.1	948	2150.8	2287.3	1878.2
"U65932_at"	1659.5	563.2	196.8	254.1	277	259.9	594.7	458.1	342.9	281.7
"U66033_at"	15.2	125.5	168.1	332.4	140.2	114.2	39.3	31.3	39.8	13.6
"U66036_at"	145.6	154.4	80.2	151.4	182.1	238.1	305.3	160.9	542.9	305
"U66048_at"	690.7	565.7	396.3	1111.5	472.4	290.2	873.2	633.8	238.6	384.9
"U66052_at"	1087.1	1515.2	837.3	2338.3	784.4	691.2	871	1215.2	448.9	934.3
"U66059_cds7_at"	1482.1	1001.5	922.8	2052.6	982.5	397.7	1035.9	1325	1009.1	1090
"U66061_cds3_at"	237.3	670.6	551.7	852.8	601.9	306.5	175.7	600.7	568.8	140.4
"U66075_at"	54	18.9	18.2	327.8	6.1	26.7	57.9	35.5	21.8	9.9
"U66077_at"	624.5	166.1	310.3	375.6	177.7	245.8	144.7	320.3	267.4	150.4
"U66083_at"	107.2	139.3	530.1	135	85.6	391	452	86.4	327.4	209
"U66088_at"	994.9	404.2	475.9	261.7	378.6	636.7	1913.7	477.8	349.7	354.1
"U66198_at"	98.6	64.8	34.5	50.3	62.9	29.4	21.3	56.3	71.3	19.4
"U66359_at"	1540.4	201	771.6	1312.7	830.3	857.7	1711.1	1056.5	751	780.8
"U66406_at"	731.3	922.5	990.9	7298.2	1191.5	778.4	1152.9	1566	1138.5	940.8
"U66464_at"	926.5	796.4	3880.8	1229.1	1636.4	1729	1529.9	2065.3	2162.4	1256
"U66468_at"	107.1	203.5	48.9	58.9	52.7	76.6	324.9	114.6	61.4	55.2
"U66469_at"	1492	1207.7	1306	1328.1	1208.4	1627.1	1317.8	1213.6	1179.3	1439.9
"U66497_at"	358.3	147.9	186.3	397.1	195	69	26.7	128.1	227.8	20.9
"U66559_at"	323.3	382.7	640.3	895	299.4	446.5	878	217.7	491.4	446.4
"U66561_at"	132.1	215	481.2	259.7	351.6	174.2	26.8	190.2	287.5	42.7
"U66578_at"	152.4	332.5	576.5	521.6	441.7	352	529.5	60.3	49.4	82.2
"U66580_at"	245.7	75.5	167	135.1	48.4	266.8	103.1	14.3	33.5	39.2
"U66581_at"	52	101.2	67.5	12	11.3	9.9	82.6	211.2	24.9	75.2
"U66615_at"	1211.4	1266.6	745.1	2061	843.9	1054.7	1692.4	1409.4	1424.3	1248
"U66616_at"	1498.6	1120.5	1743	2616.8	825.5	1014.7	1248	2518.3	1378.7	2028.4
"U66617_at"	1726.3	1132.6	891.8	1828.7	1106.5	1124.8	1029.3	1313.6	1120.9	982
"U66618_at"	149	529.5	917.2	1840.4	623.6	697.1	958.1	2019	1249.2	1031.8
"U66619_at"	34.4	119.7	73.2	356.3	30	28.7	39.5	50.3	37.1	19.5
"U66661_at"	83.8	145.3	199.1	591.5	592.1	193.8	388.1	302.5	172.9	44.1
"U66669_at"	428.2	195	413.9	677.6	340.4	149.6	440.7	462.2	322.8	157.8
"U66702_at"	60.7	508.6	204.8	2201.2	63.2	161.8	166.3	365.9	94.9	78.3
"U66711_rna1_s_at"	20366.6	9568.3	18604	6575.4	5187	5707.9	4640	12975.8	6541.8	10630.2
"U66726_at"	718.7	394.5	47.4	89	974.4	65.1	124.8	1458.8	37.4	23.5
"U66726_s_at"	196.4	100.1	140.1	67.1	41.6	93.9	129.4	139.8	91.1	59.5
"U66828_s_at"	250.9	158.6	633	594.6	163.7	156.6	448.9	266	174	122.3
"U66838_at"	62.7	527	41.5	451.8	516.9	760.1	229.2	63.3	234.3	496.5
"U66879_at"	2875.7	2096.3	2304.1	5945.8	2091.2	1780.6	2495.4	2431.4	2183	1816.1
"U67092_at"	13.1	210.2	7.4	8.3	5.7	11.8	8.4	12	8.7	5.5
"U67092_s_at"	147.5	514.2	24.2	306	308.4	40.5	476.9	137.5	73.9	84.5
"U67122_s_at"	3079.7	2316.9	3080.8	3823.4	3834.7	3595.5	2546.5	3601	3140.9	4475.6
"U67156_at"	662.4	479.5	1023	1088.9	1491.9	1195.2	90.8	1738.1	1100.9	942.5
"U67171_at"	9059.9	9996.9	11698.6	20697.7	6396.6	6637.5	6104.6	8056.8	7699.6	6676.9
"U67191_at"	103.6	390.9	42	130.2	159.1	60.3	264.6	71.8	307.4	39.3
"U67319_at"	718.2	1339.2	1224.1	1720.1	1131.7	2310.6	560.7	1438.9	1430.8	937.8
"U67368_s_at"	455.6	80.9	591	678.5	587.5	572.8	569.5	650	623.3	511.7
"U67369_at"	768.6	839.1	1148.5	772.7	711.8	804.9	458.1	844.3	1082.8	417.3
"U67611_at"	107.2	307.1	282.2	521.4	38.3	79	57.2	272.9	136.4	105.3
"U67614_at"	354.7	503.5	219	380.6	128	128.8	415	105.7	320.6	87.5
"U67615_at"	2114	2467.9	843.4	725.7	1939.4	4618.7	2465.2	3066.4	1231.4	1161.2
"U67674_at"	442.8	223.5	203.3	544.8	412.6	302.8	604.6	528.3	347.6	271.6
"U67733_at"	922.9	876.8	851.9	725.9	468.7	692.6	641.4	553.1	705.5	440.7
"U67784_at"	746	244.3	752.9	543.8	1007.9	192.5	139.7	839.5	204.7	123.5
"U67849_at"	1492.6	1673.4	1197.7	2310.5	1285.3	1109.2	2009.4	1469.5	1059.2	1470.2
"U67932_s_at"	25.4	34.5	29	322.6	131.8	355.6	203.9	444.6	191	182.6
"U67934_at"	1895.9	1206.6	873.5	1693.1	666.5	767	757	752.4	506.7	619.1
"U67963_at"	22891.5	11521.6	6982.2	12825.2	5428.1	19873.4	17800.2	9129.7	2970	3905
"U67988_at"	14.8	20.8	59.2	49	29.5	16.4	37.6	20	121.9	7.1
"U68018_at"	3531.4	2420	2912.1	2835.3	3509.7	3877.1	1860.4	4290.7	1295.3	4024.5
"U68019_at"	98.7	524.9	68.9	2600.6	212	100.5	132.7	50.8	42.7	40.4
"U68030_at"	51.2	26.5	201.8	152.9	86.4	15.2	53.4	181.4	28.9	29.8
"U68031_at"	240.5	37.7	12.3	50.9	65.8	8.8	16.2	27.7	36.7	8
"U68063_at"	1977.1	4806.3	4898.4	3250.4	4177.4	3216.7	875.7	2772.5	6698.3	5651.8
"U68105_s_at"	7998.6	17819.7	16857.9	11107.2	25381.2	15736.6	8384	13197.2	13818	19212
"U68111_at"	465	813	812	509.7	1126.9	937.6	29.9	814	1007.3	1048.9
"U68133_at"	71.8	44.5	202.2	63	32.3	130.3	100.8	45.4	35.1	13.4
"U68135_s_at"	25.3	30.5	216.1	445	107.6	222.6	36.3	217.2	175.3	110.5
"U68142_at"	1702.2	2253.7	1335.3	6981.2	1744.7	1532.3	1093.1	2551.6	2107.6	1407
"U68162_cds1_s_at"	222.6	100.1	377.6	724.3	129.3	43.2	389.1	50	62.6	61.3
"U68233_at"	160.8	128.1	293.5	281.4	174.3	59.6	306	318.6	310.6	158.7
"U68385_at"	431.5	246.2	109.4	2097.4	468.9	95.4	96.4	154.2	234.3	35.5
"U68485_at"	1395.6	800.9	2415.9	1465.3	2278.9	1201.9	2293.4	1673.8	1516.8	1281.3
"U68488_at"	816.8	506.5	266.2	741.6	479.2	495.1	1188	471.4	540.9	412.9
"U68494_at"	6365.8	5816.6	844.4	1784.1	4264.1	4187.5	3544.1	1808.7	1950	8277
"U68536_at"	303.9	371.2	444.8	113.4	717.3	549.1	253.7	486.7	387.4	435.2
"U68566_at"	9410.3	4651.4	9199.3	7941.4	4280.5	4108.6	7523.7	6699.5	7178.4	5735
"U68723_at"	2495.9	1145.9	2638.7	1981.8	1315.1	606.2	3942.2	3446.8	2257.6	2040.6
"U68727_at"	389.1	30.8	40.1	119.2	93.4	25	87.8	207.2	75	6.1
"U69108_at"	86.2	51.1	20.5	104.7	104.1	17.1	14.4	182.5	30.2	36.6
"U69126_s_at"	2973.8	3520.7	3170.5	6683.5	3507.2	4040.8	3130.4	3246	3366.7	4548.8
"U69127_at"	320	461	464	775.2	555.9	735.8	270.7	398.1	537.2	496.5
"U69140_s_at"	1310.4	1420.2	1782.9	992.5	1997.5	1713.8	2044.1	2366.6	1991.4	2634
"U69141_at"	1404.7	753.5	941.2	1698.4	582.3	566.6	1612	897.9	1300.9	801.8
"U69263_at"	323.2	247.4	256.2	709.5	216.1	143.8	559.2	147.1	76.6	47.4
"U69546_at"	1071.2	1381.2	2412.9	718.2	2800.1	800.5	599.2	2598	1919.6	1878.4
"U69611_at"	1367.6	1721.9	1820.3	217.7	2308.9	931.6	413.1	2233.3	2349.6	2715.7
"U69645_at"	2447.9	2132.2	2735.6	3400.5	2497	1551.2	2431.6	3556.1	3084.3	2194.2
"U69961_at"	107.9	211	276.8	677.9	156.5	103.7	45.1	43.9	36.1	14.7
"U70063_at"	4775.8	3684.9	6201.5	3679.2	5378.8	5290.6	3590.9	7012.4	4684.9	7939.3
"U70064_s_at"	737.9	697.9	475.3	839.5	531.4	464.1	1388.1	823.5	542.7	402.8
"U70136_at"	185.3	30.8	19.9	121.4	26.8	19.2	56.3	286.3	255.7	4.9
"U70321_at"	9686.8	5268.9	5537.4	4338.3	2774.9	5729.5	9221.1	5891.5	3559.4	4324.6
"U70322_at"	784.4	961.7	1349.2	1185.5	1247.1	2289.8	1418.1	1282.2	580.8	1959.4
"U70323_at"	1772.7	1399.9	1805.7	7928.7	1319.5	1677.5	1520.5	2485.6	2161.2	1948.5
"U70370_at"	180.4	213.1	93.3	294.7	32.4	38	152.7	34.8	32.1	34.6
"U70426_at"	775.7	3376.3	1325.1	971	859.5	1405.4	948.5	633.8	729.8	736.8
"U70439_s_at"	9614.1	8259.2	18034.9	11529.1	15068	9647.9	14958.1	13625.7	23138.5	22583.1
"U70451_at"	11267.4	9722.8	12061.9	3003.1	6720.2	10433.9	9008.1	14146.1	14457.3	9737.3
"U70660_at"	29728.4	7628.7	9794	5747.3	4580	12440.5	9430.1	6438	7518.3	6952.1
"U70663_at"	132.6	2881.9	804	295	1817	230.6	859.5	3287.6	6057.4	2569.6
"U70671_at"	4160.9	3646.8	3555.5	2756.7	2504.6	5995.9	4435.9	2773	5198.1	5297
"U70732_rna1_at"	1038.4	1510.2	883.9	756.1	550.5	1295.5	1441.5	317.4	433.1	783.3
"U70735_at"	4582.4	2816.8	4538	6996.4	3118.3	2751.1	5228.1	4680.7	3762	3510.4
"U70862_at"	20.8	222.9	92.4	487.6	276	76.1	31.5	169	209.5	20.3
"U70867_at"	698.9	1288	628.5	1569.6	592.5	668	794.5	883.9	1026.3	569.9
"U70981_at"	20.4	10.1	30.5	267.9	15.1	46.2	24.3	24.3	17.6	75.6
"U70987_at"	1538.1	464.7	1979.6	337.5	652	383.4	2179.7	1644.2	554.4	1371.7
"U71087_at"	796.6	123.5	939.4	778.9	509.2	540.8	453.5	1054.1	720.4	619.5
"U71088_at"	322.1	259.4	692	946.5	570.4	505	837.1	841.8	581.1	399
"U71092_at"	72.7	97.6	77.9	116.2	27.8	73.2	156	83.8	107.3	63.2
"U71203_s_at"	3679.3	6033.7	2061	1137.2	4756.4	8485.4	3835.3	2458.3	2678.8	4358.4
"U71207_at"	430	213.4	132.3	2984.8	140.4	188.5	446.9	353.7	184.4	39.3
"U71300_at"	445.3	369.2	440.1	721.6	249.5	236.8	628.7	446.1	320.6	364.7
"U71364_at"	818.9	2004.6	567.8	821.7	1114.2	1125.6	457.7	727.6	744.8	530.8
"U71374_at"	804.4	792.3	501.6	617.2	735.2	878.2	706.4	658.3	659	798
"U71598_at"	656.4	1191.3	1397.7	1559.2	1251.5	1216.7	1342.2	1115.6	1033.2	1102.8
"U71601_at"	420.3	74.5	235	565	249.2	291.6	401.3	345.6	370.4	185.2
"U72066_at"	1433.7	1399.9	870.3	1018.2	1353.2	1557.4	1507.8	1475.6	960.7	1278.4
"U72206_at"	2495.9	1740.3	852.5	532.2	1889.9	2446.9	4028.8	1181.4	1247.8	1647.6
"U72209_at"	762.4	1253.9	480.1	765.9	386.7	588.2	816	919	497.4	524.2
"U72263_s_at"	941.9	516.8	1447.8	1929.7	1351	1015.3	1233.7	1448.1	1495.9	1402.4
"U72342_at"	2163	1238.5	1763.9	5395.3	2389.7	2160.6	2524	4415.6	2450.2	2434.1
"U72507_at"	392.4	470.2	128.3	443.2	516.2	390.6	77.9	481.5	222.1	359.8
"U72508_at"	637.4	863.5	708.5	12611.4	514.8	645	942.6	952.7	816.7	686.4
"U72509_s_at"	1153.2	365.7	639.8	4065.9	428.8	387.3	1080	551.9	761	414.9
"U72511_at"	10335	8202.4	18361.6	11921.4	9579.9	8600.3	8929.6	18274.3	15629.4	16249
"U72512_at"	1969.8	1523	1493.9	2811.5	1437.3	1767.7	2344.1	2478.5	2364.7	1676.9
"U72514_at"	2575	1652.2	2586.3	3955.6	1270.3	2586.1	2104.7	2357	2922.3	2536.6
"U72515_at"	4243.2	2882	2033	2131.6	1857.9	3060.1	3445.7	2606.4	5020.4	2281.2
"U72517_at"	873.9	783.8	753.2	1469.4	535.3	563.3	1160.4	943.2	537.2	642.5
"U72621_at"	450.2	396.5	701.7	271.4	1103.7	1132.2	364.6	942.3	545.7	957.9
"U72648_s_at"	274.5	220.5	291.7	357.8	279.8	257.1	1375.1	217.6	327.2	230.5
"U72649_at"	9482.5	7041.8	3088	9704.1	18606.9	10237.6	10317.2	9397.8	35070.6	22953.1
"U72661_at"	21621.3	10900.5	509.2	901.6	5343.6	18529.8	9604.6	151	1152	3338.2
"U72671_at"	77.6	52.7	68.9	203.2	68.5	32.8	306.5	149.3	60.7	66.7
"U72761_at"	994.5	1450.8	1544.7	1743.5	1095.6	1728.5	1407.7	1767.7	1426.4	1831.9
"U72882_s_at"	10343.9	6884.2	4474.6	1744.4	2266.8	3413.2	5229	3534.1	3578.8	2645
"U72935_cds3_s_at"	461.6	466.1	421.9	610.8	411.1	616.4	608	755.2	342.4	438
"U72936_s_at"	1010	942	608.3	1905.9	1949.6	1725.3	790.1	1387.9	1285.9	1718.9
"U73167_cds2_s_at"	491.5	352.8	205.1	295.9	228.5	277.5	529.2	250.1	259.5	250.3
"U73167_cds3_at"	143.1	125.5	217.8	140.8	127.7	63.8	164.6	198.7	191.6	85
"U73167_cds4_at"	34	84.9	67.6	50.6	21.7	45.8	78.3	43.2	24.1	30.7
"U73167_cds5_at"	2542.3	1169.7	2225.2	1366.4	897.6	1663.9	4417	1992.8	1501.2	1683.8
"U73167_cds7_at"	168.9	202.5	176.1	78.6	103.7	62.5	103.9	176.9	63.1	46.9
"U73191_at"	42.5	32.8	173.8	317.5	25.4	14.2	106.3	96.1	71.9	42.1
"U73304_rna1_at"	61.9	16.9	55.2	113.4	10.8	10.5	46.2	182.8	109.5	8.7
"U73328_at"	112.5	326.3	174.6	220.9	525.6	111.2	130	482.2	70.7	336
"U73330_at"	28.7	103.7	4.3	19	7.4	9	6.8	7	84.9	2.9
"U73338_at"	810	323.7	602.9	990.9	936.8	835.4	880.8	1199.3	716.9	969.4
"U73377_at"	4965	3641.4	3905.2	3467.6	5225.5	7690.9	8594.8	7246.3	7113.7	7833.9
"U73379_at"	823.5	1308.9	1710.1	1867.3	966.5	1132	1471.4	2265.1	2330.2	1194.2
"U73477_s_at"	1003.4	277	876.2	749.4	365.7	572.7	692	1089.6	662.2	1115.4
"U73499_at"	267.5	590.2	123	187.8	86.2	171.9	298	208.7	114.3	111.4
"U73514_at"	5074.1	2319.7	7729.4	1794.7	4124.9	3617.2	6042.1	5155.9	6143.5	4771.8
"U73524_at"	1380.8	1109.7	815.2	1221.7	1138.5	1273	1271.6	2595.7	983.7	1234.1
"U73682_at"	628.9	822.3	754.4	4534	2135.1	1866.9	738.6	2328.5	1429.2	2058.3
"U73704_at"	64.2	297.8	27.8	356.4	126.8	39.2	321.4	77.3	123.7	45.3
"U73737_at"	822.5	1042.4	549.3	1364.6	778.3	717.8	461.5	675	311.9	731.6
"U73738_at"	95.8	40.6	20.4	76.6	26.4	43	118.6	76.6	28.6	23.9
"U73799_at"	2315.8	911.5	571.2	794.8	769.4	1634.7	957.2	520.2	681.4	1357.2
"U73824_at"	11009.5	18111.1	10170	11466.2	17680	17008	9420.4	11170.3	13466.4	17117.9
"U73843_at"	1080	4215.9	395.3	34016.5	766.5	1504.8	1441.3	964.1	1150	685.8
"U73936_at"	401.5	495.1	246.9	542.6	465.4	1744.7	116.3	367.2	207.4	324.4
"U73960_at"	2959.1	3460.5	2287.3	5204.6	2575.4	2758.9	534	2194.8	2094.8	2948.2
"U74324_at"	514.4	569.1	688.2	767.2	358.2	440.5	139.6	996.6	516.3	583.2
"U74382_s_at"	692.6	332.1	554.9	881.9	1253.6	879.5	1288	1035	801.6	915.2
"U74612_at"	146.2	395.6	318.8	186.3	182.1	78.7	122.9	391.9	116.2	100.8
"U74667_at"	3154.8	2521.9	2879.8	2970.7	1221.6	2611.1	3138.6	3267.8	3085.2	2506.4
"U75272_s_at"	1067.7	1350.1	1121.4	1449.4	1049.7	1074.6	1332.7	1298.2	1285.5	862.3
"U75276_s_at"	917.8	592.7	623.9	2117.3	350.3	768.5	1942.5	1046	1157.5	917.6
"U75308_at"	571.2	73.9	27.8	763	318.4	311.8	377	534.8	433	254.4
"U75309_s_at"	153.2	42.4	29	41.5	29	49.6	277.2	137.5	33.9	27.8
"U75362_at"	1302.6	423.4	569.7	717.8	529.3	937.1	1022.7	744.5	445.3	525.2
"U75370_at"	3501.2	1862.7	3082.3	4099.4	1852.9	1559.1	5716.7	5266.5	3132.1	2163.8
"U75679_at"	967.4	1049.3	714.5	1270.9	932	1198.5	948.6	1691.4	1594.1	1184.4
"U75968_at"	1459.4	1080.7	1117.3	2653.7	778.4	1105.4	2217.9	1559.1	1383.8	1116.5
"U76010_at"	2086.1	707.2	1328.6	2427.6	1211.3	1279.6	949.6	1073.6	1246.3	720.9
"U76189_at"	88.6	29.4	385.9	328.6	46.3	37.7	485.9	474.3	290.8	99.7
"U76272_at"	112.9	377.6	73.7	70.4	37.5	59.9	114.9	76	84.7	36.4
"U76366_s_at"	1627.6	1357.6	1086.6	2824.4	1330.1	1526	2632.1	2274.1	1293.8	1038.3
"U76369_at"	189.7	570.9	93	234	104.9	173.5	538.4	115.7	358	93.8
"U76388_at"	453.5	1424	832.5	2166.3	967.4	1534	2949.4	1842	941.5	1485.4
"U76421_at"	82	121.1	19.5	346.4	229.4	30.6	196.7	227.8	23	62.5
"U76456_at"	529.8	72.1	150.3	3397.2	356.8	262.1	116.2	157.9	298.2	172.4
"U76638_at"	1190.2	400.6	789	2538.4	558.7	528.1	796.2	920	1262.3	778.8
"U76764_s_at"	13497.8	6865.6	18400.3	9709.5	10543.9	19066.2	7665.6	18464.8	24640.6	14140.6
"U76992_at"	1678.4	1027.1	995	2352.8	1675	1273.6	1161.8	2096.5	1253.7	1622.4
"U77129_at"	478.7	1013.1	368.1	455.2	766.1	828.7	72.4	580.6	461.5	602.8
"U77180_at"	39.8	65.9	47.9	40.2	19.1	23.3	37.4	36.8	33.5	24.4
"U77396_at"	19268.9	15122.9	23012.7	7450.7	6479.1	26287.9	8378.8	22964	14461.7	12193.4
"U77413_at"	270.4	1900.7	1311.6	758.6	1306	969.7	1112.7	1976.9	838.3	1198.9
"U77456_at"	3341.6	2188.4	1720.5	7279.6	1828.6	2969.8	1609.1	1091.7	1243.5	2187.9
"U77594_at"	121.7	176.9	136.3	187.7	137.2	80.9	248.5	116.8	70.1	69.1
"U77604_at"	2905.8	2617.6	5723.2	7465.2	6882.3	2801.4	3501.5	5661.5	4631.4	3993
"U77643_at"	3704.6	7863	16621.3	2595.9	14868.2	3755.7	239.1	3928.4	3134.1	2154.1
"U77664_at"	794.8	746.3	565.9	3411.3	871.4	1106.2	1350.5	1262.2	834.6	1007.9
"U77665_at"	1673.4	953.6	1244.8	951.8	701	773.9	946.1	1034	1490.4	972.8
"U77718_at"	810.2	1485.7	893.2	1066	1279.1	2066.3	368.9	1158.8	958.4	1324.9
"U77735_at"	204	1049.6	653.2	2342.7	787.7	1233.4	91.8	176.5	135.8	478.4
"U77827_at"	834.9	908	690.5	1074.7	407.7	409.2	1507.7	747.9	1080	476.9
"U77845_at"	201.8	468	129.4	429.1	437	271.8	574.9	148	578.5	287.5
"U77846_rna1_at"	389.7	829.9	536.1	126.8	673	509.1	1136.7	941.4	742.4	109.7
"U77846_rna1_s_at"	2604.4	1982.3	573.8	1646.9	698.8	988.7	702.2	1239.6	1110.1	1351.3
"U77948_at"	1834.1	1390.6	2294	5001.3	2063.5	955	2924.2	3120.9	4087	2489.4
"U77949_at"	39.5	52.9	145.3	22.8	26.6	12.4	70.5	61.8	18.4	10.4
"U77968_at"	351.5	376.9	757.9	1380.4	1023.1	240.6	212.2	459.5	371.8	490
"U77970_at"	195.4	173.4	70.6	172.6	85.8	150.6	296.4	129.5	92.8	99.3
"U77975_at"	449.6	317.3	499.9	663.9	296.2	239.4	592.9	539	344.3	284.7
"U78027_rna3_at"	14391.7	26126.6	35431.8	24428.8	48027.7	17557.1	24322.7	19084.7	21334	38259.5
"U78027_rna4_at"	864.4	746.9	1746.4	582.3	896.7	856.7	1014.1	1330.4	1640.8	1069.3
"U78095_at"	5469.1	7200.5	15028.5	53903	8275.5	5348.1	8012.9	9280	11235.6	7144.4
"U78107_at"	614.5	940.8	712.2	544.2	780.7	918.8	651.6	683.6	793.8	905.5
"U78180_at"	103.7	133	50.4	835.1	54.7	69.2	104.4	79.2	88.4	21.1
"U78190_rna1_at"	6920.2	15117.2	41831.2	2974.1	18625.8	8240.1	29108.4	37341.6	33621.4	29713.8
"U78313_at"	456.2	118.8	90.2	262.9	177.1	79.5	30.7	28.8	86.1	99.9
"U78521_at"	7945.7	4374.4	6183.7	4226	4449.2	4466.4	8318.6	7464.6	5879	4923.5
"U78524_at"	1785.9	2363.9	2090.9	1792.5	2074	1732.7	2873.2	2697.2	2009.9	2358
"U78525_at"	7513.8	5360.8	5456.7	5868.3	3604.6	7952.6	10314.4	6174.1	6575.3	5739.6
"U78551_at"	329.1	403.8	336	16617.6	261.2	317.9	554.5	377.6	317.6	326
"U78556_at"	1870.1	1735.4	1893.8	1747.5	2679.5	2228	1947.8	3985.5	3708.7	3860.5
"U78575_at"	795.9	795.1	730.7	1419.9	1161.4	742.4	1044.5	708.2	575.7	555.4
"U78628_at"	683.8	751.3	358.1	665.9	424.9	266.4	630.9	337	80.8	340.1
"U78678_at"	2966.7	1663.4	2332	2513.7	1282.3	1536.2	2887.3	3052.8	1416.4	1298.1
"U78722_at"	140.8	620.6	498.4	664.8	187	206.4	38.1	213.6	53.9	228.7
"U78735_at"	635.8	747	594.3	842.2	120.5	430.6	705	334	277.4	174.7
"U78793_at"	786.4	1205.3	1903.2	1495.6	1656.9	1271.5	1329.9	1730	1738.1	1418.7
"U78798_at"	737.5	570.8	531.6	1247.3	858	1209.7	315.6	927.3	1220.2	924.5
"U78876_at"	156.8	87.9	121.2	147.1	107.6	107.5	219.8	113.9	155.2	104
"U79115_s_at"	593.8	1875.1	1091.6	986.1	1789.5	1228.5	1479.9	1001	1003.9	1312.7
"U79241_at"	1889.8	1250.6	2158.5	2927.7	1182.9	781.3	991	1553.6	1729.1	1377.9
"U79242_at"	262	198.4	471.5	803.2	142.2	126.8	241.5	133.8	106	63.7
"U79245_at"	212.7	106.8	131.7	155	111.7	64.6	483.6	99.9	214.1	27
"U79246_at"	37.2	54.2	36	178.7	11.9	56	274.2	270.5	140.1	12
"U79247_at"	39.2	34.5	115	253.9	22	34.9	94	294.4	217.7	28.6
"U79248_at"	612.5	314.9	432.4	867	492.4	259.3	540.3	725.6	422	231.9
"U79249_at"	119	319.1	49.2	47.5	100.9	24.4	59.9	22.8	171	33.4
"U79251_at"	95.4	305.2	67.3	115.5	24.5	151.2	454.3	309.1	98	48.6
"U79252_at"	1984.5	1191.3	2129.4	1498.7	1014.2	1111.6	2059.7	2910.4	2033.8	1406.2
"U79253_at"	779.9	912.1	1071.2	202.8	377.4	527.8	567.1	460.5	609.8	686
"U79254_at"	12422	5472.2	10950.4	14306.4	11763	7729.5	8403	14743.8	13002	12884.8
"U79255_at"	557	361.9	118.2	1160.6	142.8	503.8	1311.1	166.8	199.9	84.3
"U79256_at"	332.3	174.6	933.1	470.2	490.9	408.6	514.8	846.4	968.6	488.9
"U79257_at"	262.4	366.2	35	382.7	41.6	50	606.6	125.3	215	91.2
"U79258_at"	283.7	439.2	547.9	792.8	255.2	183.9	99.4	82.6	232.4	370.8
"U79259_at"	1651.2	1699.4	1294.5	2275.5	1127.1	970.2	3126.5	1270.6	1049.4	955.1
"U79260_at"	2273.1	1495.3	3170.9	7280.8	2888.1	1591.3	1776	3008.6	2640.5	2192.3
"U79261_s_at"	630.7	519.1	236.1	1051.2	928.6	912.6	354.2	1169.8	966	943.9
"U79262_at"	3185.3	2336.1	3344.3	4407.1	2217.1	2440.1	3970.4	3518.7	2932	2405.6
"U79263_at"	302.4	341.9	113.6	163.9	503.4	684.6	344.4	719.7	187.4	281.9
"U79265_at"	920	615.5	1094.1	1901.7	773.8	606.3	1505	1108.4	785.2	627.9
"U79266_at"	1981.7	1556.5	2539.7	1309.1	677.4	1256.2	4237.5	2905.2	1708.9	1212.1
"U79267_at"	2130.6	2004.9	841.5	5600.9	1794.9	3134.8	999.3	1660.7	1540	1893.2
"U79270_at"	615.4	180.1	436.3	400.9	822	265.7	295.6	828.5	752.2	822.6
"U79271_at"	563.8	634.6	216.9	270.6	1306.3	551	101.3	647.6	425.6	711.8
"U79272_at"	414	305.8	239.1	1048.6	504.4	322.6	238.5	510.8	255.5	468.5
"U79273_at"	2195.8	4500.4	1952.9	673.5	1740.8	3579	813.7	1781.6	3711.1	4064.8
"U79274_at"	120.7	137.6	273.6	654.9	530.5	194.8	484.4	617.9	475.5	192.7
"U79275_at"	919.3	998.4	1475.7	728.3	332.2	835	527.3	1076.8	656.6	708.1
"U79277_at"	386.5	62.8	166.3	552.9	145.9	268.6	74.9	372.5	132.8	252.4
"U79280_at"	153.8	510.8	440.3	316.8	137.3	93.5	247.6	395.4	161.7	136.4
"U79282_at"	1564.7	655.8	1635.2	1289.9	2285	1298.1	613.4	2352.2	1480.6	1795.6
"U79285_at"	1369.7	833.5	2109.3	1573.1	1102.4	944.6	1926.7	2219.9	1758.1	1122.2
"U79286_at"	34.4	39.8	38	74.6	33.7	51.8	70.5	44.1	24.9	22.4
"U79287_at"	2432.9	1960.8	1946.5	8101.5	1026.8	1829.1	4647.4	2527.5	1602.2	1956.7
"U79288_at"	7120.2	3597.6	6108	5097.2	3605.1	2139.3	8751.4	8067.2	4650	2773.9
"U79289_at"	41.7	49	33	152.5	25.6	48.8	45.5	28.3	101.5	8.6
"U79290_at"	69	31.3	230.4	450.9	229.7	227.6	192.6	268.7	125	160.7
"U79291_at"	1160.6	900.5	1214	1277.3	1316.1	2393.7	762.8	1886.9	1052.8	1372.8
"U79293_at"	292.1	75.2	256.4	982.7	28.8	36.2	429.2	330.7	100.6	16.7
"U79294_at"	20857	12024.6	4058.1	3437	9117.5	22952	19223.6	5216.7	4083.8	9903.1
"U79295_at"	272	330.2	138.6	54.6	48.1	55.2	100.8	314.5	93.5	38.9
"U79296_at"	574.9	824.4	542.3	727.1	1412.5	1164.1	634.1	968.7	520.7	726
"U79297_at"	384.5	70.4	329.1	899.7	199.8	132.5	229.1	652.7	468.9	217.2
"U79298_at"	483.3	146.5	535.8	271.9	404.2	692.7	1026.7	539.8	339.5	463
"U79299_at"	147.9	118.7	99.2	378.9	387.6	271.8	1327.4	432.3	570.3	73.9
"U79300_at"	34	14.7	16	28.5	10.6	72.9	175.5	89.4	107.6	4
"U79301_at"	213.5	42.6	27.4	216.7	12	83	195.4	20	237.4	40.6
"U79302_at"	232.6	89.5	107.9	177.1	135.9	116.9	98.5	253.6	146.9	116.2
"U79303_at"	1918.1	1933.2	1698.7	2181.5	1032.6	1190.2	1504.5	1530	1246.5	1219.2
"U79304_at"	19.5	69.5	15.3	24.6	17.9	5.3	18.4	11.5	12.3	2.2
"U79526_at"	64.6	510.3	146.9	116.4	58.6	306.8	122	468.7	219.6	149.9
"U79528_s_at"	2510.8	1913.6	2338.8	3658.4	1779.7	1449.7	1557.7	2033.5	2316.1	2068.6
"U79667_s_at"	247.7	146.4	135.2	159.2	72.5	96.5	418.7	130.7	183.6	70.1
"U79716_at"	327.2	84.1	135.5	152.1	135.3	14.7	252.6	273.2	164.8	6.2
"U79718_at"	506.2	693.4	1233.5	2367.2	459.2	314.2	668.9	787.2	933.7	533.8
"U79725_at"	444.6	1744.3	8378.5	541.2	2899.1	1531.6	1169.7	2948.2	5526.9	1826
"U79734_at"	112.4	106.9	96	100.1	53.9	125.1	257.5	153.2	45.2	85.3
"U79751_at"	44.8	488.3	92.8	56.8	275.4	329.3	41.1	473.5	259.1	251.9
"U80017_rna1_at"	168.4	117.9	445.1	369.8	319.5	192.5	468.7	453.8	454.1	181.1
"U80017_rna2_at"	116.3	354.4	814.8	758.9	373.8	249.3	512.2	823.4	503.3	307.5
"U80017_rna3_at"	714.9	898.5	791.9	1273.7	1838.3	883.1	966.2	1091.3	1119.6	1142.7
"U80034_at"	333.4	184.8	529.9	4289.2	438.6	58.5	126.7	1043.4	943.2	663.2
"U80040_at"	6576.7	4688.4	10656.1	11070.5	5293	8012.9	12417.8	10528.1	10916.8	10958.8
"U80073_at"	2256.8	9142.2	10423.7	2886.2	8725.1	3911	2892.2	4219.5	4602.7	5794.1
"U80184_rna1_at"	9782.8	6124.1	9635.6	3859.6	4170.5	6435.2	11781.7	7237.4	7211.4	4772.5
"U80226_s_at"	129	138.5	388.4	384.1	269.3	287.7	23.5	245.4	376.3	254.1
"U80456_at"	113.9	50.2	55.6	106.2	34.7	46.6	106.6	178.3	53	73.4
"U80457_at"	453.6	218.7	879.8	1010.2	597	718.4	1154.4	254.9	538	451.8
"U80628_at"	204.5	371.8	1479.8	461.1	866.6	335.3	793.6	1535	1230.6	975.5
"U80669_at"	47.6	137.7	87.2	522.4	82.9	79	76.9	121.1	385.3	83.5
"U80811_at"	352.2	81.7	44.1	80.9	78.2	865	394.5	230.7	60.2	577.4
"U80987_s_at"	162.4	49.6	69.6	90.7	42.4	42.7	65	170.7	42.8	45.5
"U81001_at"	950.6	548.6	346.4	900.1	87.2	94.1	312.7	284.4	291.8	185.3
"U81006_at"	1865.5	963.1	2687.4	4091.1	2570.8	1418.7	1424.3	3053.8	2987.3	2431.3
"U81262_at"	209	209.9	54.5	104.2	72.6	42.2	63.6	32.5	39.9	23.9
"U81375_at"	4038.6	1928.2	4430.2	3442.5	2333	1518.1	3868.7	4677.2	2517.8	3425.7
"U81523_at"	65.8	31.3	266.9	50.4	131.4	27.5	74.7	165.9	299.5	17
"U81554_at"	2146.7	2055.8	2559	1331.4	1200.2	2506	933.6	2465.4	1161.1	1826.5
"U81556_at"	6679.9	3082	5729.3	10800.3	5993.5	4058.3	4813.4	6398.5	6554	3785.8
"U81599_at"	637.8	744.4	544.3	1466.8	587	707.6	1063.4	801.4	528.8	571.4
"U81600_at"	1250.6	1564.2	754.1	2068.6	768.6	1164.7	3133.8	1118.3	1602.4	958.1
"U81607_at"	408.6	636.8	273.4	52.2	4843.3	936.1	16.6	17.8	10.9	350.5
"U81787_at"	1029.2	547.2	359.4	1729.8	703.4	379.1	134.2	398.5	801.3	476.9
"U81802_at"	3604.5	3828.4	2213.1	4226.7	3447.9	4815.2	2590.5	4117.1	2699.1	6093.2
"U81984_at"	363.7	497	726.2	897.1	709	442.9	1781.5	1031.1	675.2	695.3
"U82010_rna1_at"	1797.6	1487.3	1321.7	2545.3	2057.4	2055.2	2207	2604.2	3439.3	2175
"U82108_s_at"	278.4	255.7	122.3	1811.1	312.3	452.4	1218.6	198.8	342.8	335.3
"U82130_at"	2660.5	2035.7	2951	6569	4003.5	3808.8	2372.6	3664.1	4960.9	3915.2
"U82169_at"	970.5	553.7	116.7	204.3	93.8	211.9	785.1	499	158.2	66.8
"U82256_at"	451.2	105.3	74.6	78.5	211.4	63.4	139.8	278.3	58.3	25.4
"U82275_at"	784.1	1059.4	1703.2	93.9	1182.9	997	965.6	1595.3	1414.4	897.6
"U82279_at"	311.6	77.2	219.2	68.4	177	56.4	187.5	430.5	50.6	314
"U82303_at"	559.4	644.1	433.8	806.1	414.5	267.9	531	318.3	467.2	261.3
"U82306_at"	159.2	315.6	132.4	532.3	379.8	161.8	261.1	165.2	330.7	129.8
"U82310_at"	310.8	500.9	231.5	59.2	66.9	47.7	323.8	63.8	308.3	27.7
"U82311_at"	2829.6	2443.6	2787.8	3688.7	4055.7	3078.5	3740.5	4689.1	3921.7	3374.6
"U82313_at"	98.4	148.9	61.3	165.9	62.9	76.3	478.5	53.8	73.7	47.7
"U82319_at"	440.2	420	354.2	291.2	557.6	315.1	255.3	568.7	437.9	514.2
"U82320_at"	145.7	106.6	56.8	64.2	37.8	56.4	155.8	70.9	48.8	21.4
"U82321_at"	315.3	186.6	532.2	100	125.2	161.7	232.8	47.7	215.2	139.1
"U82467_at"	572.2	322.9	329	290.5	526.3	322	1466	408.7	614.9	338
"U82468_at"	2914.7	2584.5	459.9	379.7	447	1455.5	2433.7	1060.6	524.5	1300.7
"U82532_at"	1037.1	672.4	108.9	264.1	25.5	137.8	1192.7	302	673.8	95
"U82535_at"	107.8	273.6	85.5	1706.7	222.4	76.8	104.5	118.7	55.8	72.5
"U82613_at"	972.7	609.9	234.1	726.8	320.7	189.7	357.3	831	200.6	146.6
"U82668_rna1_at"	34	49.7	27.1	23.4	10.8	35.5	128.4	74.6	23.8	10.1
"U82671_cds2_at"	763.2	414.2	655.2	477.7	346	321	585.7	524.9	267.2	358.6
"U82759_at"	576.7	414.5	458.3	748.7	797.3	749.3	1273.3	764.4	864.9	729.6
"U82818_at"	952.3	180.1	338.4	427.2	366.2	594.7	728.9	238.3	369.2	222.9
"U82970_at"	265	98	31.3	754.9	73.8	86	119.8	125	142.5	182.4
"U82979_at"	15777.1	1923.2	1178.4	99.7	1116.4	2986.4	10943.4	2167	1848.6	2169.7
"U82987_at"	781.7	296.2	888.1	1853.2	135.2	775.9	490.8	766.5	1041.8	684.7
"U83115_at"	9683.1	5877.1	5042.2	5477.8	6061.2	8391.8	3905.5	8649.1	7776.1	5011.4
"U83117_at"	64.1	302.9	24.5	130.3	34.9	16.2	180.3	111.1	76.1	5.2
"U83171_at"	4252.5	4953.3	1830.8	2972.4	5116.1	12793.6	6064.6	3918.9	2870.9	3221.8
"U83192_at"	235.5	261.3	683.9	1582.5	729.2	507.5	625.5	1270.6	663	427.7
"U83239_s_at"	3678.4	4288.4	1427.8	5228.2	2870.4	4417.8	4201.8	4134.7	2985.6	3386
"U83246_at"	8604.2	4644.3	5011.3	4997.2	1619.5	3513.6	5702.5	3425.2	4472	3073.6
"U83303_cds2_at"	301.2	616.1	228.8	960.6	352.1	33.1	41.8	242	85.1	41.8
"U83326_s_at"	91.6	56.9	56.3	547	298.3	255.4	120.5	186.2	268.7	82.4
"U83410_at"	1836.1	1183.2	730.2	955.8	777.1	889.1	1455	1794.9	1816.7	763.8
"U83411_at"	287.8	160.4	269.2	388.8	139.2	176.4	307.8	221.5	275.4	279.2
"U83461_at"	5508.1	4607.2	4643	1302.4	3601.7	4761.8	3364.3	2911.6	5258.9	4938.8
"U83463_at"	7572.4	12033.3	9323.5	2928	20403.8	12207.7	5641.1	10526.5	11807.9	14713.4
"U83598_at"	360.8	321.8	723.3	628.8	239.4	1190.9	1519.6	706.7	1222.5	1263.9
"U83598_s_at"	97	305.7	604.9	179.8	135.2	224.6	992.7	119	517.8	120.4
"U83600_at"	307.6	378.4	197.5	445	296.5	311	712.3	398.8	300.9	306.8
"U83601_at"	205.4	155.6	132.4	181	132.7	99	220.7	130.1	173.3	131.8
"U83843_at"	2447.5	1599	2669.9	2986.5	1685	1621.7	2810.9	2827.7	2034.5	2375.9
"U83908_at"	64.3	60.6	859.9	456.9	301.1	87.5	350.3	822.3	578.5	328.8
"U84011_s_at"	518.7	441.3	414.6	2287.5	832.7	520.1	522.7	1553.8	503.4	898.4
"U84388_at"	926.2	3060.3	940.6	1867.3	6723.3	2586.6	371	867.3	946.8	3320.4
"U84487_at"	95.9	358.4	162.3	4072.1	125.6	192.8	78.6	253.1	87.6	94.3
"U84540_at"	499.3	711.3	196.9	130.6	667.7	584.8	625	573.6	393.8	522.4
"U84551_cds2_at"	405.4	63.3	424.7	50.6	596.6	116.3	491.4	176.5	220.8	227.8
"U84569_at"	4854.6	3442.6	3581.6	7206.3	2903.5	3717.2	7311.1	5127.7	4225.7	3505
"U84573_at"	75.4	117.1	32.5	1608.9	120	233.4	428.8	142	420.9	86.2
"U84720_at"	2870.1	4549.6	3927.4	5918.7	3644.4	4021.9	4493.3	3349.7	3829.6	2490.7
"U85193_at"	281.1	498.9	440.2	4305.6	168.6	219	296.2	563	278.5	98.9
"U85245_at"	108.8	509.7	140.8	104.1	81.4	161.8	164.8	292	504.1	116.5
"U85265_at"	65	344.5	142	712.5	209.4	78.1	580.3	368.6	242.2	83.2
"U85267_at"	484.4	411.5	412.9	740.6	2313.6	1009.5	107.1	413	1716.3	3431.6
"U85430_at"	102.1	440.5	258.5	326.4	244.9	347.1	92.8	768.6	439.2	366.2
"U85611_at"	10512.7	8977.3	12002.4	46044.5	7885.9	9619.4	10811.9	10325.9	12402.8	9699
"U85658_at"	386.5	816.7	402.6	1336.9	619.3	373.4	114.9	371.5	451.2	264.3
"U85707_at"	226.3	51.3	27.2	2190.2	111.4	15.9	89.8	45	49	29.6
"U85767_at"	11877.8	1534.6	2621.3	706.5	1931.9	2978.9	3520.9	2470.3	4038.5	2393.9
"U85943_at"	138.1	345.4	212.6	532.8	710	426.2	567.1	415.7	547.3	278.1
"U85946_at"	640.9	603.2	571.4	654	1062.3	911.7	636.1	1713.2	593.4	908.8
"U85992_at"	126.7	97.7	102.2	864.6	65.4	143.4	93	62.4	300.3	73
"U86070_at"	2732.8	2670.3	2430.9	9386.6	1765.4	1716.6	2458.2	2603.5	2493.6	1847.5
"U86136_at"	123.7	110.1	570.5	103.5	46.2	80.5	148.7	269.5	375.5	105.9
"U86214_at"	42.1	314.3	54.6	133.6	50.2	152.3	117.5	87.2	136	53.1
"U86358_at"	201.4	597	76.1	294.5	110.4	109.5	835	113.9	73.5	97.5
"U86409_at"	1169.5	1737.8	210	1835.4	1405.6	1209.7	1577.7	1567.5	1626	1056.8
"U86529_at"	2745.5	2359.7	2570.3	2851.2	2147.4	1419.7	3771	2336.1	2245.3	1886
"U86602_at"	1778.5	1077.9	1940.5	3685.1	1835	1440.3	2201	2078.7	1990.6	1746.9
"U86755_s_at"	1160.5	1917.6	1092.8	90.2	1248.7	748.3	1001.2	2142	1377	1713.3
"U86759_s_at"	237.5	577	140.8	495.7	195.2	392.4	722.4	204.1	362.3	246.8
"U86782_at"	2711.2	4266	2899.8	1219.5	2867.4	4822.1	2777.5	4025.3	3730.5	4083.3
"U87223_at"	287.9	225.7	693	861	421.9	421.7	210.8	608.9	645.8	440.8
"U87269_at"	170.5	187.5	433.3	1015.8	136.7	355.6	842.5	257.1	81.3	302.5
"U87309_at"	32.5	163.4	24.8	39.5	19.3	47.1	22.9	177.3	37.1	79.9
"U87408_at"	1088.6	818.3	1146.3	4149.6	1637.5	1054	1152.5	2238.8	858.2	1144.3
"U87459_at"	1167.9	1093.5	1321	1830.6	903.8	1147.6	1952	1338.3	1333.8	852.9
"U87460_at"	274.3	24.2	243.3	147.1	27.1	21.1	275.9	35.1	25.6	13.9
"U87593_f_at"	233.3	32.3	84.9	272	52.9	67.8	109.8	142.1	152.3	91.5
"U87964_at"	1557.2	1210.2	243	226.6	633.3	291.7	1376.1	645.7	1256.8	603.4
"U87972_at"	535.9	338.6	149.6	336.1	211.6	218.8	104.3	257.2	389.2	274.1
"U88047_at"	2281.8	404.2	1305.7	200.2	604.7	1261	1093.7	1200.1	741.9	659.1
"U88629_at"	657.4	2205.5	820.5	661.7	1476	1267.5	1078.8	628.8	386.5	649.3
"U88666_at"	565.3	686.8	359.3	1864.9	363	337.1	354.5	777	445.4	343.7
"U88667_at"	231.5	174.1	75.3	436.3	205.9	300.9	990.7	149.6	124.7	97.6
"U88726_at"	337.3	64.9	53.3	556.8	193.9	191.4	93.3	374.4	199.9	230.1
"U88871_at"	373.1	227.7	500.1	1032.3	664.3	417.1	85	1137.8	699.4	515.8
"U88892_at"	130.5	194.6	175.4	246.8	203.3	114.5	229.5	172.2	129.7	166.3
"U88898_at"	43.3	33.6	6.6	57.2	45.4	33.9	58.7	129.1	55.6	83.9
"U88898_r_at"	273.6	673.6	609.8	720.5	282.6	717.9	1589.1	1020.1	719	325.2
"U88902_cds1_f_at"	918.8	505.2	449.7	1477.1	788.5	515.9	419.2	1238.4	773.8	677.4
"U88964_at"	8575.7	10036.7	1000.3	4251.9	965.8	2841.1	1056.2	974.1	971.9	754.5
"U89012_at"	78.6	80.1	26.3	57.4	23.3	27.5	62.8	220.9	109.4	6
"U89278_at"	2718.5	2544.9	1944.7	4222	1950.7	7658.3	2157.3	2851.3	1918.9	3224.5
"U89326_at"	476	612.1	393.7	792.5	209.7	248.3	126.1	257	259	164.5
"U89335_cds2_at"	712	893.2	791.5	1306.8	510.5	535.6	825.4	602.6	959.1	487.7
"U89336_cds1_at"	11112.1	4848.7	12522	2190.6	5068.6	7007.9	10248.9	13054.3	7521	7948
"U89336_cds3_at"	1203.8	988.7	781.6	2040.3	880.5	899.1	1532.9	1341.7	889	728.1
"U89336_cds4_at"	4922.6	3594.1	3976.2	6940.6	3198.5	3495.1	8403	4732.9	4436.6	4533.7
"U89336_cds6_at"	487.2	238.3	383.1	2464.1	332.8	149.7	519.6	531.5	413.2	104
"U89336_cds7_at"	1380.1	1658.5	1283.3	896.4	1696	1094.2	2047.4	2265.9	1554.2	913.6
"U89336_cds8_at"	351.7	188.3	630.5	520.1	552.7	695.7	1253.6	627.9	418.6	453.9
"U89355_at"	948.6	1955.5	1029	1194.2	1880.8	1561	929.4	1221	1241.5	1456.9
"U89505_at"	4572.8	10021.8	5744.4	10327	7436.1	8642.9	6753.7	3968.3	6166	6528.5
"U89606_at"	11244.6	4494.1	5826.7	1897.6	3767.9	10731.2	18258.1	7771	7460.7	8880.6
"U89717_at"	257.7	184.3	180	332.1	159.2	177.2	404	576.9	211.7	191.9
"U89896_at"	1585.5	972	1766	1972.9	1014.8	1414.2	1436.2	2205	1359.8	1242.9
"U89916_at"	94.9	76.5	75.1	8300.7	52.9	154	90.1	224.2	44.8	79.7
"U89922_s_at"	303.4	190	240.5	210.8	155.8	1386	232.6	328.1	236.7	122.1
"U89942_at"	67	106.8	116.5	183.6	243.9	97.7	85.2	285.9	130.4	74.3
"U89995_at"	40.1	208.3	15.7	206.9	47.1	7.5	437	20.1	17	6.9
"U90065_s_at"	249.6	543.6	220.7	2858.8	163.5	303.6	217.6	204.9	156.9	128.7
"U90268_at"	687.3	68.3	32.3	84.2	154.5	338.8	691.8	310	73	70.7
"U90304_at"	288.1	395.6	105.5	1488.2	71.5	129.9	244.4	88.1	72.9	77.4
"U90306_at"	456.7	361.8	115.7	544.4	310.3	276.9	268.6	200.2	148	260.9
"U90313_at"	31525.6	22297	31142.6	3872.7	25800.2	30822.8	26431.9	23679	24715.2	23625.9
"U90336_at"	129.9	160.7	140.3	824.7	97.3	107	194.8	67.4	70.9	59.5
"U90426_at"	4067.7	6048	4836.1	2977.3	3649.9	8266.5	3277.9	2451	3376.9	4073.7
"U90437_at"	231.1	293.2	9.7	43.6	94	111	74.7	342.2	147	52.4
"U90543_at"	897.2	1387.6	1802.7	647.8	956.9	1474.7	1875.6	1211.3	1064	960.4
"U90543_s_at"	1893.9	1452	695.7	400.8	636.7	1528.3	2055.2	650.3	729.6	631.3
"U90544_at"	122.9	133.4	46.6	250.9	19.8	38.8	31.7	56	58.2	41.5
"U90546_at"	2784	576.8	2514.2	86.4	1019.2	1053.4	917.7	2142.2	1140.5	1014.7
"U90546_r_at"	562.1	398.3	1389.2	293.2	350.9	664.4	34.1	719	66.9	688.5
"U90547_at"	1911.1	2582.3	1299	846.5	1636.8	1320.3	1391.5	1767.1	1223	1323.1
"U90549_at"	1471	769.1	1923.7	2067	1975.8	2600.3	797.6	2638.7	2524.3	2604.3
"U90550_at"	1271.8	1144.4	1296.3	1772.3	1329.7	1788.5	1511.6	1351.4	1079.1	948.2
"U90551_at"	306.9	552.1	322.6	1292.5	116.7	190.3	257.4	455.6	226.6	60.6
"U90552_at"	2272.8	124.1	2294.5	799.2	968.1	1172.4	2698.7	1918	2110.9	1131.2
"U90552_s_at"	5584.5	2072.2	7924	3600.9	5817.4	3065	2500.1	4442.1	5068.8	4414
"U90651_at"	2002.2	1847.6	1372.5	2812.5	1708.3	1997.2	1831.8	2054.1	1870.9	1957.6
"U90716_at"	1253.7	694.5	689.6	4201.6	496.2	287.9	815.5	519.5	525.3	251.8
"U90878_at"	8972	11735.3	14367.8	17713.6	10229.7	11389	4466.3	17666.6	18162.2	7674.2
"U90902_at"	3720.5	7051.5	2825.3	722.7	3158.8	4507.8	4349.4	5199.1	4123.4	3775.7
"U90904_at"	5256.4	4629.9	4842.5	4014.5	5756.7	6831.1	5043	5762.8	6062.9	6325.6
"U90905_at"	337	238.1	222.9	864.4	343.1	332.1	303.8	815	463.1	477.6
"U90907_at"	897.2	1105.1	954.9	8554.1	1048.7	644.7	945.4	977.6	740.1	722.1
"U90908_at"	1152.8	916	754.2	571.3	273.7	867.4	1938.6	900.6	497.3	541.5
"U90909_at"	3733.2	2138.8	2953.7	3235.4	9286.3	4856.4	1581.9	3476.7	6056.8	6990
"U90910_at"	104.9	53.4	62.3	650.3	94.1	64.6	252.8	74.2	108.6	40.3
"U90911_at"	4237.7	4207.2	2983.9	3237.7	4714.5	6540.3	5406.5	3478.2	4402.3	5946.2
"U90912_at"	969	930.4	777.7	984	1170.9	1016.6	653.3	1004.7	864.9	961.9
"U90913_at"	5543.6	2630.1	5237.2	6494.6	4227.3	2647.4	5148.9	5199.7	6866	3924.5
"U90914_at"	1521.4	582	985.3	3429.4	1430.4	1796.6	1191.8	1638.4	994	1194.8
"U90915_at"	21267.9	19435.6	28823.7	21998.8	24588	20001.9	21036.6	23972.5	26746.4	24400.5
"U90916_at"	761	778.9	1226.5	2101.2	2841.3	440.8	356.2	888.9	1160.9	590.6
"U90918_at"	112.9	166.8	81.4	88.8	71.4	111.7	115.2	278.3	97.9	45.8
"U90919_at"	1456.6	1631	1235.5	1036.6	1138	1396.2	791.2	1491	1860.2	1033.4
"U91316_at"	3083.3	3338	3827.6	810.7	2372.5	3819.7	2297.8	10115.2	7886	4123.5
"U91327_at"	1462.5	1734	1743.7	1697.9	1731.5	2228.2	3228.6	2667.3	1634.1	2865.8
"U91521_at"	254.3	20	19.3	297.9	39	92.9	30.1	389	171.6	13.6
"U91616_at"	3964.3	1610	710.2	97.3	3666	2989.8	2203.8	991.6	2034.5	2112.7
"U91618_at"	103.7	262.9	58.7	3124.8	6.6	23.1	81.2	138	66.1	5.7
"U91903_at"	204.6	316.2	166.2	487.8	236.4	125.9	37	148.6	254	35.5
"U91930_at"	4824.4	6275.7	5624.2	8073.2	4954.6	7683.6	3775.6	8103.4	7929.4	4920.5
"U91931_at"	1771.8	1940.3	1723.6	1522.8	1261.6	1985.1	1069	2377.1	1882.7	1883.1
"U91932_at"	5208.8	4085.4	6092	3884.3	6697.2	6894.1	3347.9	6911.1	7087.6	8435.7
"U91985_at"	1628.5	354.4	1198.3	1160.7	558.2	1130	1540.8	1203.1	771.2	829.4
"U92014_at"	775	1658.3	694.5	1028	1486.7	587.4	575.4	935.2	1074.6	1300.8
"U92015_at"	77.9	219.4	167.9	995.8	354.4	340.2	765.4	523.2	771.2	119.5
"U92027_at"	446.1	329.1	566.2	482.1	420.2	314.9	294.9	322.1	287	251.3
"U92314_s_at"	297.7	165.2	48.8	1014.5	66.5	76.4	142.1	81.9	113.2	70
"U92436_at"	237.3	337.6	243.4	330.8	207.3	258.2	122.4	640.1	516.6	298.6
"U92457_s_at"	634.1	1052.5	431.6	1258.5	1010.4	927.4	1373.2	585.2	514.2	966.7
"U92458_at"	53.6	61.4	14.8	220	75.6	17.4	47.5	24.6	112.1	10.2
"U92459_at"	54	19.9	35.6	12.2	6.1	13.9	35	9.7	27.4	4.5
"U92971_at"	94.3	616.9	517	722.9	310.9	169.2	95.5	117.8	231.3	252.3
"U93049_at"	1917.3	1239	1586.7	456	1917.9	1079.2	2215.7	1879	1436.6	2244.1
"U93091_at"	312.1	471.2	535.8	18.4	797.6	380.6	655.4	943.6	552.1	926
"U93205_at"	42486.7	41395.8	42113	32440.2	38280.3	49913.9	59745.9	33114.4	40966.2	38673.2
"U93237_rna2_at"	1457.5	746.4	919.3	3181.9	706.7	1035.6	1611.2	2762.2	1531.8	1013.5
"U93553_at"	217.2	97.9	109	464.6	92.3	183	327	91.4	182.3	72.4
"U93867_at"	674.5	586.8	608.9	908.7	579.1	637.5	744.2	501.7	892.9	646.9
"U94319_at"	440.3	203.5	412.9	1343.4	371.5	130.2	377.1	584.4	425.3	330.5
"U94320_at"	303.8	393.8	155.2	208.3	188.7	43.3	377.9	287.3	223.7	29.1
"U94332_at"	81.8	29.4	140.7	329.9	26.7	36.1	467.9	130.3	172.3	14
"U94333_at"	135.2	77.2	49.4	74.4	30.2	28.1	101.7	324.8	51.5	48.3
"U94585_at"	5016.3	2713.7	3278.1	5252.8	2068.4	2581.1	3359.9	3600.8	2887.6	2684.8
"U94586_at"	12348	16078	18822.4	13513.4	16623.6	12932.5	6300.3	13905.4	14428.4	15476.2
"U94592_at"	7900.5	10280	19868.2	45132.7	8566.7	8357.6	7965	16065.8	9592.7	11383.2
"U94747_at"	2569.7	2124.4	2854.2	2664.4	2600.5	2475	2642.7	2996.8	4002.6	3059.4
"U94831_at"	5118.3	3829.3	4848.9	17916.7	7231.7	6954.5	2798.2	6061.7	5913.6	6637.4
"U94832_at"	3823.4	1904.9	2851.1	3464.7	2448.4	3824.4	3775.2	5451	3346.5	5136.8
"U94836_at"	3249.5	2870.1	1385.2	5037.7	3332.8	3848.2	2895.1	3040.8	2794.9	3377.8
"U94855_at"	5612.2	5735.5	14418	8428.4	8746.3	5846.2	3819	10921.4	11993.6	12111.6
"U95006_at"	2262.8	1143.7	2135.3	2638.3	1116.8	1933.5	1803	1507	2002.2	1847.7
"U95019_s_at"	92.7	57	30.6	381.1	64.3	40.1	78.9	55.7	73.6	30.3
"U95020_at"	56.2	63.4	36.5	154	25.5	58	68.5	75.6	50.4	36.8
"U95040_at"	15222	16376.7	10862.8	14157.8	7994.8	11060.2	14036.3	10702.2	10055.6	13179.6
"U95090_at"	587	1175.3	124.1	721.9	319.9	151	797.3	206.2	106.4	329.8
"U95626_rna1_at"	96.6	87.3	52.5	399.8	109.1	385.8	73.3	795	1151.8	75.7
"U95626_rna3_at"	699.9	280	66.3	216.9	189.1	2705.3	772.8	1127.7	1145.7	622.3
"U95740_rna1_at"	2612.2	1219.6	2459.6	3224.3	1444.6	1059.2	2254.5	2375.2	3053.1	1623.3
"U95740_rna2_at"	90.8	136.4	38.7	3333.5	50.1	32.6	103.1	390.8	81.1	45
"U96094_at"	1209.4	981.2	894.5	936.1	327.9	882.3	1152.6	418	1159.6	960.1
"U96113_at"	960.5	420.2	932.8	960	1094.4	1219.4	1711.7	1289.9	1284.2	1332.5
"U96114_at"	722.1	325.2	790.3	856.7	317.1	525.3	668.6	1121.9	527.9	587.2
"U96115_at"	49.7	345	31.4	366.7	72.9	47.5	84.4	158.8	199	105.1
"U96131_at"	459.1	413.2	408.2	8169.2	443.4	178.4	240.5	580.5	546.2	241.3
"U96136_at"	171.7	292	30.8	189.2	185.2	39.1	27	161.8	219.8	43.3
"U96191_at"	45.6	137.3	138.5	257.7	17.2	38.9	46.2	205.3	191.5	17.5
"U96629_rna1_at"	2414.9	730.9	1735.4	6401.4	1305.9	1606.5	2636.1	2951.6	2436.6	1543.9
"U96629_rna2_at"	2882.7	1735.5	1949.9	3470.4	1990.6	1777.8	3473	3153.6	2356.6	1542.8
"U96769_rna1_at"	65.8	122.8	162.1	988.4	133.3	80.4	231.8	120.4	125	66.2
"U96781_cds1_at"	371.8	506	459.3	999.7	470.8	331.8	1158.2	1133.4	384.8	361.1
"U96915_at"	7024.9	8709.3	12207.8	8648.8	9447.2	7991.7	4225.1	6284.2	6655.6	7823.3
"U96922_at"	94.1	25.5	7.2	97.8	25.6	15.9	116.8	13.3	8.3	3.8
"U97018_at"	53.7	261.8	53.3	3032.7	65.8	57.8	300.5	67.1	25.3	35.4
"U97105_at"	4988.5	3056.7	13452.3	696.5	10556.6	4019.2	3756.7	9915.7	11408.2	7322.4
"U97188_at"	85.2	46.3	36.1	381	143.7	31.6	174.8	243.9	305.9	165.8
"U97502_rna1_at"	1278	251.4	1145.9	442.6	573.2	371.6	200	311.5	771.6	648.9
"V00503_at"	111.1	131.6	183.2	14	212.8	34.2	18.3	104.9	109.3	28.2
"V00532_rna1_f_at"	45.7	62.2	14.7	41.8	10.5	8.8	102.3	82.8	15.8	14
"V00533_rna1_f_at"	52.9	20.5	12.4	29.6	21	19.2	30.9	24.2	43	11.3
"V00535_rna2_s_at"	247.9	111.6	52.9	79.6	67.1	34.2	407.7	48	129.8	22.1
"V00536_rna1_at"	303.9	609.2	252	321.7	287	9435	261.8	83.5	306.5	151.3
"V00542_f_at"	43.4	34	15.9	231.9	28.4	26.4	47.6	31.8	26.3	16.9
"V00551_f_at"	39.3	23.6	90.9	308.6	119	35.9	265.7	25.1	119.8	7.6
"V00563_at"	297.7	1207.5	785.3	390.9	350	277.2	231.5	389.3	243	207.6
"V00565_s_at"	303.6	212.7	171.2	252.1	135.4	244.7	523.4	278.7	248.3	137.7
"V00571_rna1_at"	34.4	218.4	185.6	423.8	115.8	69.6	19.5	236.1	289.6	70.3
"V00572_at"	31258.8	30977.4	34481.3	17364.6	26530.6	30014.4	33575.2	26419.5	32843.5	24529.4
"V00574_s_at"	3134.4	1966	1776.9	4028.5	1258.7	1536.8	3361.3	1674.5	1474	1740
"V00594_at"	133846.5	274374.8	26889.2	9225.4	27031.9	85516.2	183631.1	11645.8	17888.8	74122.4
"V00594_s_at"	122164.5	137988.5	82468.8	64791.5	191076.2	161134.2	778335.2	54839	80271.4	79406.6
"V00599_s_at"	70290.1	21480.2	30969.4	16733.2	28626.3	39958.6	78910.6	35052	36321	28858.4
"V01510_rna1_at"	169.6	940.3	517.6	177.9	247	120.2	274.8	361.1	249	187.1
"V01512_rna1_at"	1587.7	30963.5	27398.9	7510.1	24694.2	6242.4	1026.9	6754	27060.6	12507.9
"V01514_at"	38	45	40.1	60.5	26.9	23.1	51.7	63.8	55.5	29.4
"V01515_cds1_at"	237.7	154.6	78.5	25	16.5	15.3	6.9	24.6	88.1	7.1
"V01516_f_at"	1084.3	2191.5	881.2	1856.8	930.1	1035.7	1133.2	1159.9	897.4	774
"X00038_at"	37	40.7	79.4	236.5	24.6	55.3	39.1	68.3	38.8	13.4
"X00088_at"	38.6	49.1	50.9	12.1	27.5	16.5	36	13.2	21.9	9
"X00090_f_at"	241.3	83.9	377.5	59	104.8	107.9	124.1	33.8	167.2	105
"X00129_at"	4266.4	4827.8	12930.2	297.1	19823.7	11623.7	4669.5	16224.5	6823.2	11364
"X00237_at"	47.4	115.1	71	90.5	62.5	41.4	94.1	60.7	59.4	10.9
"X00274_at"	159601.7	301508.6	151863.6	52553.8	155178.5	100512.5	365726	96533.4	128320.1	90532.7
"X00351_f_at"	142130.7	86460.1	104531	35260.8	70379.7	63667.6	161629.5	90366.7	90333.2	74153.8
"X00368_xpt2_at"	257.5	431.7	74.4	486.4	40.1	38.2	431.6	227.6	103.2	135.9
"X00371_rna1_at"	379.9	651.1	296.3	7782.8	500.2	133.6	419.2	674	180.7	231.4
"X00437_s_at"	448.1	1183.1	298.6	3317.9	1201.9	3505.1	279.5	531.2	287.3	542.6
"X00540_at"	327	21.2	173.4	70.8	60.1	33	27.5	53.9	42.4	4.6
"X00588_at"	383.3	31.7	56.1	1014.3	60.7	40.7	566.7	58.8	48.2	21.5
"X00695_s_at"	40.3	62.7	69.5	17.9	7.3	2977.6	34.3	68.2	30.7	5.5
"X00734_at"	372.6	238.7	843.2	399	321.9	226.5	1612.9	902.6	355.8	584.1
"X00948_at"	57.5	107.4	10.1	226.5	17.8	39.5	101.5	49.8	29.7	13.8
"X00949_at"	60.4	47.5	18.8	213.2	173.8	80.1	73.3	32.7	156.4	70.5
"X01038_rna1_s_at"	248.9	493.4	496.1	229.5	159.3	174.4	549.5	161.5	495.3	76
"X01057_at"	338.3	18.2	39.3	386.5	22.6	152.9	47.5	25.3	24.6	9
"X01059_at"	1033.4	604.8	400.2	1024.7	384.1	502.6	353.9	557.5	135.3	480.2
"X01060_at"	45313.8	31683.9	36704.9	3107.6	49229.9	15955.6	52094.6	47120	48405.4	40691.4
"X01388_at"	1923.8	824.4	1639.9	2412.3	1583.1	1746.5	2618.7	1823.2	1866.2	1182.4
"X01630_at"	711.6	1101.5	311.8	6739.5	638.7	426	334.9	382.8	184.1	122.3
"X01677_f_at"	91355.6	65993	44142.8	29764.2	23057.6	55911.3	170861.5	45307.9	44690	40525
"X01703_at"	2187.4	6824.5	13760.4	67706.3	17552	8602.6	2784	11989	20411.9	14518.9
"X01715_at"	574.6	312.9	117.5	65.9	117.4	225.6	544	281.9	456.8	22.5
"X02152_at"	32579.8	30297.1	34194.9	9596.2	26719	44974.2	33823	30882.4	27813.4	25185.6
"X02158_rna1_at"	421.7	85.1	287.1	158.8	201.6	77.6	79.9	178.7	122.1	174.6
"X02160_at"	741.8	545.4	1008.9	6091.3	816.2	450.7	596.2	839.4	713.5	620.1
"X02176_s_at"	714.8	452.3	86.6	206.2	403.7	427.4	190.3	510.6	531.5	50.5
"X02317_at"	12037.6	20748.1	18798.7	35249.2	18664.2	18386.5	10907.1	14892.8	16264.1	16440.2
"X02404_at"	258.1	179.1	37.1	161.6	167.6	79.2	175.5	196.6	22.8	35.5
"X02419_rna1_s_at"	8423	2868.4	3024	560.1	5529.5	1525.1	2618.1	2912.2	3518	1668.6
"X02530_at"	374	5850.8	2958	106.4	1827.3	36306.5	727.1	602.6	334	806.9
"X02544_at"	49.3	70.3	35.1	39	43.4	35.6	33.3	40.7	43.9	18.3
"X02596_at"	1385.7	1446.7	1574.1	5092.8	1479.1	1672.7	2359.4	2137.8	1800.1	1048.8
"X02612_at"	141.2	303	17	2092.2	190.6	106.9	91.7	64.6	242.9	51.6
"X02750_at"	941.7	230.5	687	1242.3	252.9	612.9	213.3	720.1	177.4	346.5
"X02751_at"	33.1	299.2	507.4	450.8	276.9	801.4	272.8	425.1	723.5	460.3
"X02761_s_at"	5322.9	74132.6	44957.5	1737	61057	48023.9	49214.6	48462.1	55884.3	40134.7
"X02874_at"	9685.9	17260.3	7137	303.2	5940.5	4709.1	2768.4	2570.1	3315.6	4520.2
"X02875_s_at"	8671.6	5658	2283.3	1720.6	1992.4	1265.4	3823.4	4578.8	3669.5	1105.8
"X02883_at"	52.5	106.1	83.1	55.7	75.9	53.4	112	36.4	63.2	34
"X02910_at"	1804.1	29727.3	1375.1	346.6	44386.5	47192.4	1110.3	877.5	13995.4	8418.3
"X02956_at"	126.1	20.5	14.6	170.9	22.3	11	57.7	11.2	61.9	9
"X02958_at"	230.6	49.2	53	43.4	72	34.2	85	38.9	181.8	32.5
"X03066_at"	577.6	790.8	452.8	682.3	404.2	495	789.7	638.1	480	242.6
"X03068_f_at"	23845.5	82904.3	89043.1	11304.2	88861.9	64648.1	21111.1	63108.1	24065.1	38123.8
"X03072_at"	960.2	501	202.5	796.4	553.5	816.9	1630.1	351.2	292.8	477.5
"X03100_cds2_at"	11346.8	16079	15334.4	10596.3	17898.1	13648.7	15189.1	13558	15502.5	11341.2
"X03168_at"	1363	1142	2062.7	684.1	671.4	858.9	254.2	1100.9	757.2	533.6
"X03342_at"	37065.5	68632.5	66126.9	50052.2	50713.3	32413.2	62570	38503.4	48057.9	46697.3
"X03350_at"	245.5	222.2	124	209.3	5.2	25.9	131.7	30.6	188.9	6.5
"X03363_s_at"	796.3	687.5	536.6	8145.1	651.8	527.2	398	1035	580.8	506.7
"X03473_at"	40.1	62	40.3	71.4	15.5	42.8	49.9	104.9	57.6	20
"X03484_at"	4813.7	3296.6	2318.7	4870.6	2335.1	3661.9	7004.8	4175.5	3385	3357
"X03635_at"	288.3	57.9	543.4	34.7	937.1	85.6	86.3	493.5	610	604.7
"X03656_rna1_at"	3041.5	3256.6	1439.1	2076.1	1770.3	3756.5	2843.9	1126.4	1069.7	1014.2
"X03663_at"	4159.7	1903.6	5444.1	219.1	2424.4	1578.3	7143.2	6384.1	5643.2	4712.9
"X03689_s_at"	41901.2	55978.6	66815.8	62478.9	79752.5	45270.8	75571	53399.9	63331.2	59585.5
"X03794_s_at"	306.3	299.2	233.4	181.2	183.2	200.9	151.3	233.6	173.2	137.7
"X03934_at"	845.7	1269.3	2057.5	1904.1	1383	2032	618.2	832.5	1148.3	589
"X04011_at"	5303.2	3042.4	13501.8	775.6	5394.6	5865	5804.5	14417.9	10161.9	12780.7
"X04085_rna1_at"	3183.6	5189.9	10080.1	9701.4	15798.7	4442.7	3272.1	10519.2	10109.6	11836
"X04106_at"	26022.8	9502.6	25786.2	26503.3	11133.8	18295.3	20341.3	25567.4	14771	19151.3
"X04143_at"	139.6	117.9	90.1	152.9	392.4	72.9	347.2	83.9	110.4	369.2
"X04145_at"	369.1	36.5	22	30.7	33.3	38.8	41.5	42.3	38.9	14
"X04201_at"	999.8	983.7	1061.2	1341.6	813.6	1042.7	743.7	1130.9	1081.5	665.1
"X04297_at"	676.2	737	569.4	482.4	231.1	56.4	667.9	76.2	237.7	47.2
"X04325_at"	126.7	714.5	94.6	1671	257.9	574.2	1119.1	1014.3	648.6	407.9
"X04327_at"	525.5	442.5	798.6	660.6	339.9	351.3	201.8	476.8	648.7	281.8
"X04347_s_at"	6770.9	8512.8	11282.8	8695	10093.2	8230.9	8305.8	8908.7	9551.8	13232.7
"X04366_at"	4080.2	2555.8	3539.8	6972.5	2230.5	3037.1	2821.7	4543	2838.3	2323.1
"X04391_at"	295.3	277.3	278.9	300.8	172	178.8	290.8	432.7	239.2	143.6
"X04412_at"	23566.8	7130.7	13587.6	13754.6	10704.8	16105.6	23003	25125.1	28681.7	28597.8
"X04434_at"	74.1	77.3	352.8	673.2	416.7	168.5	579.8	116.9	121.1	473.5
"X04445_rna1_s_at"	1251	1140.7	452.7	402	315.3	316.5	379.2	300.3	308.4	274.4
"X04470_s_at"	420.3	10854.2	1202.8	143933.7	1972.3	3854.3	455.9	898.9	931.8	227.4
"X04500_at"	139434.5	126393.9	6203.9	968.9	123782.7	115051.4	6468.8	6571.9	11714.5	30634.7
"X04526_at"	20288	7113.3	14522.4	11082.1	16388.8	15128	14798.5	17210.3	15760	16417.8
"X04571_at"	168.2	66.1	32.4	295.3	31.3	12.7	59.7	23.9	6.5	3.7
"X04602_s_at"	4354.8	38758.8	448.4	158.5	78318.2	55736.5	760.2	94.3	1200.4	9263.5
"X04654_s_at"	12084.2	8109.1	6843.9	22372.7	7208.6	9218.7	17559.6	13808.4	9136.5	7082.9
"X04688_at"	150.9	47.6	121.6	32.3	46.3	18.5	96.4	156.4	60.2	7.8
"X04706_s_at"	47.7	38.9	15.1	23.3	17.7	36.7	42.1	47.7	36.7	6.4
"X04707_at"	471.3	193.4	77.6	88.4	70.3	74.7	183.7	216.8	397.2	55.1
"X04729_s_at"	326.8	793.5	563.1	403.8	492	210.2	637.2	124.3	74	385.8
"X04741_at"	128.3	122	53.1	6742.7	65	817.7	682.2	858.1	1202.4	458.5
"X04828_at"	13215.9	4857.4	17719.5	6115.1	7543.5	8375.7	5818.7	17772	6093.4	8836.5
"X04898_rna1_at"	168.8	94.8	380.1	152.9	102.1	265.6	185.5	159.8	146.5	58.7
"X05130_s_at"	15204.9	5064.8	10022.8	14486.4	12648.3	12210.5	24572.5	7312.9	15202.1	13118.3
"X05153_rna1_at"	146.9	100.2	461.2	351.4	367.5	290.5	136.9	145.3	307.1	227.9
"X05196_at"	479	613.6	1130.1	2080	668.1	638.4	1011.1	679.3	233.5	136.9
"X05232_at"	159.5	87.1	281.7	96.4	81.8	66.8	128	87	99.8	27.8
"X05246_at"	137.1	104.2	96.9	411.2	131.2	109.1	88.2	150.7	208.2	81
"X05276_at"	8598.6	3354.7	4505.5	2244	2832.3	4898.7	5240.4	7156.6	4455.2	7434.9
"X05299_at"	2600.4	1442.2	1889.7	2024.8	902.7	1541.2	2378.3	3398.7	1837.5	1805.1
"X05309_at"	176.8	527.6	350.4	461	338	266.1	93.7	656	337.7	278.8
"X05323_at"	290.7	328.9	403	312.9	80.5	238.9	480.3	532	181.5	30.8
"X05345_at"	2021.5	939.8	1015	2288.7	921.6	1634.7	369.7	1089.8	827.8	990.5
"X05360_at"	352.4	53.4	351	76.6	208.8	143.8	67.6	310.1	517.5	88.1
"X05409_at"	21137.9	41553	69703.6	15247.6	60650	24870.2	15628	36597.1	36975.3	32778
"X05608_at"	212.7	180.9	196.5	203.5	121.4	26.2	163.8	46.1	210.1	31
"X05610_at"	1022.7	146.1	195.8	926.3	485.6	347.5	674.5	365.7	139.4	463.3
"X05615_at"	349.9	378	99.7	404.1	92.6	108.8	175.3	80.1	396.6	103.2
"X05839_rna1_s_at"	91.8	54.9	28	87.3	221.5	48.5	23.2	279.4	21.4	22.8
"X05855_at"	181.4	139	295.9	355.4	416.5	382	392.7	603	396.2	301.4
"X05855_s_at"	3852.8	6293.7	11625.8	16209.9	19173.1	7759.8	2416.1	8215.3	10000	12450.8
"X05908_at"	16005.9	37356.8	16315.5	14682.4	22898.9	21931.3	9277.9	11188.4	13099.3	26246.1
"X05997_at"	165.6	72.1	99.7	374.8	179.1	13.4	262.4	231.1	125.4	49.6
"X06182_s_at"	111.6	120	233.2	563.7	48.4	46.9	43.7	71.6	73.3	38.8
"X06256_at"	8231.2	4912.3	1322.6	57.7	2494.5	5958.7	4720.9	4101.9	2696.6	3510.2
"X06268_at"	178.9	439.8	800.1	685.4	412.7	401.1	463.9	284.1	238.7	536.4
"X06272_at"	2293.3	1131.8	1505.4	2372.7	2313.2	2347.1	2114.8	2494.1	1952.3	1954.7
"X06290_at"	39.4	52.6	76.1	26.9	7.5	20.7	17.6	10.7	51.3	7
"X06318_at"	13.9	172.7	49.9	93.5	7.5	149.1	334	56.9	201.9	46
"X06323_at"	1600	787.2	2631.6	2691.1	2301	2003.2	1061.6	3329.9	2555.5	2651
"X06389_at"	125.4	70.5	100.7	66.1	41.3	78.9	177.6	77.3	24.8	68
"X06482_at"	89.4	295.2	327.1	71.8	33.8	78.7	161.9	110.7	151.4	29.9
"X06562_at"	19.7	18.4	9	162.2	8.2	9.4	15.9	11.3	79.6	5.6
"X06614_at"	3609.5	4841.2	10651.1	3825.1	8572.8	2798.2	2500.2	15859.6	9629.6	5673.7
"X06617_at"	63975.7	83877.2	91109.6	60798.5	62661.1	51530.8	67637.2	48371.1	64936.1	58056.2
"X06661_at"	9.4	101.5	47	157.6	10	19.8	30.4	12.6	17.2	9.5
"X06700_s_at"	236	36.3	145.2	143.9	21.8	174.1	324.6	176.2	117.6	63.7
"X06745_at"	387.9	118.8	453.9	560.3	449.5	151.5	578.5	288.4	409.2	188.5
"X06825_at"	208.6	225.8	93.7	272.3	129	89	113.9	175	134.4	66.3
"X06948_at"	277.3	363.8	229.8	870.3	195.9	40	113.6	987	1462.2	432.1
"X06956_at"	109.4	24.8	25.6	980.6	13.2	541	20.4	237.2	75.5	16.1
"X06985_at"	3184.5	41358.8	20622	2728	14739.4	16735.8	20370.5	3687.4	5099.9	19247.6
"X07024_at"	688.6	495.1	423.2	778	570.1	298.6	293.1	500.9	384	287.2
"X07109_at"	129.7	1017.5	296.6	1636.6	78.7	1468.4	930.5	538.8	2716.8	472
"X07173_at"	261	40.6	279.3	336.7	178.1	154.2	322.2	223.8	226.3	71
"X07203_at"	36.1	321.6	122.3	197.3	71.5	42	26	34.5	323.9	45
"X07290_at"	524.8	613.4	788.2	5231.2	783.1	334.1	1086.7	1180.8	1033.2	743.6
"X07315_at"	1244.2	880.6	1855.6	659.8	231.3	516.9	1743.5	2603.9	1195	510.3
"X07384_at"	239.3	642.9	678.2	838.9	343.1	144.2	369.2	490.2	241.3	281.5
"X07438_s_at"	801.7	1214.9	698.6	4216.9	642.6	490.7	1176.8	846.7	476.2	445.9
"X07495_at"	109.4	54.7	115.4	197.4	388.8	77.1	278.4	147.5	280.2	101.5
"X07496_at"	229.1	853.6	109.5	164.2	143.5	423.8	1320.3	525.5	294.2	322.2
"X07618_s_at"	80.8	65.4	93.4	284.9	67.9	87.8	133.4	158.5	156.7	36.4
"X07619_s_at"	518.8	1300.3	792.5	1011.1	914.5	1562.2	670.3	1034.2	1007.1	1053.3
"X07695_at"	483.6	1449.9	158.7	9397.2	589.7	303.8	813.3	296.1	510.2	166.7
"X07696_at"	43.7	78.3	24.3	9780.1	41.8	49.1	103.7	48.1	32.8	21.3
"X07730_at"	1316.4	1436.6	1398.3	2124.4	2116.3	2121.5	3909.2	1976.2	1512.6	1613.6
"X07732_at"	155.1	113	67.6	152.3	173.2	149.8	663.3	238.7	125.7	96.8
"X07743_at"	8649.6	11108.8	6296	530.2	15392.5	27269.7	6500.4	4042.4	5951	8422.4
"X07767_at"	4846.6	3512.2	4347.4	4355	3481.4	3871.7	5098.5	8071.9	4201.1	3771.9
"X07820_at"	5671.4	3104.1	524.4	799.2	2432.9	749	159.3	59.2	54	1810.6
"X07834_at"	3796.2	4005.2	442.1	234	3073.6	4810.9	923.6	218.3	918.2	659.3
"X07876_at"	72.6	200.6	45.7	46.3	202.8	94.8	57.7	330.4	49.5	12.6
"X07948_at"	329.8	360.6	141	786.9	292.7	292.4	387.2	190.1	222.8	174.4
"X07979_at"	26537.9	19216.5	17854.8	13758.3	28769	27789.8	12871.9	23515.4	20204.6	26189.8
"X07994_at"	84.7	41.8	39.5	74.8	57	65.3	198.2	98	69	55.8
"X12433_at"	2070.3	1329.1	1525.7	3872.6	1790.6	2432.6	2143.8	1824.7	2203.3	2314
"X12447_at"	66413.4	36172.8	56749.4	24015	29933.5	43189.6	95406	45106	58149.6	45409.9
"X12451_at"	77625	59686	25055.6	4317.5	43487.8	47159.7	56160.3	23159.6	18008.5	32669.3
"X12453_at"	519.1	263.7	123.2	443.1	197.1	359.5	122.4	473.9	411.1	249.7
"X12458_rna1_at"	2255.1	1684.5	1358.4	2905.8	1632.2	1625.7	2105.1	2758.6	2315.8	2249.8
"X12492_at"	929.8	809.8	699.3	1173.4	459.2	792.6	857.8	886	611.6	592.5
"X12517_at"	4399.3	448.9	2802	1264.3	401.9	1484.1	3004.5	1516.6	2123.5	1660.5
"X12530_s_at"	57.2	45.1	57.1	528.9	108.9	220.4	63.6	324.7	100.2	44
"X12556_at"	26.4	31	19.5	22.9	16.5	12	59.3	13.3	27.8	12.6
"X12662_rna1_at"	23.7	32.9	18.3	150.7	12.3	23.1	263.3	18.6	11	14.5
"X12671_rna1_at"	10181.9	12658.8	18891.7	17884.7	27336.4	15761.6	5102.4	16573.6	19940.6	24322.4
"X12791_at"	3384.1	3579.4	2455.1	2950.6	4157.1	6238.3	2814.7	3118	2230.3	4707.3
"X12794_at"	1835.4	1671	1435.9	4683.8	384.1	266.8	905.2	1186.5	983.1	786.3
"X12876_s_at"	967.8	2595.9	395	20666.7	69.5	500.2	121.5	110.1	338	108.9
"X12901_at"	124.1	228.9	113	115.4	25.6	47.1	231.4	76	109.4	21.5
"X12953_at"	694.6	1381.2	837	1287.6	1663.1	2625.1	977.5	1489.8	1449	1542.2
"X13100_s_at"	100	396	169.7	718.4	73.1	269	100.4	345.3	99.3	175.4
"X13227_at"	87.6	161.1	123.9	248.3	70.3	71	546.5	178	223.6	94.6
"X13238_at"	13470.2	14580.1	14814.5	10567.7	12735.4	13390.6	5952.3	11442	13005.9	13811.4
"X13255_at"	88.9	278.4	516.2	287.7	179	197.1	205.2	256.6	203	128.3
"X13293_at"	381.2	259.6	254.3	392.9	487.5	701.7	1568.4	1225.8	1237.8	938.5
"X13334_at"	36902.1	3829.7	13421	590.5	13301.7	4296.5	33180.6	32871.5	26174.3	19595.9
"X13444_at"	1419.6	2133.8	795.9	1945.3	2589.3	1908.1	1528.3	1423.6	1473.3	1121.7
"X13451_s_at"	96.5	181.4	89	280.2	343.5	207	569.3	128.2	103.8	80.9
"X13461_s_at"	1302.7	386.4	1236.5	1086.2	1108.6	1234.3	1960.4	1296.8	1066	863.6
"X13482_at"	1794.7	1208.9	1239.2	2231.7	1153.3	1543.9	1705.5	1449.8	1360.6	1035
"X13546_rna1_at"	22327.4	13055	31227.1	22545.7	22217.7	11245.3	15554.8	22884	29115.5	22250
"X13589_at"	18.6	176.2	183.4	27.7	93.2	158.7	60	268.9	102.7	46.1
"X13766_s_at"	463.3	427	135.3	228.1	51.8	82.8	273.8	169.6	131	53.1
"X13794_rna1_at"	12544	9630.8	25573	25526.9	24551.5	25634.5	12968.8	22232.6	21617.3	27972
"X13810_s_at"	271.2	527.7	303.4	304.6	320.2	260.5	336.9	372.3	258.5	88.3
"X13839_at"	840.3	59.1	2201	2784.5	1340	109.9	710.3	1719.7	2999	3324.1
"X13916_at"	6352.3	2586	10742.8	1343.6	4738.9	5087.7	2895.4	14019.3	4854	5177.3
"X13930_f_at"	840.9	1075.9	948.5	1761.8	762.8	853.4	1346.9	1220	1196.3	683.3
"X13955_s_at"	58.4	95.7	28.5	66.9	29.9	51.8	52.3	39.6	52.2	31.3
"X13956_at"	3284.6	2456.2	2681.3	4556.5	2128.1	3191.1	4710.4	3040	3069.3	2494.7
"X13967_at"	2007.9	5296.5	442.2	1513.5	6691.6	5365.1	198.9	565.7	553.9	2258.9
"X13973_at"	10814.1	8182.5	11112.4	6753.8	8192.6	8748.2	12040.9	11560.4	12047.3	7737.5
"X14008_rna1_f_at"	13271.9	33728.4	7024.5	3633.8	24195	4963.7	21690	4525.3	5535.6	9365.5
"X14046_at"	10554.4	7047.8	24983.4	2214.1	9259.5	5475	10804	24698.8	11759.9	23577.1
"X14085_s_at"	883.1	1606.2	805.6	1107	1129	1550.1	2296.1	1098.4	384.6	841.3
"X14253_s_at"	85.6	340.6	68.5	394.5	257.2	49.2	300.4	336.4	63.1	159.8
"X14329_at"	277.1	220.8	65.5	232.6	307.8	284.2	100.3	587.1	446	191.6
"X14346_at"	67.9	61.2	48.6	111.2	77.4	74.4	173.2	116.2	56.9	36.6
"X14362_at"	39.7	178.4	170.6	161.9	42.4	31.3	137.9	77.5	164.9	34.1
"X14445_at"	112.5	89.5	113.2	168.7	95.9	97.3	489.2	204.8	355.4	59.3
"X14448_at"	14734.6	18433.7	9957.7	5665.9	10937.1	17990.2	27053.2	9305.3	14030.1	10853.3
"X14474_at"	349.3	444.5	82.9	493.9	435.8	40.2	639.9	123.7	425	333.4
"X14675_at"	1178.3	480.1	780.6	1598.2	213.8	863.1	845.1	1133.4	845.9	496.9
"X14684_s_at"	4432.6	5382.8	2279.7	5987.7	5394.5	3700.1	3906.8	3644.4	4278.4	5793.2
"X14690_s_at"	103.3	112.8	52.1	65.1	25.7	65.4	164.2	58.2	31.6	23.7
"X14766_at"	706.4	442.4	551.8	341.4	578.7	304.7	261.9	477.2	527.6	224.8
"X14767_at"	69.1	62	38.1	59.4	9.5	16.3	90.8	63.9	37.5	42.8
"X14787_at"	346.2	183.7	509.5	16.8	186.4	61.5	83.2	354.7	180.8	52.8
"X14789_at"	383.1	238	210.1	109.9	768.9	196.4	449.6	95.5	256.6	130.4
"X14813_at"	4321.8	2888.6	3604.4	1811.3	2873	2615.6	5333.6	3930.9	4635	2914
"X14830_at"	133.6	106.1	110.7	181.2	296.2	104	298.7	148	293.1	165.8
"X14850_at"	3160.2	8585.6	6751.4	4870.5	4237.4	3076.6	3328.6	3584	6972.9	5941.3
"X14885_rna1_s_at"	19.9	214.3	29.2	217.4	18.3	60.7	120.6	61.9	133.8	23.8
"X14894_at"	37.5	262.9	35.2	231	17.3	18	64.6	93.6	80.3	13.5
"X14968_at"	106.4	87.8	101.5	131.4	89.3	71.5	219.6	83.8	59.6	77.4
"X14975_at"	78.1	70.4	194.1	538.7	152.1	127.4	378.3	1407.3	783.7	272
"X15088_at"	49.4	62.5	90.9	129.8	46.9	105.6	99.2	382.7	157.4	87
"X15183_at"	26988	61193.9	70410.3	62339.6	53963.7	33266.8	28115.7	25877.1	28180.8	37710.7
"X15187_at"	3765.7	3087.3	4212.5	4708.1	6219	5093.8	3629.6	5668.9	4097.4	6287.7
"X15217_at"	60.6	46.4	20.4	23.3	126.8	27.9	51.2	47.8	144.7	24.9
"X15218_at"	167.5	400.7	204.3	239.1	318.2	320	407.9	876.1	237.5	447
"X15306_rna1_at"	515.5	84.2	370.8	132.6	640.1	186.8	145.1	518.3	581	378.6
"X15331_s_at"	1535.4	1643.1	2192.2	4142.7	2387.9	2027.4	2659.6	3138	2967.1	2450
"X15341_at"	34418	27806	32651	29333.2	21435.1	24037.9	40404.4	21951.8	28164.3	25809.5
"X15357_at"	163.6	588.6	155.5	254.8	574.7	972.5	1472.3	231	305.9	307.2
"X15376_at"	300.2	244.8	76.3	169.2	46.4	362.5	425.7	372.1	345.3	23.1
"X15393_rna1_at"	1586.6	882.4	1259.4	1012	933.1	793.8	1292.6	1209.7	924.2	688.8
"X15414_at"	96759.9	47402	36492.4	12179.5	29261.6	50482.8	63225.1	26908.2	24230.2	29210
"X15422_at"	184.5	44	115.7	43.5	22.6	97.8	52.8	30.6	59.8	16.4
"X15525_rna1_at"	9185.8	3158.2	3172.4	2663.5	2825.4	6341.9	6770.6	2260.1	2989.4	2774.3
"X15573_at"	6293	1157.1	3440.8	918.4	864.4	2001.5	4816.9	4442.2	2947.5	3600.9
"X15673_s_at"	1451.2	2098	1674	3169.6	1346.4	1466.6	1783.6	2248.8	1236	1432.2
"X15675_at"	109.4	83.5	101.9	315.9	273.1	78.1	144.4	113.4	97	251.7
"X15722_at"	257	793.3	105.8	606	321.1	2033.1	1549.7	1549.1	243.8	755.1
"X15729_s_at"	10432.6	18711.9	11624.4	13032	33464.8	19312.5	11992.9	15025.3	15177.3	22023
"X15822_at"	30939.1	25722.8	22384.4	18014.8	23746.7	24088.9	19191.3	17419.6	23221.4	21792.5
"X15875_at"	970.7	690.7	523.6	755.4	366.5	838.1	849.5	810.8	489.8	341.9
"X15880_at"	3808.8	2179.2	1292	3085.6	4638.9	5282.3	2504.9	4968.2	3414.6	4824.4
"X15882_at"	635.8	187.7	687	593.3	289	1087.5	1634.2	965.2	578.8	910.2
"X15940_at"	43731.5	65235.5	65328.9	37866.9	28139.7	36843.2	60815.6	36682.1	40901	47495.8
"X15943_at"	82.6	34.4	40.8	250.3	17.7	25.1	99.8	37.5	54.5	18.7
"X15949_at"	2537	1310.9	1103.9	1932.9	589.7	1343.1	924.5	2178	678.2	564.4
"X15954_rna1_s_at"	54.6	211.8	47.2	639.9	113.6	62.1	220.7	138.9	77.4	28.8
"X16064_at"	83135.5	146112.8	110794.9	93561.4	132464.7	78873.5	139479.8	80703.3	97593.6	87748.1
"X16105_at"	178.7	1027.7	110.1	468.7	70.6	465.1	402.2	199.2	72.2	79.5
"X16135_at"	3399.4	3286.8	3245.2	4256.1	1945.1	2738.4	4412.6	4030.9	3309.1	2022.7
"X16260_s_at"	181.2	376.6	223.2	297.2	191.1	124.9	852.6	168	590.6	60.3
"X16281_at"	342.8	77.5	223.4	68.9	160.2	119.9	235.5	29.2	261.3	181.5
"X16282_at"	85	81.9	360.4	248.8	49.4	92.1	88.1	241.7	163.8	131
"X16316_at"	7329	2988.6	6421.3	4157.9	3777.9	5929.6	10021.3	10160.9	5606.5	3736
"X16323_at"	21.3	77.2	38.4	63.7	64.3	36.4	247.8	147.7	46.2	4.9
"X16354_at"	100.7	464.5	392.1	264	893.2	64.4	83.7	351.9	87	111.9
"X16396_at"	5561	5881.5	2319.8	924.9	10259.8	8513.6	3426	3924	6595.3	9439.4
"X16416_at"	3661.9	1720.1	1667.2	5550.4	1850.3	2160.4	2494.4	3450.2	2417.1	2338.1
"X16504_s_at"	442.9	217.1	129.8	106.1	56.7	140.7	151.6	140.9	50.2	60.1
"X16546_at"	686.1	638.8	615.5	473.8	685.5	361.4	953.7	460.2	957.3	380.2
"X16560_at"	20108.6	21728.1	28922.3	28610.4	22540.1	18215.5	17903.3	17169.8	21127.7	22941.2
"X16609_s_at"	76	92.2	164	51.7	49.8	58.7	144.9	104.7	28.6	89.9
"X16660_cds1_s_at"	71	58	30.7	46.5	33.6	48	72.8	53.4	55.6	30.3
"X16662_at"	333.8	246.3	40.6	3361.2	114	172.6	121.4	71.1	101	36.9
"X16663_at"	9837.5	5932.4	14110.4	3154	10313.1	8088.9	11775.9	12914.8	13147.9	10636.3
"X16665_at"	1732.7	827.2	1499.5	1437.4	1401.2	1442.7	1204.6	1448.5	910.1	877.1
"X16666_s_at"	145.6	129	122.3	148	52.9	86.4	229.8	104.5	82.2	46.6
"X16667_at"	447.9	232.6	196.6	494.1	486	466.8	585.1	561.4	372.4	160.5
"X16699_at"	21.6	22.7	8.2	490.4	9.2	23.6	25.8	11.9	10.4	6.3
"X16706_at"	2206	2663.2	1248.7	1675.5	2228.4	2429.6	2225.7	1534.2	1783.3	2446.7
"X16707_at"	228	193.3	108.1	146.1	221.8	345.3	362.8	133.4	183.6	220.4
"X16832_at"	47477.5	11883.5	48315.8	33285.9	35868.7	20073.5	28317.1	18389.7	30834.9	24662
"X16866_at"	765.2	666.9	649.8	359.4	439.3	338.3	1267.7	123.2	378.8	358.9
"X16901_at"	251.1	358.8	225.2	190.2	206.9	160.1	188.6	434.9	291.7	145.9
"X16983_at"	30.5	60.2	237	148.7	294.6	71.9	57.8	266.2	146.3	208.3
"X17025_at"	673.4	4359.1	2163.4	1184.4	3073.6	2039.2	344.1	2095.3	2186.2	2457.1
"X17042_at"	22470	28740.7	16908.9	2009.8	38908.3	19553.4	4858.2	14060.7	16950.8	20452.3
"X17059_s_at"	1164.8	646.7	823.7	5526.4	1327.1	1384.6	801.6	1354	1289.9	828.9
"X17093_at"	2555.6	3008.5	2300.6	770.9	1689.8	944.9	2179.6	877.7	1591.2	743.1
"X17094_at"	4033.4	4016.4	2225.2	1848.1	2992.4	3576.6	2634.5	4061	4460.3	2687.5
"X17098_at"	157	57.5	74	158.3	148	59.3	120.3	184.2	67.2	53.5
"X17206_at"	75053.6	79979.1	91335.1	65642.1	75395.7	49102	107531.5	60276.7	86251.4	69335.8
"X17254_at"	1015.4	595.2	332.4	1420.2	425.8	468.8	1251.3	219.6	639.9	336.8
"X17360_rna1_at"	680.2	386.7	569.9	259.4	544.2	437.4	896.6	718.9	538	487.9
"X17567_s_at"	20416.1	23048.6	21212.8	12639.1	18871.7	26744.6	28841.5	16303.1	22831.9	21171.1
"X17576_at"	1435.3	1060.1	656.3	671.2	1032.8	1534.5	1549.8	1319	764.6	765.1
"X17620_at"	2882.5	2720	2441	3351	1657.7	1432.1	3261	3043.1	2163.3	2031.8
"X17622_at"	371.1	439.2	193	503.1	345.2	406.7	784.5	503.2	443.6	258.9
"X17644_s_at"	2873.2	4706.9	2402.4	2821.8	4429	6172.2	2309.4	3726.9	3254.8	5240.4
"X17648_at"	1676	2017.9	1302.3	466	734.1	1715.3	1235.1	1791.4	1316.1	948.2
"X17651_at"	317	331.9	1008.7	315.9	708.1	224.8	316.2	341.8	530.3	205.8
"X51345_at"	9216	16242.8	24639.2	9466.4	19763.5	14008.7	6018	6847.9	26626.1	16284
"X51362_s_at"	1534.5	1895.3	1508.9	2283.1	977.4	1536.8	2523.8	1482.4	1313.2	1164.7
"X51405_at"	415.3	582.2	1327	328.1	3069.5	823	289.7	1253.7	1846.5	1488.8
"X51408_at"	68.5	621.2	427.6	694.8	377.2	320.3	309.2	457.9	480.9	175.1
"X51417_at"	387.4	618.2	169	361.5	250.6	179.2	443.6	366.9	197.4	204.7
"X51420_at"	237.3	398	103.4	484.2	196.5	155.4	105.9	297.7	298.3	147.7
"X51435_s_at"	783.2	1363.8	265.6	532.7	2643.1	1526	823.5	740.4	529	1346.6
"X51441_at"	822.2	372.5	43.5	1001.8	52.8	160.2	375.1	77.3	53.2	14.3
"X51441_s_at"	175.4	65.1	58.6	527.2	122.7	103.8	821.3	45.1	251.4	106.1
"X51466_at"	23479.6	35705.7	53557.7	50460.9	46700.5	29657.6	33256.1	37145.1	47323.7	43992.9
"X51521_at"	6224	23089.8	8182.6	66693.3	10252.4	21564.1	7119	9716.9	11552.1	16589.8
"X51602_at"	36.7	76.7	290.3	94.1	20.6	42.7	113.1	64.5	80.1	107.7
"X51630_at"	48.4	23.3	202.2	66.5	34.6	28.8	32.9	245.7	138.9	24.9
"X51688_at"	362.2	168	77.3	63.1	68.8	111.9	236.5	353	101.6	111.8
"X51698_s_at"	201.5	299.1	189.1	211.2	142.4	184.1	203.3	207.7	183.8	113.9
"X51730_at"	24.1	91.9	22.8	77.8	7	7	20.9	4.8	11	2.2
"X51755_cds5_s_at"	1505.6	1174.9	269.9	627.4	1002.2	1264.5	1551.7	952.7	416.2	522.5
"X51757_at"	727.4	35480.3	82223.5	137.2	2912.6	2844.4	977.4	1071.3	736.2	2247.1
"X51801_at"	87.3	68.7	59.6	739.7	71.1	53.7	125.7	79.7	92.7	32.5
"X51804_at"	1407	1685.7	1220.4	1258.7	1129.9	1179.2	2375.1	1112.1	934.7	1173.5
"X51823_at"	30.7	52.4	88.9	43.3	63.9	14.5	21.6	32.8	101.9	22.5
"X51823_s_at"	35.5	6.2	114.2	114.9	44.3	60.2	111.1	98.6	55.1	32.4
"X51952_xpt1_at"	68.7	70.3	57.6	127.4	46.9	51.3	156.6	119.6	75	33.3
"X51953_at"	64.5	117.8	43.1	95.2	42.5	57	89.6	71.6	79.2	34.1
"X51954_at"	45.1	73	58.8	51.7	137.2	194.4	93.4	182.4	75.3	66.7
"X51956_rna1_at"	1369.3	114.8	68.9	3344.6	65.7	1439.4	339.3	76.2	49.9	48.2
"X51985_at"	95.3	80.4	103.2	122.7	72.7	94.4	56.7	85.5	73.8	48.9
"X52001_at"	21.4	29.3	68.1	35.7	24.4	26.3	37.9	58.2	199.1	15.8
"X52003_at"	515.7	937.8	306.9	1435.7	312.9	373.4	410.7	120.8	176.7	174
"X52005_at"	57.1	39.8	78.3	499.3	91.1	69.3	133.9	62	397.8	29.7
"X52008_at"	157.1	855.4	194.2	286.7	168.4	122.7	209.3	398.7	395.2	98.8
"X52009_s_at"	120.6	40.2	49.7	75.7	50.8	77.2	196.5	82.5	179	27.4
"X52011_at"	158.6	255.2	351.6	324	98.2	178.5	188.2	194.4	85.4	40.7
"X52022_at"	99	407.6	54.1	187	424	60.9	78.9	611.4	462.1	277.8
"X52056_at"	10170.5	5255	10068.8	198.8	3167.3	5038.9	12196.3	9982.9	4374.7	7027.2
"X52075_rna1_at"	71	47.7	207	39.3	217.9	46.5	749.2	92.4	369.8	608.7
"X52142_at"	719.8	600.7	476.6	751.6	542.5	555.4	470.3	1056.5	746.5	603.3
"X52151_at"	3768.7	2741.5	672.2	2607.6	1843.7	2565.6	3309.1	3897.6	2708.3	2715.3
"X52192_at"	2256.2	2277.4	3485.7	2783.8	2165.8	2175.9	4127.2	5518.1	3834.1	2352.5
"X52213_s_at"	208.1	518.5	123.7	916.9	150.9	212.6	273.4	211	218.4	79.6
"X52221_at"	160.6	756.5	306.3	344.5	190.3	185.4	369.2	225.4	247.2	443.6
"X52228_at"	652.6	431.1	230.3	434.5	263	370.2	387.3	707.3	214.2	166.9
"X52282_s_at"	302.6	83.5	71	201	104.5	175	274	237.2	449.3	136.9
"X52425_at"	7590.8	3521.3	2584.1	3041	2574.5	3836.7	3386.7	4031.5	2746.6	2351.8
"X52426_s_at"	1133.3	2251.1	338.4	2512.3	971.6	1330.9	752.2	1239.2	743.4	779.9
"X52479_at"	524.3	779.2	597.6	1163.5	431.7	413.1	658.9	889.9	206.9	494.7
"X52520_at"	245.3	55.8	240.2	435	231.6	81.3	413.3	368.3	286.4	94.3
"X52541_at"	831.3	11669.1	2457.5	1871.8	9278.8	3795.1	735.5	701.6	7035.8	3124.1
"X52599_at"	107.1	108.7	83.4	152.3	54	42.1	75.9	91.9	70.5	38.5
"X52611_s_at"	199.9	239.1	243.1	723.2	180.3	187.8	213.7	299.1	118.6	449.9
"X52638_at"	88.8	269.4	264.6	372.4	207.1	114.1	251.5	371.6	204	266.6
"X52730_rna1_at"	1844.6	1821.6	1128.7	981.1	1043.1	1318.6	2728.5	1354.1	1467.7	911.8
"X52773_at"	243.3	760	952	371.9	1130.6	1287	644.4	464.1	1240.6	1400.9
"X52851_rna1_at"	61062.1	73730.2	50895	25750	48030.9	38798.6	55802.4	35400.7	43646	35558.2
"X52882_at"	6388.7	11430.9	14596	6759.4	9592.3	10167.2	7186.5	5489.8	5617.4	9731.5
"X52889_at"	2522.6	1716.7	1513.1	3819.3	2008.7	2482.7	2062.6	2309.4	1846.5	2077.9
"X52896_s_at"	373.5	707.1	235	365	738.1	271.3	809.3	230.3	182.6	267.9
"X52943_at"	124.1	394.5	269	728.2	436.9	280	176.7	164.6	114.5	128.8
"X52947_at"	138.1	29.9	108.1	128.1	15.2	50.9	14.3	87.6	127.6	36.5
"X52966_at"	13275.8	18385.3	22792.9	20054.6	17816.3	12253.8	12675.8	12875.1	16532.6	19558.3
"X52979_rna1_s_at"	11767.5	9163.2	13048.9	12585.9	16766	14874.1	16986.9	12794.9	13528.4	14878.8
"X53002_s_at"	4656.7	2849.1	4709.9	2439.2	2802.9	1911.9	3685.1	5613.7	5099.6	2908.3
"X53065_f_at"	403.7	1498.1	351.7	1241.2	643.7	533.1	935.7	601.2	869.8	475.4
"X53296_s_at"	53815.1	83215.5	5892.8	1258	69477.9	69726.1	42042.5	5289.8	13095.7	36549.5
"X53331_at"	732.8	487.6	473.2	1721.2	504.5	537.9	780.2	631	457.4	329
"X53390_s_at"	3040.7	2293	2365.4	7072.9	2660.6	2194	3430.3	3873.2	2865.1	3449.9
"X53414_at"	326.5	178.1	128.6	245.8	145.6	154.9	537.9	135.5	100.8	90
"X53416_at"	24846.8	10086.1	20357.5	474.1	13355.7	12450.2	17382.8	20598.6	14427.5	16003
"X53586_rna1_at"	507.4	973.1	688.8	719.8	776.7	700.6	410.5	643.5	322	319
"X53587_at"	92.1	71.2	86.1	6021.7	84.7	85.4	210.4	56.6	64.7	46
"X53595_s_at"	42.8	74.4	343.2	392.8	258.3	135.4	91.5	284.8	296.6	84.8
"X53683_at"	1186.1	1325.4	1108.9	2566.1	282.3	947.2	1106.9	1364.8	1701.5	710.1
"X53742_at"	179.2	1144.7	295.8	440.8	296.6	192.3	237	345.2	675.8	339.9
"X53777_at"	18097.1	30341.5	36158.4	22404.4	29688.5	19747.7	24090.4	21649.3	25701.8	34023.3
"X53793_at"	491.6	430.1	411.7	474.5	362	584	802.1	733.3	602.3	571.6
"X53795_at"	606.4	368.7	139.4	408.8	334.9	300.2	416.6	361.2	181.3	95.9
"X53800_s_at"	1336	4589.5	620.6	400.1	20632.9	15379.1	1095.3	577.2	3962.4	5121.4
"X53961_at"	135.1	150.8	66.5	332	94.9	140.3	112.7	126.3	90.8	69.9
"X54131_at"	25	75.7	34.9	30.4	27.7	52.9	71.9	54.1	25.6	14.9
"X54150_at"	182.3	75.9	109	47	201	78	47.3	178.3	240.5	105.7
"X54162_at"	77.4	155.2	104.7	70	34.9	66.7	415.5	37	81.5	22.5
"X54199_s_at"	1006.8	697.5	1028.7	645.8	395.6	596	954.3	961	634.4	546.3
"X54232_at"	1778.5	1788.4	1192	9975.3	1233.3	1647.8	1517	1871.7	1222.2	779.8
"X54304_at"	6373.8	4430	7842.3	5419.2	9090.2	6001.8	5283.4	7261	7731.9	6922.7
"X54326_at"	1542.2	901.4	1431.9	3443	1573.4	986.2	1726.8	1938.4	1693.3	1472.8
"X54380_at"	93.4	62.5	24.6	6052.3	152.3	23.6	58.8	89.6	54.9	11.9
"X54457_s_at"	58.5	127.7	42.4	70.5	24.4	57	142.6	44.1	40.1	23.4
"X54489_rna1_at"	6899.7	12697.7	69.2	9286.6	24136.1	31106.3	702.2	210.9	1585.7	6444.4
"X54637_at"	4196.8	2612.7	3687.6	4649.6	3432.7	3301.2	4143.1	6982	3771.7	3263.4
"X54667_at"	16.2	136.7	13.2	26.6	122.7	126.5	100.5	41.7	9	10.4
"X54667_s_at"	2100.3	861.1	1235.1	1305.7	849.4	1094.2	576.2	251.9	702.2	458.1
"X54673_at"	50.4	69.7	43.6	46.3	25.2	66.3	52.9	92.4	39.6	23.1
"X54741_at"	305.6	92.4	251.4	263.3	169.3	236.1	222.4	221.2	168.6	164.7
"X54816_at"	341.4	97.2	93	129.6	51	91.2	166.9	86.6	82.2	34.9
"X54867_s_at"	31.1	99.4	14.3	33.3	97.7	371.4	33.6	37.4	30.1	47.3
"X54870_at"	383.8	827.3	500.8	1591.7	448.6	1067	285.1	891.8	996.9	477.6
"X54871_at"	433.5	95.4	197.2	390.7	160.4	111	119.1	416.7	122.2	371
"X54925_at"	10489.3	1958.7	457.5	56.2	626	1254	31.4	147.2	225.1	144
"X54936_at"	142.1	526	350.9	816.7	396.5	411.2	133.8	184	167.6	208.5
"X54938_at"	1608.8	1963.3	1398.8	2272.1	1659.3	1282.7	2894.4	1807.4	1734.1	1168
"X54941_at"	1835.3	1427.6	1458.3	1308.8	1693.6	1091.4	1026	1671.4	1980.4	1592.5
"X54942_at"	995.3	13634.3	5347.5	557	2671.1	1723.8	1244.9	312	2506.7	2226.7
"X54993_s_at"	704.6	307	662.5	1208.3	564.8	994	941.4	1320.9	748.8	556.2
"X55005_rna1_at"	1402.6	1116.7	692.9	1865.1	769.2	533.2	1052.5	880.3	1079.2	473.4
"X55019_s_at"	958.9	858.9	750.5	1187.8	440.7	869.1	1094.1	995.7	754.4	366.7
"X55037_s_at"	1740.5	1679.5	1861.8	2241.6	1923.5	1291.5	336.1	2174.6	1628.6	1705
"X55079_rna1_at"	14559.7	14098.7	28498.2	3828.4	18408.2	13205.2	11233.3	17269	17099.9	14862.4
"X55330_at"	397.8	207	736.2	642.4	796.6	260.7	199	545.2	397.5	621.3
"X55448_cds1_s_at"	14113.9	7255.3	10135.2	8046.5	6688.4	16120.1	41286.7	15361	10553.4	13994.3
"X55448_cds2_at"	2437.1	1436.1	2144.3	3170.5	1255.4	1386.8	1185.4	2699.6	1303.1	1843.2
"X55544_at"	94.1	494.4	384.2	415	460.9	269.5	1215.9	465.7	508.4	442.7
"X55666_at"	143.8	130.2	83.3	739.8	181	155.9	456.2	172	173.7	89.8
"X55668_at"	153.9	156.5	92.5	140.3	82.9	115.5	226.9	123.8	125.9	72.8
"X55715_at"	16921.8	23782.6	34438.1	28970.5	22993.2	18698.8	23799.9	19339.2	30157.5	30468.5
"X55733_at"	2792.3	2678.1	5338.3	6949.5	3377.5	3505.9	3409.4	4235.1	5008.6	5777.1
"X55740_at"	39.1	320.5	29	920.5	145.1	21.1	113	46.5	36.4	16.3
"X55777_cds2_at"	89	100.2	31.4	63.8	17.1	35.5	46.1	17.4	27.3	14.8
"X55885_at"	5590.7	3706.8	4863.9	6110.7	2470.4	4066.5	6818	7515.2	4046.4	6440.5
"X55889_at"	273.5	232.8	209.6	547.9	220.1	41	102.2	108.1	49.3	52.4
"X55954_at"	24637.2	40160	41743.5	24793.6	41859	24281	30741.2	31698.9	29510.2	41792.2
"X55989_rna1_at"	150.1	97.4	64.2	121.8	57.9	149.2	134.2	81.6	111.5	118.5
"X55990_rna1_at"	448.3	229	356.2	454.4	485.4	297.7	340.1	615.6	458.1	405.8
"X56088_s_at"	53.2	83.3	225.7	139.2	11.1	19.6	55.8	27.8	109.6	15.5
"X56199_at"	369.8	125.9	100	1440.1	419.8	137.4	127.3	235.8	315.8	158.6
"X56253_rna1_at"	23043.3	13370.1	15065.8	8589	17746.4	20505.6	41153.4	24163.9	20390.2	17890.5
"X56411_rna1_at"	392	416.7	49.2	1052	432.4	303.8	119.1	445.5	228.4	312.4
"X56465_at"	28.5	169	140.4	19.1	23.7	11.6	139.1	95.9	98	15.8
"X56468_at"	11971.6	23269.6	14758.7	13810.6	22602.6	23804.2	8359.1	12455	14667.4	17758.3
"X56494_at"	80528.8	36799.4	26802.4	18181.1	21473.1	38436.2	91004.7	37620.6	16974.7	28589.5
"X56654_at"	384.6	382.6	150.2	121.2	144.8	142.9	108.8	108.7	75.3	49.1
"X56667_at"	1037.8	460.8	674.5	1293.7	1023.6	748.8	1123.6	794.1	659.9	533.3
"X56677_at"	382.5	410.4	299.7	801.8	187.4	112.9	507.6	118.1	303.2	120.1
"X56681_s_at"	40572.2	31874.4	49378.5	26303.3	53196.5	28277.4	43427.8	30866.3	35142.9	56770.1
"X56687_s_at"	247	117.3	84.4	239.2	94.9	67.2	913	179.3	105.2	476.9
"X56692_at"	236.8	179.1	195.4	352.2	213	128.2	749.3	296	417	152
"X56741_at"	585.9	710.8	1845.8	374.4	568.8	470.8	2436.3	1989.8	1283.6	1037
"X56807_at"	349.9	602.7	358.8	232	423.9	291	217.9	307.4	317.8	270.9
"X56841_at"	27682.6	22915.2	30930.2	9353.5	18038.9	15864.9	25068.5	15695.6	16248.6	17226.2
"X56932_at"	60770.3	76031.5	87730.9	61826.8	57820.4	43762.9	70038.5	48007.6	55211.4	55466.6
"X56997_rna1_at"	59592.7	65876.5	64625.7	32683.9	50726.8	45057.7	65084.8	34392.1	44771.1	44257.5
"X57025_at"	160.3	40.6	204.2	240.3	2250.2	45.9	42.1	244.8	133.2	32
"X57110_s_at"	180.4	283.3	152.7	164.5	255.8	206.1	409.7	288.1	150.8	220.4
"X57129_at"	100.7	50.7	58.3	592.5	19.9	26.2	29.1	23.4	22.7	11.8
"X57152_rna1_s_at"	18364.3	14823.1	15593.5	9654.4	12664.1	21869.6	24074.3	19800.7	20420.6	19711.9
"X57206_at"	3121.5	1428.2	1846.1	2872.4	1398.1	2186.7	5897.8	4792.4	4230.2	1355.8
"X57303_at"	117.2	296.2	293.4	494.4	361.8	443.1	109.5	625.3	412.3	403.7
"X57346_at"	16450.1	17585.5	25964.3	9204.4	24520.5	22341.4	15437.3	21064.3	21017.4	18854.1
"X57348_s_at"	239.6	3095.5	238	2403.5	497.4	471.8	1327.1	218.4	751	170.2
"X57351_at"	9927.7	6124.1	7516.9	6932.6	5964.8	5518.4	10230	6337.4	6674.8	4714.7
"X57351_s_at"	122076	68239.2	61485.2	52756.1	58573	48713.7	27902.3	36187.9	24844.8	34506.5
"X57398_at"	9589.5	4633.4	7650.6	15875.8	7114.8	6726.5	9941	9001.3	10330.6	6254.9
"X57522_at"	14113.8	14737.9	4258.5	2682.4	3785.6	15013.8	6614.9	2822.4	4349.9	3242.4
"X57579_s_at"	38794.6	45450.2	18268.8	94.1	67449.7	60396.7	3817.9	9232.2	32260.9	42719.1
"X57766_at"	281.6	987.1	663.6	1039.9	841.1	769.4	1890.5	1043.6	854.7	803.3
"X57809_at"	20.8	304.5	32.2	355.5	16.1	174.4	537	11.2	39.5	60.5
"X57809_s_at"	2925.1	2622	2709.4	4920	2896	2610.1	4832.7	3255.7	2719.1	2488.4
"X57830_at"	64.8	71.1	46.2	40.6	32.9	24.6	62.5	65.7	38.9	21.6
"X57959_at"	10887.5	19113.4	24843.5	21156.2	20550.8	15023	11884.8	19406.7	18090.2	23463.7
"X57985_rna2_at"	617.8	60.3	281.8	1381.9	434.8	232.5	378.3	340.6	707.3	367.5
"X58022_at"	30.2	22.4	45.7	41.4	42.6	29.8	55.8	61.9	50.9	15.6
"X58072_at"	686.2	76.1	526.8	53.5	792.1	148.1	462.7	773.2	968.4	33.1
"X58079_at"	92.3	114.2	125.9	132.6	932.2	36.8	70.3	47.7	49.1	26.2
"X58199_s_at"	106.8	110.4	579.4	532.4	548.7	262.4	347.9	669.4	189.3	604.4
"X58234_at"	58.3	82.5	73.3	99.4	15.6	21.4	35.8	84	29.2	13.2
"X58255_at"	1538.8	1344.2	1212.2	1948.3	1548	1620.2	2111.9	1583	1171.2	1157.5
"X58288_at"	583.6	538.7	930	1429.5	1464.1	1144.2	669.8	988.2	1202.6	848.7
"X58298_s_at"	563.7	671	224.9	308.1	641.7	337.9	435.9	234.7	202.6	979.7
"X58377_at"	554.2	375.9	54.9	324.6	121.1	319.9	850.1	49.6	63.6	37.4
"X58399_at"	46.5	37.2	29.7	77.2	18.7	49	45.3	228.7	35.1	7.6
"X58401_at"	42.4	32.5	37.2	56.5	34	119.1	178.4	23.1	63.9	47.4
"X58431_rna2_s_at"	2301.4	1442.6	4045.6	826.1	2599.3	1080.8	1821.6	1956	1743.6	2124.9
"X58521_at"	2178	1014.9	603.4	770.4	547.7	913.9	1126.8	1500.1	358.2	444.1
"X58528_s_at"	1149.1	935.5	1261.6	8996.1	1418.6	1630.6	1911.6	1739.8	1801.5	1987.8
"X58529_at"	98.8	248.3	165.5	273.8	209.6	235.3	277.1	185.6	196.5	144.1
"X58723_at"	16.9	231.9	276.4	381.7	197.2	46.5	19.4	375.8	273.9	42.6
"X58822_rna1_s_at"	65.7	67.2	24.4	54.8	17.6	37.2	67.4	42.4	26	20.1
"X58964_at"	97.8	101.5	167.1	62.7	72.6	76.9	123.7	72.2	82.9	31.2
"X58987_at"	209	31.8	68.6	131.8	24.7	50.1	55.8	180.9	136.2	17.3
"X59065_at"	283	94.9	372.2	234.5	62.5	160.1	386.8	221.1	310.4	91.2
"X59131_at"	351.5	648.8	871.3	301.3	686.4	122.8	404.3	680.6	298.5	266.8
"X59244_f_at"	26.3	15.3	379.5	643.1	210	208.7	38.4	470.1	335.8	16.4
"X59303_s_at"	1872.5	1295.9	1567.1	1319.4	1004.8	1800.5	4688.9	2031.8	2385.7	2002.7
"X59350_at"	1559	1123.8	1328.5	1194.2	1393	2003.5	3185.3	3549.3	1318.7	1817.4
"X59372_at"	286.4	216.8	64.9	191.5	108.4	77.8	248.8	119.7	88.3	82.4
"X59373_at"	661.3	476.4	802.4	1130.5	517.9	539.5	195.2	301.7	1059.2	438.8
"X59405_at"	2665.8	2995.1	7156.6	7442.1	12882	6296.5	1526.2	10755.9	6073.7	9791.3
"X59417_at"	44638.4	38340.8	30537.2	10508.8	33652.4	45207.1	28615.8	20886.1	29029.3	24304.5
"X59434_at"	2366.7	1823.9	1961.5	2451.6	953.7	1300.5	1169.5	2001.8	2143.7	1974.2
"X59543_at"	1197.5	619.6	1803.7	2699.1	813.7	532.3	290.1	911	2058	937.4
"X59618_at"	122.3	437.1	213.6	320.7	290.8	198.5	162.4	245.4	381.1	136.3
"X59656_at"	48.6	45.5	35.4	90	41.9	30.2	186.5	88.7	70.7	37.2
"X59710_at"	167.5	161.9	105.9	231.1	97.5	50.5	129.4	218.4	166.5	87.5
"X59711_at"	184.9	738.5	527.6	329.8	744	703.4	717.9	754.4	663.6	799.3
"X59727_at"	121.1	180.3	170.3	239.6	458.9	121.7	244.1	274.9	183.6	87.3
"X59739_at"	731.7	1024.3	307.5	570.7	1672.1	4097.7	140.7	364.7	126.4	791.3
"X59766_at"	137.9	100.3	66	1367.6	82.2	51.1	244.2	146.7	100.7	35.3
"X59770_at"	370.7	494.1	320.4	415.8	233	205.1	141.5	354	378	213.7
"X59798_at"	202.6	672.1	116.8	10123.6	144.4	478.7	1129.5	205	174.3	108.6
"X59812_at"	72879.1	35352.4	46994.4	11589.4	33467.7	49848.5	163297.6	45779.5	46227.4	39581.4
"X59834_at"	13051.1	11213.9	40121.6	22650.8	27626.6	6390	13601.4	22713	30109	19183.1
"X59841_at"	4490.4	2555.7	3712.3	2370.9	4766	6261.9	6780.9	7501.4	5679.2	8557.1
"X59842_rna1_s_at"	674.9	460.6	363.9	1083.9	467.6	451.4	782.4	684.2	480.9	424.5
"X59871_at"	11.4	179.2	26.3	170.5	91.3	39.7	321.5	21.6	159.5	9
"X59892_at"	30295.5	20419.9	26892.3	17998.7	18723.7	27214.6	56001.1	27114.6	31493.7	22777.6
"X59932_s_at"	7449.4	4302	6272.7	5573.5	4967	6652	9826	7665.9	6346.2	6275
"X60003_s_at"	1738.2	2381.3	1474.2	1409.2	1328.2	1880.6	3392.9	2342.6	1297.9	1931.5
"X60036_at"	14315.4	14138.3	20370.4	16275.9	20280.5	15302.5	13659.2	20333.2	24940.8	20854.7
"X60104_s_at"	216.4	913.3	81.4	105.3	205.4	123.8	300.1	133.4	128.9	99.2
"X60188_at"	374.9	713.9	1700.4	3327.4	1330.6	1057.6	2390	1397.3	1194	847.6
"X60221_at"	14739.1	6598.1	16249.4	12835.1	7457.4	12145.7	19285	17287.5	14148.4	13948.4
"X60299_s_at"	302.1	300	881.9	160.6	486.7	346.9	877	1269.3	465.7	957.2
"X60382_rna1_at"	32.1	18.6	8.4	52.5	7	13.4	17.8	10.7	39.3	6.3
"X60483_at"	182.9	89.4	54.2	272.9	474.2	155.7	335.1	173.8	206.5	61.5
"X60484_at"	170.2	104.8	101.9	96.7	96.1	58.3	37.2	73.6	27.5	30.7
"X60486_at"	648.3	1708.7	1294	948.8	1301.5	637.6	291.5	77.5	1063.3	876.6
"X60487_at"	428.5	314	227.4	206.1	526.2	354	165.5	515.5	504.3	312.2
"X60489_at"	6245.7	8304	19340.3	8797.8	13685.7	11282.7	6249.3	10097.3	14631.1	14381.2
"X60592_at"	6803.5	1301.9	2071.8	2743.2	1635.5	4116.4	5431.6	2009.3	2055.7	1984.5
"X60655_at"	501.1	835.6	289.3	467.3	213.9	277.9	518.3	290.3	293.5	189.7
"X60673_rna1_at"	2206.2	448.1	224.2	249.5	255.5	2428.8	1605.8	556.1	300.7	384
"X60708_at"	675.7	79.4	332.6	160.7	223.7	56.6	102.2	74.7	172.8	53.4
"X60787_s_at"	536.7	870.5	123.6	1465.2	380	1077	1742.7	808.8	128.9	983.5
"X60955_s_at"	55.9	52.3	33.3	47.7	42.2	36	99	20.6	179.3	20.5
"X60957_at"	184.2	275.8	811.4	479.2	640.8	795.7	621.6	964.3	430.1	312.6
"X60992_at"	294	647.7	1004.4	853.3	1265.4	1273.7	886.7	1781.8	861.8	867.6
"X61070_at"	300.4	80	43.7	69.2	43.2	23.1	34.1	28.8	24.4	13.2
"X61072_at"	369.8	770.8	330.2	1230.2	375	391.3	885.1	716.3	572.6	413.9
"X61079_at"	25.5	25.7	47.7	19.2	28.9	20.6	60.9	42.4	41.6	23.7
"X61100_rna1_at"	1260.9	753.6	1048.9	1522.7	923.2	1049.2	1288.2	1803.6	1896.7	1919.8
"X61118_rna1_at"	802.5	1064.4	1336.4	3258.2	1385.7	779.6	1278.5	2619	2382.9	1497.8
"X61123_at"	6118.2	20893.8	3656	4429.9	21042.1	13930.7	2599	3692.2	10080.4	12038.9
"X61177_at"	255.4	121.3	42.9	98.3	102.7	191.8	134.4	174.2	67.3	39.9
"X61373_at"	690.1	760.5	852.2	836	217.6	519	454.7	735.5	604.3	341.8
"X61587_at"	12224.8	10406.5	10353.2	2605.6	7261.5	12930.8	9043.5	13966.1	9410.8	8871.2
"X61615_at"	519.2	322.2	231.2	996	476.4	334.6	525.8	649.6	658.2	236.9
"X61755_rna1_s_at"	731	1949.3	941.1	512.8	261.5	186.7	891.6	245	250.4	170.2
"X61970_at"	12177.9	12119.5	9302	5916.8	7785	13527.1	9667	7310.8	11866.5	8939.7
"X62025_rna1_at"	218.1	149.8	236.4	597.7	68.3	336.5	799	856.3	450	176.7
"X62048_at"	152.2	579.5	131.9	1713.7	109.9	168.7	192.5	134.5	229.7	191
"X62055_at"	18716.8	6801.4	7291.8	2329.1	4339.9	5249.8	22829.6	14010.1	13021.6	10687
"X62078_at"	46225	19759.4	21200.4	4272.7	21259.9	25890.8	37037.6	24421.6	24782.4	23955.9
"X62083_s_at"	17314.4	43120.9	12981.4	27084.1	52541.3	30328.9	7818	13252.7	35765.2	32584.9
"X62153_s_at"	1131.3	460.5	1210.8	1218.9	691.1	519.4	880.3	1219.9	1367.9	591.8
"X62320_at"	72535.9	60829.9	102794.5	7710.1	64118.7	52104.1	86252.1	78809	70214.3	58896.7
"X62429_s_at"	110.3	38.1	203.6	332.3	65.6	50.3	64	44	207.5	20.5
"X62466_at"	25683.3	59311.6	64300.2	1950.2	51183.8	32972.4	39320.1	36722.8	47087.5	36895.2
"X62515_s_at"	339.7	285.4	438.2	806.4	380.9	442	697.9	141.7	102.4	390.8
"X62534_s_at"	841.3	1019.6	1076	2032.4	1163.5	696.3	644.5	1705.4	1924	1369.6
"X62535_at"	2292.1	1302.4	1612.3	7105.8	1925.8	2210	2414.7	2682.2	1587.1	1779.5
"X62573_at"	293.4	286.8	262.7	336.2	429.4	115.4	290	311	145.6	206.1
"X62654_rna1_at"	69037.8	36819.7	41974.1	17870.1	40215.4	39594.8	67159	38706	37855.2	35410.4
"X62691_at"	44099.9	65206.7	82731.1	59759.1	69508.8	46286.4	43596.5	44890.7	53474.8	56630.4
"X62744_at"	25685.3	38182.1	61197.8	6243.6	39912.1	29382.7	31967.8	44403.7	43594.7	41209.7
"X62822_at"	129.7	80.8	74.5	808.1	58.7	58.7	46	71	77.3	44.2
"X62891_s_at"	97.6	89.6	115.7	175.5	124.1	142.9	168.1	99.6	141.9	104.4
"X63097_at"	35.3	54.3	172.4	98.6	33.5	126.5	19.7	78.5	103.6	78.7
"X63131_s_at"	377.9	447.7	182.9	373.2	64.6	172.8	442.3	198.9	111.7	206.9
"X63187_at"	842.3	3875.3	579.4	80145.6	471.6	815.2	178	608.5	455.6	368.1
"X63337_at"	510.4	718.5	478.9	1383.1	545	476.9	458.7	671.7	494.6	395.1
"X63359_at"	553	111.7	205.1	4076.7	139.9	753.7	512.5	479.4	372.6	150.4
"X63380_at"	299.4	790.2	861.8	394.7	205.7	451.3	330.7	285.7	185	138.2
"X63417_at"	1216.3	2900.2	784	1123.8	1451.2	1600.7	861	1306.8	889.7	1399.8
"X63422_at"	4696.8	3646.3	6127.6	4490	2392.6	2400.5	8190.8	3983.4	3843.4	3984.6
"X63454_at"	161.9	155	77.7	135.5	569.4	194.3	261.7	111.8	116	93
"X63468_at"	1569	585.4	1008.9	1326.9	859.7	1337.2	1369.3	1445.8	813.1	876.7
"X63469_at"	3564	2127.2	2957.3	3860.5	1777.1	3345.9	2873.2	2218	2746.5	2910.8
"X63522_s_at"	459.2	56.2	111.1	347.2	43.5	52.7	220.7	795.7	56.2	137.1
"X63527_at"	47634.6	68582.5	72239.5	47013.2	43893.7	33955.7	92972.8	42375.7	47135.1	48146.9
"X63546_at"	469.6	246.8	182.8	340.8	363.4	232.4	411.1	555	261.6	287.6
"X63563_at"	2236.7	1935.3	1322.4	3692.9	1733.5	1953.8	2233.7	3340.1	1758	1851.9
"X63575_s_at"	154.2	43.5	213.2	280.9	332	125.5	50.3	195.1	432.8	101.6
"X63578_rna1_at"	1107.8	1695.8	1649.1	849.3	1298	823.8	1932.3	1510.7	2169.3	2315.8
"X63597_at"	159.7	14.2	19.4	11.1	5.5	0.8	213.1	16.6	5.2	6.5
"X63629_at"	69.5	412.5	102.7	3243.5	171.8	199.4	352.1	312.5	125	62.2
"X63657_at"	582.9	367.6	695.3	650.7	564.1	366.5	323.6	1031.4	660	694.6
"X63679_at"	2626.6	2094.2	2978.2	2497.7	3304.8	4484.8	4519.5	5089	3557.8	5153.8
"X63692_at"	3586.8	1220.8	2019	3939.7	1472.8	1659.6	2408.3	2832.4	3472.2	1399.4
"X63717_at"	879.5	708.9	562.5	1212.7	719.3	749.6	645.2	553.2	672.6	736.1
"X63741_s_at"	54.8	404.7	718.4	23.4	2207.3	152.7	17.5	122.6	1317.2	604.3
"X63753_at"	3312.8	3544.6	2784.6	6606.7	4921.2	4163.3	1826.4	3685.7	3282.5	3488.2
"X63755_at"	274.9	191.1	813.5	479.2	219.4	252.8	396.2	261.4	296.4	202.5
"X63759_at"	86.7	155.8	232.7	33.2	88	27.5	47	178.4	53.3	9.2
"X64037_at"	1420.2	1210.7	1938.3	3459.5	1772.2	1652.1	2079.6	1861.3	1922.2	2617.8
"X64044_at"	753.2	525.8	471.5	638.3	763.1	230.6	1130.6	945.5	685.5	452.5
"X64072_s_at"	16367.8	13529.7	36865.1	682.8	10700.6	19205.2	37981.9	30580.1	24114.2	27445.4
"X64177_f_at"	108979.5	77796.6	6752.9	5220.6	11135.3	51177.4	72465.9	5610.1	6215.5	35706.8
"X64229_at"	736.1	936.5	810.2	528.8	866.5	814.7	776	1156.7	957.6	847.6
"X64269_at"	1003	1449.9	1200.2	2457.1	1351.1	1537.9	2455.6	1647.1	1426.1	1111.6
"X64330_at"	4886.4	2380	5357.5	6598.5	6037.2	5717.8	4208.3	6325.1	6462.7	5820.4
"X64364_at"	8035.9	5581.4	13113.3	7169.9	27810.9	9602.9	15342.9	21343.1	10908.3	14781.3
"X64559_at"	146.4	159.5	229	134.7	102.6	95.7	131.3	176.1	154.1	165.5
"X64594_at"	112.9	70.1	126.4	142.2	44.7	41.7	32.3	66.1	294.9	36.5
"X64624_s_at"	214	169.6	106.2	167.3	144.1	117.1	46.9	322.9	61.2	26.1
"X64643_at"	414.8	110.2	215.6	304.3	212.9	222.7	406.6	281.5	234.6	242.7
"X64707_at"	14088.8	14047.8	18569.3	27030.3	17754	8164.1	7452.5	15742.7	18330.1	14932.6
"X64728_at"	84.8	97.3	39.4	92.9	583.2	89.2	441.3	70.1	68.1	420.4
"X64810_at"	239.3	64.6	29.6	338	45.1	81	157.8	26.9	242.7	129
"X64838_at"	1990	2366.1	801.1	2653.5	2306.8	4606	1848.8	2064.2	961.5	2420.9
"X64877_at"	203.4	148.9	139	206.4	322.4	212.2	632.7	383.4	279.8	7
"X64877_s_at"	13.9	19.7	60.5	20.6	5.1	58.7	153.3	4.9	10.1	1.3
"X64878_at"	189	480.4	116.8	1777.5	112.9	156	395.8	275.3	314.1	76.1
"X64994_at"	217	370.4	407.7	82.8	215.1	218.6	243.7	426.1	230.7	128.7
"X65233_at"	86.8	19.7	125.1	146.7	85.3	8.3	145	143.7	99.5	1.4
"X65293_at"	67.4	144.8	106.2	67.9	74.6	68.7	255.4	353.4	489	249.9
"X65463_at"	3353.9	2654.5	1699.7	5142.8	2193.9	1980.4	5468.2	3799.1	3197.9	2410.8
"X65488_at"	2804.2	3546.2	3542.2	4163	3818.5	3657	2099.2	2835	2627.8	3471
"X65550_at"	153.6	296.7	50.3	43.3	70.6	116.3	56.2	63.1	277.3	191.9
"X65614_at"	1039	3434.1	846.8	28860	3167.2	2123.2	571.1	1332.4	1121.8	968.2
"X65633_at"	258.9	1131.4	219	167.4	191.9	181.8	1333.7	133.1	620.1	68.9
"X65644_at"	1196.7	2598.5	509	1103.6	1492.3	2365.1	610.1	632.7	386.2	453.6
"X65663_at"	27.1	44	41.3	69.1	35.1	11.4	51.1	52.6	12.6	78.2
"X65724_at"	1493.3	617	156.5	601.4	1620.3	381.2	430.6	241.5	164.5	263.8
"X65727_cds2_s_at"	53	1660.6	23.7	53926.2	71.9	298.4	178.4	57.2	73.7	29
"X65784_s_at"	4467.5	3182.2	2494	6615.7	2214.6	2993.9	4540.7	3504.6	3154.3	2491.4
"X65857_at"	97.4	604.8	170.8	655	396.8	214	216.8	138.9	182	241.2
"X65867_at"	2335.1	1369.8	2482.1	3264.3	1815.2	1809.7	3841.9	2707.1	2759.7	2056.1
"X65873_at"	1267.1	1446.1	1158.4	964.6	1243.2	1332.3	2022.3	1809.8	647.4	1336.9
"X65962_s_at"	688.9	298.6	550.3	2836.1	911.6	835.5	950.3	1401.4	1060.7	776.7
"X65965_s_at"	70440	103351.5	4808.8	1872.1	63683.1	67339.7	55803.1	2206.8	3714.9	10014.5
"X65977_at"	49.7	40.1	324.9	419.4	128	77.9	93.9	78.9	135	39.9
"X66079_at"	270.2	174.4	536.4	1622.3	621.9	818.7	1025.5	834.2	803.5	365.8
"X66087_at"	190.1	408.6	185	160.6	83.5	158.7	297.1	23.4	153.3	57.2
"X66113_s_at"	2479.2	1774.7	1260.2	3160.9	1534.7	1712.7	1852.1	1520.2	1694.7	1559.1
"X66114_rna1_at"	3863.3	1364.6	3371	2815.3	1857.6	656.3	7635.6	3478.7	2454.2	2601.1
"X66141_at"	685.1	560.2	208.9	1831.1	742.5	319	1680.2	922.5	1070.6	693.8
"X66142_s_at"	796.9	935.9	833.9	1215	682.5	181.1	626.7	1166.6	517.9	236.8
"X66171_at"	3019.9	882.5	3090.4	341.2	1816.6	1112.9	4720.2	3851.3	1979.8	2761.9
"X66276_s_at"	219.1	121.9	89.8	83.4	373.5	75.7	110	253.9	98.2	178.6
"X66358_at"	129.3	72.9	98.4	174.5	288.4	185.6	155.4	109.6	158	68.2
"X66360_at"	13.5	64	19.6	34	42.8	27.7	49.1	133.9	58.7	16.7
"X66362_at"	440.1	128	188.7	451.4	399.3	246.4	1044.4	399	118.3	267
"X66363_at"	2107.7	2040	1423.9	2761.4	1331.5	2497.8	2099	2340.9	1477.6	1918.7
"X66364_at"	3540.5	1671.4	3129.8	1994	1638.8	2401.7	3393.1	3841.9	2935.6	2298.5
"X66365_at"	162.5	172.2	111.9	192.1	84.7	205.8	774.9	128.8	86.1	78.8
"X66397_at"	1391.8	1306.7	1017.3	2746	1439	1604.2	650.3	2145.8	1180	1762
"X66401_cds1_at"	14375.9	8014	13345.8	3658.8	6294.1	6860.6	3751.5	5549.4	9097.1	6797.4
"X66403_at"	604.3	1049	1169.5	1071.9	974.8	595.4	1657.2	922.9	847.7	629.2
"X66417_at"	435.9	117	423.6	460.6	422.8	259.7	747	296.4	324.8	251.4
"X66436_at"	1270.4	1740	1018.6	1450.4	303.4	1061.8	1102.3	762.9	754.4	765.2
"X66503_at"	282.9	138.6	375.9	2034.3	260.1	473.4	443.9	758	322.8	483.9
"X66533_at"	253.4	121.9	11.2	361.7	42.6	50.1	62.5	180.1	187.7	62.4
"X66534_at"	347.8	32.9	158.3	391.5	123.5	148.3	65.7	198.3	172.1	17.6
"X66610_at"	52.7	252.2	198.5	238.8	44.4	143.5	91	66.7	80	67.2
"X66785_at"	3351.3	3421.4	3271.8	6969.2	2829	3520.4	3309.9	3431.9	2762.3	2459.5
"X66839_at"	406.4	150	454.1	585.4	387.2	419	797.5	360.7	336.7	112.2
"X66867_cds1_at"	1059.3	1026.4	854.7	1145.6	759.3	663.3	2313.5	1553.9	1170.8	915.1
"X66894_s_at"	759.4	239.8	795.6	1101.5	587.2	371.5	253.5	760.5	569.5	417
"X66899_at"	2780.7	5462.1	4907	4839.7	2536	3154.2	1746.1	3295.6	4730.7	3304.1
"X66922_at"	571.3	505.4	386.4	576.1	201.9	508.1	955.2	402.1	437.7	255.9
"X66945_at"	420	993.3	478.9	1900.3	515.5	441.5	159	251.8	1007.3	907.3
"X67081_at"	136.8	34.8	27.9	80.9	293.6	44.1	55.3	209.1	103.9	27.4
"X67098_at"	1559.4	176.7	496.5	3535.9	730.4	403	1341.6	1832.9	895.9	717.1
"X67155_at"	103.5	513	90.7	169.8	145.5	59.1	215	384.9	25.8	112.1
"X67235_s_at"	446.6	478.1	390.7	278.9	693	414.8	729.4	1826	1684.7	509.8
"X67247_rna1_at"	42771.2	48232.4	66662.7	54882.1	54034.3	37463.2	60336.1	45421.8	54206.8	54097.1
"X67318_at"	132	53.7	55.6	45.2	38.4	46	130.2	47.2	402.9	33.3
"X67325_at"	37297	47691.9	24720	4191	19699.7	22466.9	5831.1	2009.7	1465.7	3208
"X67337_at"	40.7	346.6	80	257.8	309.4	92	310.5	246.3	185.9	163.8
"X67491_f_at"	489.3	866.1	866.3	589.1	892.6	759.2	369.7	1220.4	1037.2	1199.3
"X67594_at"	336.1	441.8	132.7	171.9	419.1	502.2	819.9	217.2	396.6	181
"X67683_at"	2895.9	1502.9	1095.3	1536.7	1286.4	1694.5	1302.3	884.6	893.3	1327.4
"X67697_at"	694.2	339.4	418.5	340.9	377.2	206.6	593.3	344.4	294.6	253.5
"X67698_at"	46460.9	36136.6	42092.3	16993.3	23571.4	34075.6	54055.4	37409.9	34419.3	33951.4
"X67734_at"	1706.3	1508	1111.9	1781.8	1300.8	1677.8	1775.7	1456.7	479.5	1303.8
"X67951_at"	71821.9	69994.8	42452.4	92813.6	47255.1	42350	33389.7	41833.2	54027.5	46019.8
"X68090_s_at"	1141.1	1478.8	4620	49.6	2098.6	1115.1	1088.9	4946.4	2906.6	4848.8
"X68149_at"	1576.2	201.3	124	182.7	122.2	136.7	569.3	150.3	129.6	77.6
"X68194_at"	595.8	559.3	410.4	1950.3	915.6	777.6	395	659.4	717.1	528.4
"X68242_at"	133.9	259.2	111	283	181.3	133.4	291.7	166.8	87	79.9
"X68264_rna1_at"	39	156	252	121.1	56	46.5	440.5	107.9	184.4	55.1
"X68277_at"	9410.8	40784.5	28546.5	14093.3	63548	26517.8	5145.8	12623.8	35928	32485.3
"X68285_s_at"	1022.6	246.3	441.7	340.3	1436.9	1706.8	425.3	1313.3	826.7	1446.7
"X68314_at"	535.7	801.6	177.2	17904.3	317	681.2	1387.4	255	436.5	238.8
"X68486_at"	2856.4	2260.3	242.3	919.2	670.9	3316.2	899.7	471.3	244.8	624.4
"X68487_at"	2919.6	4213.1	45.1	2661.9	2791.7	4360.5	3494.1	1690	1597.8	4523.8
"X68505_s_at"	361.5	402.3	102.6	134.4	387.1	676.5	451.3	300.4	361.6	446.7
"X68560_at"	963.1	522.3	362.1	1315	744.4	627.6	636	781.9	413.4	648.6
"X68561_at"	245	406.5	193	799.2	446.1	269.7	116.7	561	292.4	254.2
"X68688_rna1_s_at"	1883.2	986.1	1004.1	965.5	991.3	992.4	665.3	1319.2	635.8	576.6
"X68733_rna1_at"	830.4	1312.1	855.6	1409.2	770.5	673.9	1256.9	1156.1	956	593.7
"X68742_at"	174.2	306.9	14.5	270.3	126.3	294.7	375.9	464.6	57.1	190.6
"X68836_at"	906.2	986	1464.9	696.6	1086.5	603.2	1709.4	2334.5	1004	1252.1
"X68985_s_at"	262.5	125.4	155.3	262.7	443.2	266.6	817.9	341.4	114.1	167.6
"X68994_at"	244.4	335.1	111.2	357.6	296.7	141.3	442.6	409.4	285.1	134.1
"X69089_at"	206.7	113.9	138.9	802.1	185.9	84.1	275.5	120.7	391.8	73.2
"X69090_at"	906.9	133.6	66.7	130.9	83.3	91.5	120.6	86.5	94	63.5
"X69111_at"	5265.8	3093.1	2400.8	1198.2	2547.7	1499.2	1805.4	1588.1	4526.5	3595.1
"X69115_at"	620	423.9	502.1	525.7	685.5	373.6	140.1	698.9	471.6	362.5
"X69116_s_at"	41.6	40.3	147.5	305.4	134.7	172.9	108	281	57.3	109.8
"X69141_at"	736.1	1666.4	4276.6	7132.7	4293	1009.3	1007.4	4461	3747.1	2124.6
"X69150_at"	59411.8	78676.8	85578.2	73564.7	79941.2	52111.5	105449.2	59509.8	51713.1	71459.5
"X69391_at"	20579.2	25185.2	35771.7	20891.3	27056.2	20838.5	32248.2	23505.4	23448.9	28641.6
"X69398_at"	521.9	405.6	48.2	589.8	30.1	174.5	450.2	20.8	81.1	7.5
"X69433_at"	1858.6	924.6	1807.1	5099.1	1668.5	1172.9	1627.9	2247.6	2754.1	2106.7
"X69550_at"	17981.4	14723.8	17791.6	6483.2	10821.7	18596.2	32295.1	21059.6	13486	15437.1
"X69636_at"	630.6	433.1	604.4	674.9	417.2	409.7	958	481.2	456.7	176.7
"X69654_at"	24466.4	24087	19977.2	27456.6	37703.9	16737.7	22416.8	20596	13835	37714.2
"X69699_at"	7784	4862.1	2605.4	4139.8	4342.9	3493.4	5761.4	5322.7	4814.8	3309.7
"X69819_at"	743.1	1414.9	1921.4	1164.1	1616	554.5	158.5	470.4	950.8	581.2
"X69838_at"	1329.2	1065.8	1621.3	2939.3	986.1	1147.9	1182.1	2736.7	1747.5	1311.6
"X69878_at"	1478.8	1521.1	295.1	1750.3	1456.2	1469.8	787.2	1618	962.5	744.3
"X69886_s_at"	4322.5	2177.1	1651.6	1201.7	2529.8	3297.7	3647.2	2602.6	2476.9	3347.6
"X69908_rna1_at"	10807	6411.1	21115.3	13759.5	6553.7	4679.7	9370.6	14092.3	9298.6	24907.4
"X69910_at"	4278.3	3278.6	697.8	3538.3	1224.3	5057	3303.8	2557.1	2844.8	3054
"X69920_s_at"	526.7	446.5	332.1	596.5	328.4	116.7	701.7	313.3	570.8	39.5
"X69950_s_at"	868.1	201.9	741.9	1372.6	613.2	524.7	715.9	189.2	210.1	176.8
"X69962_s_at"	276.3	537.9	382.5	582	598.9	365.3	238.2	439.6	259.8	335.9
"X69978_at"	1402.7	1099.2	931.9	1316.2	1024.8	844.7	916.5	1315.1	963	794.4
"X70040_at"	1556.9	1099.6	968.3	2758.8	1083.9	453.3	1218.2	1005.6	608	949.8
"X70070_at"	279	483.9	213.4	579.2	260.1	232.2	547.4	298	349.8	197.1
"X70083_at"	417.3	300.3	538.8	295.4	173.1	181	456.5	298.8	206.9	157.6
"X70218_at"	6331.9	4535.2	3810.6	4034.5	2136.2	7539.2	5854.3	4734.5	4355.2	3838.7
"X70297_at"	795.1	1033.9	716.8	1536.2	654.8	379.2	563.2	496.8	638.2	484.8
"X70340_at"	578	524.2	40.5	1283.9	76.3	429.1	63.5	151.9	107.3	180.9
"X70394_at"	1065.1	873.1	617.5	1602.5	1124.2	737.1	527.9	986.4	543.1	723.8
"X70476_at"	4533.1	3816.9	4153.7	8302	4295.4	6090	5854.2	3864.1	3886.1	3763.2
"X70649_at"	1691.9	802.6	1178	2614.4	1257.9	1472.2	1051.2	1874.7	1160.9	1448.4
"X70683_at"	1835.7	893.7	2368.2	3781.4	547.3	532.4	2143	811.8	599.5	626.3
"X70811_at"	301	409.7	243.3	364.4	214.2	365.7	57.1	463.6	155.2	318
"X70940_s_at"	334.1	483.9	798.6	1133.1	579.6	995.3	2371.8	834.8	1374.4	663.2
"X70944_s_at"	1058	3764.5	2486.7	1178.1	6627.7	4953.7	1202.4	1750.8	1884.5	3097.5
"X70991_at"	2773.1	1903.6	717.9	1656.9	904.2	1191.6	2219.4	1723.3	1305.4	1744.5
"X71125_at"	214.9	233.5	266	269.7	243.4	271.9	511.3	406.3	147.8	228.2
"X71129_at"	4793.8	2469.2	4924.4	4362.3	1798.8	1640.7	3689.5	2934.7	2708.6	2614.8
"X71135_at"	300.6	350	622.9	623.1	607.7	232.9	214.6	354.3	894.6	665.7
"X71345_f_at"	462.2	85.4	394.1	669.7	528.2	639.2	760.8	638	526.2	431.4
"X71348_at"	105.8	448.5	314.2	82.7	176.1	63.1	134.8	59.4	88.5	29.7
"X71428_at"	8240	14003.3	11672.3	13683.3	15822.7	10928.8	8882.4	11097.1	9463	10380.2
"X71490_at"	11578.2	12214.7	22180.1	11064.5	18056.2	15517.4	20515.5	12323.3	18792.5	12534.7
"X71661_at"	187.2	41.1	262	63.9	205	19.6	228.8	230.8	170.7	216.7
"X71874_cds1_at"	18633.4	7650.3	19128.5	5701	6421.8	5448.6	18864.2	10658.2	13096.9	9087.2
"X71877_at"	645.8	146.6	147.6	291	293.8	318.4	1114.6	305.7	200	310.2
"X71973_at"	62808.7	25475.6	34241	31047.5	21880	28223.4	59132	37798.6	27562.8	30708.5
"X72012_at"	20443.6	3732.8	11331.2	300.6	4963.3	7518.1	17872.7	12290.2	9543.6	8746.5
"X72177_rna1_at"	67.4	724.5	392.9	3867.2	490.7	444.5	487.7	490.5	365.8	219.5
"X72304_at"	74.3	115.3	80.2	55.9	36.6	38.3	119.4	58.4	70.4	30.2
"X72308_at"	123.1	314.1	559.3	891.2	463.2	783.9	749.4	741	773.3	605.1
"X72475_at"	337.2	426.3	364.2	304	528.3	88.4	911.5	658.9	484.4	398
"X72632_s_at"	2131.8	2327	1826	1915.4	1522.4	1351.5	4491.5	2678.6	1589.4	1301
"X72727_at"	5226.8	5667.7	6602.3	14645	15734.6	9600.9	2087.5	5887.5	8485.8	10834.2
"X72755_at"	526.8	1635.1	2111.7	149.2	2025	14284	676.2	226.4	504.8	480.7
"X72790_at"	677.7	937.7	1132.1	1331.8	748.1	501.1	1139.5	1026	950.7	658.4
"X72841_at"	1399.1	842.3	1603.2	2853.8	2208.7	2196.1	1443.9	2497.7	2874.2	1983.4
"X72879_at"	243.5	364.4	18.3	74.8	61.3	42.2	209.1	87.5	84.3	2.6
"X72882_at"	99.3	172.7	65.8	112.9	100.5	59.7	123.9	87.1	127.3	48.7
"X72889_at"	2218.7	2177.1	2522	14934.2	4999.2	1846.3	1473.7	4761.3	4168.9	4399.9
"X72925_at"	108.6	115.7	55.3	57.6	23.1	53.2	44.5	60.8	33.1	36.4
"X72964_at"	3291.5	4408.5	4427.7	61608.1	3528.9	2971.7	4508.3	4045.7	4257.4	3594.4
"X73079_at"	1076.6	1141.3	985.7	2826.8	894.5	834.6	1081.5	1092.7	1097.5	638.3
"X73113_at"	928.3	1297.4	1203.7	1590.2	1277.8	963.9	1905.5	1579	1182	956.3
"X73358_s_at"	3752.5	2146.4	4901.8	7211.9	2212.6	2442.3	5163.1	6845.9	2435.1	4070.1
"X73460_at"	34534.8	39504.7	68417.9	62384	45759.2	26173.7	55755.7	42614.7	53327.5	47525.1
"X73478_at"	6122.3	3046.9	3295.7	6579.5	2533.3	2098.2	6104.2	4227.7	3531.1	2508
"X73501_at"	57	37.1	18.8	58.6	26.8	22.6	48	21.7	40.2	9.1
"X73608_at"	81.2	47.2	44.5	571	126.9	151.6	571	401.6	231.7	38.5
"X73874_at"	525.1	116.5	333.3	987.5	292.2	81.8	160.7	531.3	386.1	175.8
"X73882_at"	270.8	533.9	26.6	1325.9	125.9	803.3	516.8	262.8	162.2	66.2
"X74008_at"	5795	2839.6	11226.9	5170.8	9666.4	4393.6	3620.8	7343.9	11363	7420.5
"X74039_at"	15871.8	8132.4	3587.9	188	6658	6842.4	12314.8	4387.4	5336.8	5248.6
"X74104_at"	17213	10328.2	16353.4	12631.6	10257.1	14149.9	13970.2	10393.1	14482.9	15201.8
"X74142_at"	19.6	58.1	31.2	27.4	19.3	23.4	22.3	48.1	25.5	12.3
"X74262_at"	3896.8	3130.2	6259.5	4517.6	3337.2	4874.4	2898.1	4651.9	6599.7	5118.8
"X74295_at"	729.5	2207.6	1108.4	1330.4	837.2	819.1	1567.7	990.9	862.3	649.4
"X74301_s_at"	660.3	567.7	1119.7	345.2	479.9	884	527.5	1891.4	817	570
"X74328_rna1_at"	368.1	161.1	72.7	145.9	64.5	99.4	139	195.6	140.5	55.2
"X74330_at"	584.8	765.9	908.5	516	272.8	52.4	472.3	615.6	828.2	239.3
"X74331_at"	402.4	252.6	435.2	425.1	239.2	154.7	365.3	480.7	368.7	282.7
"X74496_at"	2521.5	983.7	1702.3	1392.8	1057.9	1506.7	2079.5	3095.6	2281.3	1578.9
"X74570_at"	494.8	796.5	913.1	564.7	991.5	474.1	2009.7	405.6	1178.1	551.7
"X74614_at"	638.5	605.9	718	804.8	857.3	554.7	793.1	429.4	727.7	522.7
"X74764_at"	245.6	1154.7	956.4	1090.4	890.7	499.3	480.7	870.2	630.6	615.7
"X74794_at"	2192.8	1204.5	1522.2	1190.2	983	1080	1601.6	1672.6	1481.3	1145.8
"X74795_at"	4886.6	3470.1	7104	5117.6	3820.3	2967.3	7394.5	5870.7	6757.5	3800.8
"X74801_at"	4001.5	5321.7	3770.7	6018.9	2402.6	5008.5	4334.4	3680.7	4670.4	3746.9
"X74819_at"	328.9	311.3	271.4	86.5	334.7	48.4	564.7	53.6	57.4	75.1
"X74837_at"	390.3	523.8	334.8	49.8	716.1	713.9	625.8	861.7	655.2	836.9
"X74874_rna1_s_at"	5936.6	6658.9	3788.6	8782.4	6419.9	5760.4	7407.9	7400.3	6760.1	8116
"X74929_s_at"	523.5	4473.7	797.6	17028.1	1504.5	994.6	483.5	540	824.9	983.3
"X74987_s_at"	458.5	86.7	412.8	485.5	891.6	686.9	363.3	488.4	509.4	530.6
"X75042_at"	1495.1	2703.8	1223.9	24.3	2696.6	6167	590.5	1637.2	1143.5	1650.7
"X75091_s_at"	1155.3	830.4	1281.5	684	515.4	559.1	1239.7	1745.8	946.9	985.6
"X75208_at"	1061.9	690.9	399.6	3032.8	1464.4	1090.3	936.4	1421.2	891.4	1114.8
"X75252_at"	3830.1	4232.1	8183.5	6742.5	6315.7	5475.8	2626.7	9195.3	8218.9	9280.7
"X75304_at"	2717	6692.7	4224.2	9903.6	4971	5309.9	6724.8	3956.4	3076.5	4635.9
"X75308_at"	37.2	51	46.3	341.9	72.9	63.4	159.4	138.8	129.4	9.6
"X75315_at"	406.8	276.6	919.6	2495.8	996.3	1056.9	2841	1580.8	958.4	1106.5
"X75342_at"	2091.2	1598.1	1101.6	1546	1834.1	1682.2	3192.6	2111.3	889.9	1610.6
"X75346_s_at"	1135.7	1735.2	1263.6	78.6	1028.5	1451.4	2019.9	2182.1	472.9	2149.9
"X75535_at"	1676.3	1386.4	3296.1	1565.7	2430.9	1345.9	1878.3	3975.4	3064.5	2523.7
"X75546_at"	167	127.8	136.7	259.3	212.3	112	224.7	194.4	121.5	68.3
"X75593_at"	52288.4	16350.6	26943.7	11252.8	13702.9	19885.8	28589	13299.6	12801	14407.3
"X75755_rna1_s_at"	662.2	676.1	1849.2	1202.2	3604.7	1640.9	402.5	1623.7	1772.1	2536.1
"X75756_at"	73.5	83.9	205.8	306.7	32.4	18.5	376.6	110.2	257.6	33.6
"X75861_at"	17517.7	16340.2	23182	22513.5	16842.1	16290.3	25785.3	27085	22792.4	20174
"X75917_at"	86.6	43.5	33.1	92.9	61.3	39.9	29.1	57.1	40.2	27.7
"X75918_at"	408.6	1457.6	816.1	1009.1	2426	426.5	28.5	28.1	3872.7	1630.2
"X75958_at"	24.8	10.1	73.4	40.4	29.2	112.1	396.1	166.8	25.2	13.9
"X75962_at"	905.6	1109.9	945.5	1803	942.1	938.3	705	812.4	809.3	779.9
"X76013_at"	5587.3	3304.5	11116.4	9098.3	6028.6	4559.5	7431.1	8617.3	7526.1	7061.5
"X76029_at"	64.2	159.1	108	375.1	48.3	23.7	103	261.3	207.6	78.9
"X76040_at"	1890.9	891.5	1303.9	2098.8	1153.5	1440.2	2046.7	1660.7	1144.7	1491
"X76057_at"	1499.6	139.1	1739.9	1446.7	882	853	1452	1742	1336	694.3
"X76059_at"	129.2	64.9	39.4	111.7	50.1	51.4	589.3	162.2	103.1	15.2
"X76061_at"	391.5	152.9	728.3	856.4	436.5	260.8	244	581.3	405.4	358.1
"X76092_at"	21.9	27.8	31.2	57.5	33.3	29.7	93.4	265.4	52.8	17.8
"X76104_at"	3709.1	1092.3	1554	898.9	1574.3	2874.4	5494.4	2746.4	1567.1	1105.1
"X76105_at"	3723	2369.3	3965.1	4628	2589.4	3297.5	4701.5	3794.9	3866.7	4077.8
"X76132_at"	20.5	39.1	44.4	96.5	41.3	62.9	257.1	60.6	94.5	17.5
"X76180_at"	185.9	778.7	322.7	26533.2	138	267.4	206	214.1	216.3	97
"X76223_s_at"	178.3	553.8	726	397.8	890.4	643	337.4	620.6	501	144.5
"X76228_at"	19915.5	10518.7	14680.1	5331.9	12243.9	17257.4	27654.2	13727.6	21387.7	16501.6
"X76302_at"	2058.3	1010.4	1230.8	1755.3	2652	2597.4	2390.3	1529.7	2140.3	1942.5
"X76342_at"	18	215.1	13.1	30040.4	71.5	114.7	223.4	196.1	144.4	31.6
"X76383_at"	72.3	18.3	31.1	97.1	36.2	23.3	62.1	31.2	70.3	23.1
"X76498_at"	130	163.7	51.6	224.5	172.9	71.7	91.6	75.8	77.9	44.5
"X76534_at"	34072.7	25760.3	38457	2213.6	32605.9	23383.7	31349.4	34824.6	31810.5	33941.7
"X76538_at"	4731	2506	3627.9	3076.8	3772.7	3095.5	5151.4	6103.7	3981.1	4185.8
"X76648_at"	10804.4	15358.9	17189.7	2637.8	12148.2	14649.5	9827.1	15137.2	13309.1	12640.2
"X76717_at"	46440.7	53752.3	4602.8	11215	6250.2	20053.2	40503.4	5230.7	5882.9	35701.7
"X76732_at"	484.1	916.8	627.6	15202.7	1377.1	875.1	347.7	804.3	920.5	1193.2
"X76770_at"	867.6	985.6	1074.8	1404.1	1207.3	1259.8	1899.1	1599.3	848.9	835.9
"X76942_s_at"	469.8	609.7	258.9	345.9	64.4	702.4	835.1	450.1	358.8	358.8
"X77094_at"	6652.4	2703.1	7769.5	704.2	3702.6	2145	4278.1	7187.1	5243.7	3922.9
"X77166_at"	83.8	61.1	64.7	149.9	68.3	55	188.5	52.9	77.6	105.3
"X77197_at"	382.1	119.7	238	233.6	387.6	253.8	140.5	336.4	374.2	241.8
"X77307_at"	54	22.4	153.9	294.8	75	92	223.7	172.7	141.3	8.2
"X77366_at"	4411	1390.1	1887	2102.8	1443	2120.4	3548.2	3170.5	2412.1	1962.1
"X77383_at"	60.9	54.2	550	58.9	73.2	37.4	53.3	563.6	379.9	550.5
"X77533_at"	85.4	80.2	52.8	86.6	47.8	62	87.6	73.6	68.9	35.3
"X77548_at"	3843.4	2737.5	2194.1	2056	3963.2	3441.9	3093.9	3258.8	3420	2964.6
"X77567_s_at"	656.8	1047.9	537	798.6	506.7	478.6	848.6	699.8	515.2	227.8
"X77584_at"	139177.4	102046.4	20672.8	42863.2	55653.9	67345.3	101275.4	24937	26843.8	38742.1
"X77588_s_at"	3316.6	2435	2505.8	3708.5	1903.4	1433.6	4693	3979.3	2843	2788.9
"X77737_at"	175.8	240.8	295.2	163.3	177.5	170.4	391.8	220.4	100.1	386.2
"X77744_at"	623.8	431	252.3	378.1	218.5	347.3	380	336.3	252.2	178.8
"X77748_at"	77.6	57.5	17.1	48.9	8.5	19.2	351.5	23.2	18.8	8.1
"X77753_at"	228.9	257.5	149.3	225.1	168.9	19.7	183.1	144.1	125.9	12.1
"X77777_s_at"	48.3	136.3	32.3	91.7	14.7	26.7	214.2	35.8	36	13.1
"X77794_at"	1711.5	923.8	3270	1425.2	2348.4	1565.4	1139.3	2478	1862.7	3574.9
"X77909_at"	318.1	557.2	754.8	1103.3	206.1	793.3	1820	1032.9	1117.2	731
"X77922_s_at"	49.7	163.2	366.7	482.1	170.6	137.4	195.7	58.7	43.7	90.6
"X78031_at"	586.8	625.6	659.4	655.8	186.5	762.3	1852	507.8	356.5	298.4
"X78121_at"	42.2	67.5	56.9	204	18.3	23.2	318.1	41.9	50.3	40.7
"X78136_at"	16485.4	17818.5	29605.7	28027.4	15333.3	18983.6	33245.5	30162.8	21128.5	25558.1
"X78338_at"	2700.6	1658.6	1369.6	1252.9	1084.6	2451.7	2714	2212.9	1286.6	1266.8
"X78342_at"	619.2	772.2	435.2	2334.5	620.8	392.9	255.6	937.3	810.6	484.1
"X78416_s_at"	37.9	214.9	94.9	443.5	164.8	172	50	54.4	177.3	20.2
"X78520_at"	739	233.2	577.2	1964.8	454.1	161.9	623.4	874.7	759	540.5
"X78549_at"	1764.1	686.1	1477.3	3690	1138.8	1048.9	3033.3	1650.4	1475.1	1228.7
"X78565_at"	161.6	573.8	222.5	1917.1	315.1	250.2	659.5	285.4	383	186.6
"X78578_at"	38.4	19.3	7.2	18.4	53.6	5.1	14.6	25.5	15	4
"X78627_at"	1396.6	574.2	2019	2708	1751.1	886.6	1473	2054.4	2267.7	1905.3
"X78669_at"	301.3	35.8	244	1176.3	302.9	136.2	65.4	432.6	338.5	177.7
"X78678_at"	114.7	95.8	97.7	160.4	96.5	70.6	161.7	232.3	192.1	100.1
"X78686_at"	1989.9	960.8	102.8	235.8	1541.5	1186.7	1355.5	261.4	352.8	971.8
"X78687_at"	9109.1	7181.6	6701.4	3332.4	8412.3	12255.4	9271.8	8191.5	11734.9	13538.7
"X78706_at"	5270.7	4268.7	4744.1	6314.5	3999.7	3193.6	6182.7	5929.2	5520.8	4167.7
"X78710_at"	2316.3	1241.6	659.1	1481.7	2075.6	2496.7	795.2	1348.3	640.3	978.5
"X78711_at"	711.6	541.6	435.4	750.2	1045.9	1138.7	600.3	384.1	369	274.6
"X78712_at"	83.8	166	54.6	48.2	17.2	27.2	31.3	35.3	45.7	12.6
"X78817_at"	2699.9	2868.5	3926.9	3011.9	2817	2508.8	3796.8	4852.3	3395.9	1233
"X78924_at"	136.4	195.1	586.6	1278.6	429.2	701.8	1237.7	1500.7	531.7	414.7
"X78925_at"	4467.3	8286.5	1877	721	12493	8852.3	2043.7	2173.2	1832	6730.5
"X78926_at"	241.4	383.7	394.5	528.1	179.3	183.2	65.6	555.3	193.6	127.4
"X78932_at"	53.1	258.7	32.8	3632.7	34	14.4	62.5	30.5	41.2	81.3
"X78933_at"	217.1	16.9	90.9	58	55.2	31.3	39.5	43.9	262.3	13.7
"X78992_at"	12125.3	5710.2	8174.7	4108.7	3728.5	2998.9	9964.9	14043.9	5819.7	5750.2
"X79066_at"	32.4	80.6	55.6	61.1	36	50.5	157.8	47.6	40.5	22.3
"X79067_at"	793	700	75.4	761.6	370.6	497.6	693.6	714.9	777.8	235.2
"X79200_at"	2112.7	2554	3052.6	4483.4	3831.6	2627.3	5094.2	4410.9	4198	3638.1
"X79200_s_at"	203.2	5.8	15.6	20	9.7	8.1	32.2	27.6	11.6	4.8
"X79201_at"	487.4	433.8	269.2	98.1	5.4	396.5	304.9	528	241.9	116.1
"X79204_at"	2543.7	1783.6	1054.7	1761.3	1215.5	1230.9	681.3	1969.5	1399.4	1374
"X79234_at"	28134.8	38585.1	51922.3	31800.8	40313.3	25077.6	26965.8	27130.4	37729.6	30548
"X79353_at"	8089.3	5443.8	5953.1	9563.3	5231.8	8149.8	6116.8	6670.5	5597.8	7179.9
"X79439_at"	1293.2	740.1	260.9	1504.9	503.2	738.9	1854.7	401.8	482.2	214.2
"X79440_at"	339.7	1576.6	838.4	1445.6	1085.6	1494	1926	1876.5	879.3	940.5
"X79483_at"	163.6	295.6	534.9	190.2	184	355.5	1507	509.1	343.5	200.9
"X79510_at"	366.1	458.5	264	426.3	112.2	165.6	511.3	464.2	211.3	83.6
"X79536_at"	645.3	2302.8	652.3	1851.8	1035.6	944	609.2	1366.9	2155.6	1573.5
"X79568_at"	88.2	120	106.4	120	61.1	72	178.8	251.1	154.6	71.1
"X79683_s_at"	654.5	746.2	200	1421.5	96.4	200.3	780.6	663.8	231.8	230.6
"X79780_at"	135.8	161.7	216.3	610.1	93.3	93.6	675.1	446.7	124.5	147.3
"X79781_at"	509.4	456.3	459.9	602	171.6	458.8	709.1	545.6	582.6	389.8
"X79865_at"	2092	1752.7	2740.8	3962.8	1539	1357.5	4027.1	3036.2	2816.6	2617.4
"X79882_at"	11834.4	4565.6	7884.6	6167.5	3000.5	5073.5	12809.7	5357.7	7125.5	4143.7
"X79888_at"	490.7	31	355.6	1221.2	432.7	342.2	227.8	928.3	741.8	261.7
"X79981_at"	618.4	407.6	281.4	895.3	221.4	374.2	1206.4	300.9	395.5	228.4
"X79984_at"	60.6	275	143.5	620.9	200.8	204.5	245.6	583.9	416.4	141.1
"X80026_at"	847.8	998.3	789.1	2214	1144.3	870.1	1644.1	1445.1	1256.5	884.5
"X80062_at"	51.3	64.9	317.9	276.5	302.5	23.8	492.5	224.9	122.1	9.1
"X80198_at"	5282.1	2607.7	3698	4101.2	3489.4	2998.6	7289.1	5339.6	5521.1	3970.2
"X80199_at"	9816.8	5788.4	6636.3	12023.9	5872.2	6133.7	7529.7	9594.5	9831.6	8135.7
"X80200_at"	2579.7	3055.8	2072.7	17111.8	2403.3	3528.7	4043.8	2108.6	2381.2	2151.1
"X80230_at"	2827.4	2230	2270.2	2582.7	1182.4	2172.2	3792.3	2987	2422.1	2525.7
"X80343_at"	282.8	128.4	143.7	281.9	180	187.1	322.4	195.5	220.6	140.9
"X80497_at"	1211.7	785.5	1465.1	2045.6	1172.8	618.1	1296.9	1310.1	1285.6	724.8
"X80507_at"	346.8	111	45.1	704.6	240.7	189.6	126.2	339.2	175.1	20.1
"X80590_at"	434.2	123.9	734.9	837.9	692.8	852.6	1240.4	713.4	721.6	512.1
"X80692_at"	4566.3	10250	1965.2	2929.4	24465.1	13348.1	1897.3	3405.8	4591.3	13656.3
"X80695_at"	4418.5	2678.5	7242	3422.4	5261.6	3478.3	3376.2	7728.1	7262.5	7178.2
"X80754_at"	2569.2	1484.4	2867.1	3230.4	2311.3	1786.9	3623.7	1862.4	1928.4	1833.7
"X80763_s_at"	672	749	573.3	859.7	495	434	861.8	791.9	577.5	270.1
"X80818_at"	972.7	958.4	1685.4	3052.2	1794.7	1197.7	2267.6	1970.2	1996	1414.2
"X80822_at"	24330.3	38849.1	50235.8	34136.5	32004	22622.2	49347.5	24901	39895.1	38040.5
"X80878_at"	1846.1	1018.8	1469.2	2758.3	2106.8	1203.4	370.7	2288.8	1903.2	1543.6
"X80907_at"	4671.3	3808.9	3388.3	2477.4	2314.6	2513.8	4641.4	2656.6	2245.3	2403.3
"X80909_at"	22460.9	29516.2	25326.2	27079.9	38027.8	20467.2	20279.4	18455.1	18740.9	28161.1
"X80910_at"	1159.6	1026.8	1478	2369.1	1651.1	1595.5	1023.3	1452.1	1403.7	1446.9
"X80915_rna1_at"	331.8	367	92.4	497.5	85.1	306.1	231.6	86.6	102.9	85.5
"X80923_at"	311.5	82.2	220.4	314.4	143.1	190.5	477.7	223.1	250.6	27.5
"X81003_at"	10576.1	6690.8	9568.7	9806.1	10101.6	9992.6	9496.4	9794.9	11879.7	10430.1
"X81198_at"	3296.5	2607.5	3361	4537.8	3835.6	5493	3602.7	4258.3	3749.9	4138.7
"X81333_at"	318.6	409.4	217.6	302.2	134.9	143.6	249.5	290.1	296.8	162.4
"X81372_at"	111.2	144.4	439.3	921.7	191	82.9	95.5	592.7	239.7	243.3
"X81420_at"	631.9	340.2	303.8	665.3	394.2	307.5	706.5	839.3	476.2	388.3
"X81438_at"	108.9	68.6	112.2	136	195.5	50.5	160.7	199	142.6	55.9
"X81479_at"	1666.8	2721.8	4657.4	87.8	7335.6	1805	257.2	9881.6	966	1489.9
"X81625_at"	2261.4	3102.2	3155.8	3198.5	6822	4088.4	2211.4	3989.5	4733.7	6377
"X81636_at"	204.3	266.6	143	715.8	496.5	333.2	409.9	320.4	749.2	228.2
"X81637_at"	72.6	355.4	459.2	604	107.5	291	117	104.5	174.6	216
"X81788_at"	1481.1	1065.8	1522.6	2604.5	703.7	1029.3	1471.7	1705.9	1735.4	944.6
"X81817_at"	60967.7	35750	29668.6	33568.4	36516.5	42230.4	50360.7	48426.8	51849.2	46424.3
"X81832_s_at"	236.7	191	222.3	172.5	61.8	58.5	136.5	108.4	89.5	61.3
"X81836_s_at"	38.1	27.2	44.6	183.5	17.3	50.8	43.3	58.8	23.1	13.8
"X81851_s_at"	164.3	23.2	25.2	25.7	40.6	36.8	93.3	39.6	48.6	60.4
"X81882_at"	296.2	103.5	193.4	429.2	110.6	194.2	354.8	420.6	344.5	105
"X81889_at"	403.4	267.6	269.3	771.2	35.9	56.1	268.4	505.5	136.1	30.4
"X81892_at"	438.2	211.3	225.2	238.2	145.2	167.3	219.1	160.9	197.1	81.2
"X81895_at"	355.3	216.6	50.6	62.8	211.4	41.3	879.8	32.9	169.1	12
"X82018_at"	199.9	23.7	27	114.8	15.3	19	182	76.2	115.2	13.6
"X82068_at"	445.7	119.8	275	98.9	219.5	427.1	357	352.3	189	315.8
"X82103_at"	2303.7	2870.4	2149.1	3150	2581.3	4527.2	1439.5	2896.3	2875.2	2843.7
"X82125_at"	405	70.6	283.7	467.6	317.7	98.1	84.1	203	240.6	36.8
"X82153_at"	562.9	545.4	447.1	476.9	531.2	566.2	102.8	845.4	576.4	415.9
"X82200_at"	2333.1	3432.6	5452.7	2106.6	7960.4	2482.6	1352.7	5022.7	4527.3	5452.7
"X82206_s_at"	3407.4	1957.5	2658.1	2466.2	2035.3	3184.5	3629	2629.1	2249.8	2713
"X82207_at"	655.8	595.1	792.4	2520.7	1135.7	783.4	1500.5	1585.8	1213.3	1125.4
"X82209_at"	95.5	56.5	54.2	43.9	50.2	143.7	22.2	37.9	116.9	26.3
"X82224_at"	491.3	167	623.3	697.1	140.6	320.9	192.7	552	167.4	218.4
"X82240_rna1_at"	104.4	697.4	156.9	451	92.7	98.6	761.1	80.5	314.1	62.7
"X82279_s_at"	1012.1	365.4	56.9	131.3	44.3	82.7	139	53.9	51.8	33.6
"X82324_at"	78.6	201.1	69	113.5	423.4	39.9	247.4	39.9	299.7	116.3
"X82434_at"	3332.4	3125.6	3880.7	5268.1	3667.1	3369.3	6838.4	4009.1	4927.2	4904
"X82456_at"	29557.7	29738.8	22519.5	25734	26218	26864.2	42855.6	27796.9	31659.3	30590.6
"X82494_at"	548.4	626.4	311.9	994.7	373.1	454.2	646.1	440	216	473
"X82539_at"	52.7	192.3	132	68.5	12.2	26.3	469.9	65.9	37.6	10.7
"X82554_rna1_at"	373.4	306.9	922.8	1002.6	707.4	199.8	500.7	1028.8	999.5	630.3
"X82629_at"	11.8	18.3	20.7	88.1	9.1	7.1	27.8	249.2	12.7	2.8
"X82634_at"	623.2	444.7	476.8	870.1	422.3	579.2	447.7	798.3	628.7	341.2
"X82676_at"	74.5	75.7	294.6	167.8	220.9	36.1	110.5	93.2	53.6	32.3
"X82693_at"	920.6	167.2	127.8	6003.6	153.6	279.1	208.4	180.8	191.6	188.7
"X82835_at"	107.9	26.2	168.2	22.1	27.8	16.2	41.1	33.5	44.8	18.8
"X82850_s_at"	315.2	685.3	197.9	1228.7	237.5	655.3	2311.2	433.4	1094	168.5
"X82877_at"	638.6	484.8	544.4	450.1	315	313.5	967.9	566.2	619.2	560.4
"X82895_at"	1772.3	1695.6	1591.7	2076.3	1312.7	1364.6	2126.5	2038.4	1547	1458.1
"X83107_at"	32.3	60.9	167.9	298.1	43.6	36.9	97.5	78.5	83.8	76.6
"X83127_at"	407.7	789.2	180.3	325.9	1275.9	738.7	877.3	232.7	940.5	629.9
"X83218_at"	10475.7	5873.2	13788.4	11359.7	9513.3	6688.7	5304.5	8637.6	9581	10658.4
"X83228_at"	26.4	42.9	31.8	289.1	22.2	26	69.2	371.2	226.3	41.3
"X83301_s_at"	60.4	27.6	34.1	74.5	27.8	41.9	41.5	29.4	167.9	13.9
"X83368_at"	320.5	46.8	120.9	40	14.2	146.4	464.7	327.8	229.3	123.3
"X83378_at"	1778.1	1132.4	824.4	1808.3	688.4	1353.8	1268.4	1451.8	1258.6	1122.3
"X83412_at"	181	113.7	137.1	121	83.4	98.7	360.2	123.4	92.1	95.7
"X83416_s_at"	1572.9	5648.8	3049.1	1467	7661.4	6653.9	1845.5	3824.9	3875.2	5683.4
"X83425_at"	622.2	756.5	646.2	5980.5	162.9	568.9	1218.4	627.8	427.6	426
"X83441_at"	423.3	600.3	40.4	109	311.9	396	487.2	595.3	372.7	233.1
"X83490_s_at"	28.1	82	434.6	653	37.8	177.9	99.1	309.9	258.3	396.2
"X83492_at"	1216.6	914.2	97.3	115.8	373.6	466.6	202.3	505.9	63	501.9
"X83492_s_at"	686.3	75	284.3	812.6	356.6	531.4	566.9	1004.9	615.7	579.9
"X83535_s_at"	335.9	181.6	180	157.5	126.2	138.7	1603	144.7	167.5	135.1
"X83543_at"	69.8	237.5	113.2	1404.3	65.6	268.3	549.1	166.6	281.9	59.8
"X83572_at"	1287.4	530	587.1	1297.9	788.5	543	1099.4	937.9	616.7	589.1
"X83573_at"	1016.5	297.3	754.4	1183.6	581.7	900.8	1352.6	335.3	838.5	808.7
"X83618_at"	144.7	103.8	101.8	1113.2	90.7	79.7	185.9	134.2	127.5	64
"X83703_at"	188.3	31.6	14.3	15.8	17	8.4	17.3	14.7	56.7	3
"X83705_s_at"	132.4	113.3	135.4	32.1	21.6	27	336.4	123.7	26.3	23.5
"X83857_s_at"	292	20.7	279.2	19	119.1	12.1	59.4	73.1	19.9	16.7
"X83863_at"	130.5	66.2	11.5	67.6	12.4	29.8	102.5	61.4	9.3	7.2
"X83928_at"	894.7	733.5	578.7	1049.1	679	782.8	744.7	793.2	556.3	559.8
"X83929_s_at"	168.3	29.9	9.1	6.2	10.3	10.8	157.3	102.5	75	5.3
"X83973_at"	1227.8	952	1093	937.9	623.8	957.9	1260.8	1279.2	885.4	1035.4
"X84002_at"	1306.8	875.7	1261.6	744.9	813.7	521.6	1979.4	1425.9	1287.8	1014.9
"X84003_at"	23.2	58.7	74.6	131.2	105.2	55.1	174.3	105.9	68.4	85.6
"X84194_at"	967.5	1107.8	404.8	2779.8	621.4	699.8	641	992.3	527.5	594.5
"X84195_at"	180.7	259.3	160	179.8	170.4	21.3	192.8	149.6	151.2	96.1
"X84213_s_at"	2471.3	1058.5	1461	316.1	776.2	688.4	2009.3	2099.2	1662.4	1070.6
"X84373_at"	2697.1	5504.6	1336.9	887.1	9670.2	4188.2	2394.9	4700.6	3305.4	5279.6
"X84707_rna1_at"	117.4	239.5	105.4	2807.5	64.5	75.1	135.9	63.1	103.7	51.7
"X84709_at"	3053.6	1289.4	1336.3	2845.6	2154.3	1355.3	3102.7	2291.7	2095.8	1623.2
"X84740_at"	921.3	647.1	748.1	1809.2	523.4	604	858.9	988.8	730.3	706.6
"X84746_at"	631	553.7	690.8	164	387.9	205.8	870	125.9	267.9	98.7
"X84908_at"	576.7	342	479.2	832.6	627.8	332.6	63.3	545.2	705.8	624.8
"X85106_at"	799.4	169.9	244.8	352.7	179.9	168.3	333.3	358.3	251.3	229.3
"X85116_rna1_s_at"	22041.7	14649.1	14720.1	10392.3	18918.1	19071.3	23668.4	15723.4	12757.3	19067.6
"X85133_at"	711.3	3058.4	854.5	855.1	2323.2	992.2	378.2	794.7	702.5	1114.2
"X85134_rna1_at"	562.6	273	547.6	180.3	66.9	199.8	298.1	556	396.1	414.3
"X85137_s_at"	658.7	89.2	569.2	702.1	413.7	373.1	611.1	515.9	739.4	308.1
"X85178_at"	108.5	87.1	38.7	79.7	38	45.1	83.5	57.7	60.1	28.6
"X85237_at"	1684.4	808.9	1378.9	1361.7	1416.3	1351.5	1040.7	2425.9	1369	1695.1
"X85372_at"	3047.9	2058.7	2263.9	3882.7	2800.7	2141.2	3134	2907.1	2718.1	2646.3
"X85373_at"	7047.8	5935	4363.8	4625.2	4027.4	5323.8	4557.3	3597.3	3317.4	3835.4
"X85545_at"	400.8	496.2	385.1	448.4	254.6	253.7	253.6	765.3	193.2	261.3
"X85740_at"	65.7	114.2	405.8	103.5	68.9	103.5	197.2	97.8	75.4	64.4
"X85750_at"	3077	1138.2	4806.9	234.1	5243.9	2939.5	1395.5	5659.7	3253	5954.3
"X85753_at"	491.6	275.5	719.5	411.3	77.9	361.9	918.7	885.4	98.9	317.3
"X85781_s_at"	175.1	100.2	233.7	1060.6	86.2	389.3	233.5	452.1	142.4	86
"X85785_rna1_at"	1453.7	1664.6	1165.6	1901.8	1248.5	944.8	1104	1395.9	1492.8	891.4
"X85786_at"	2212.4	1296.4	1524.5	1487.8	1249.6	1087.1	1584.6	2257.7	1456.6	1188.5
"X86012_at"	1102.2	2093.5	1286.1	1033.5	1249.2	1056.3	1433.4	968	638.7	637.7
"X86018_at"	2817.5	2406.9	1625.2	3442.3	1771.1	2507.9	1948.5	2751	2240.6	2227.9
"X86019_at"	394.2	242.8	137.8	127.9	137.2	141.7	368.2	192.8	170	77.7
"X86098_at"	568.3	571.4	471.2	507.3	588.5	707.5	927.6	727	565.4	634.2
"X86163_at"	63.5	82.2	101.7	2117.5	36.2	43	76.7	51.2	42.3	10
"X86371_s_at"	878	1021.8	969.9	784.6	440.8	695.3	1212.8	691.6	468.5	480.3
"X86400_at"	41.4	39.7	6.6	9.9	5.5	22.1	66.3	12.2	12.6	2.8
"X86401_s_at"	71.8	66.7	274.3	557.8	82.6	349.4	70.1	646.1	644.9	563.9
"X86428_s_at"	130.3	97.4	168.2	109.8	77.4	91.6	130.1	203.4	96.2	55.8
"X86564_at"	10.6	26.9	6.2	12.1	7.4	10.6	22.5	16.2	24.4	4.4
"X86570_at"	182.2	180	127.8	184.5	79.2	74	287.4	108.4	62.2	36.7
"X86681_at"	250.8	1175.5	212.9	1491.2	236.6	170.3	1174.3	634.5	180.3	171.6
"X86691_at"	5625.7	8041.1	3846.9	12075.9	7242.2	6975.1	8419.4	4908.3	5637	3842.9
"X86693_at"	335	30.6	45.1	4136.4	78.7	137	36.5	231.2	84	13.4
"X86779_at"	3335.8	1795.3	2286.6	3908.7	1780.1	2426.9	4729.7	4270	2732.4	2255.6
"X86809_at"	38006.1	40807.4	19097.9	6618.3	21694.8	30414.4	63048.2	11833.8	19829.4	16713.4
"X86816_at"	41.4	48.3	12	45.8	33.8	31.4	102.5	52.3	29.7	35.4
"X87159_at"	251.9	645.1	160.8	8524.2	392.9	109.4	275	346.5	272.9	98.2
"X87160_at"	394.8	174.9	97.9	967.8	376.1	446.7	966.6	577.3	394.3	151.6
"X87176_at"	2402.9	1167.8	4112.1	2050.7	2685.5	1285.4	2080.8	4385.1	2986.6	4051.2
"X87211_at"	250.5	663.4	164.3	962.3	158.6	161.2	904.6	1083.6	783.1	313.3
"X87212_at"	25962.3	45951.5	65270.9	25009.7	63340.6	34984.4	31043.4	39472.2	33689.1	43591.8
"X87237_at"	1294.3	816.1	1309.9	1424	789.4	1078.1	2922.6	916.7	1790.4	731.5
"X87241_at"	330.3	12.5	155.1	1858.4	132.8	97.2	31.7	227.7	137.7	84.3
"X87342_at"	419	263.5	496.7	5764.8	829.5	239.2	187.4	241.1	341.9	190.9
"X87344_cds10_at"	2010	431.4	7640.2	152.6	4005.9	684.3	537.6	2439.4	2047.4	84.1
"X87344_cds10_r_at"	2972.6	6697.2	22300.6	3061.7	8649	3266.4	6450.2	6779.3	5683.8	6758.8
"X87613_at"	633.2	115.7	449.1	918.5	281.7	259.7	364.4	801.7	157.4	193.5
"X87767_at"	561	103.1	39.6	28.7	33.2	59.6	106.3	40.3	32.3	22.9
"X87838_at"	5706.9	11887.2	6598.1	9866.1	5449.8	5402.3	2848.9	6186.7	5548.1	4267.8
"X87843_at"	442.7	142.5	749.7	1463.9	92.2	130.2	760.4	538.9	392.8	428.9
"X87852_at"	233.3	60.4	83.5	94	108.6	98.2	72.8	189.9	39.4	81.3
"X87870_at"	39.4	31.3	77.9	83.1	37.4	28.4	45.7	28	57.1	17.9
"X87871_s_at"	97.5	359.7	369.8	464.8	144.8	81.5	125.3	385.2	311.9	195
"X87904_at"	591.6	182.8	159.9	5367.6	112	442.1	795.7	128.8	245.1	155.9
"X89059_at"	422.8	423.8	756	667	517.6	627.2	814.9	553.3	705.7	622.6
"X89066_at"	68.7	411.2	106.8	1802.5	37	85.5	226.9	216.2	44.1	44.3
"X89067_at"	86.4	23.8	121.5	81.9	121.2	65.1	344.1	531.4	363.7	195.7
"X89101_s_at"	416.3	945.2	876.5	832.3	573.5	321.5	324	313.8	152.1	330.6
"X89109_s_at"	197.1	112.2	171.7	194.7	97.6	683.6	280.6	209.1	200.3	145.8
"X89211_at"	334.1	473.5	353.6	780.6	318.5	240.5	508.8	440.5	346.4	286.6
"X89267_at"	2198.1	2456.2	1552.1	5143.8	2656.9	2085.3	4921.8	2472	2594.3	2375.4
"X89398_cds2_at"	362.2	504.3	1037	1622	744.5	439	750.7	1261	1043.4	739.5
"X89399_s_at"	4505.6	2757.5	4868.7	335.9	3311.8	1954.9	4478.6	4461.3	4086.9	3995.8
"X89416_at"	2614.3	720.7	1842.5	6113.7	1467.5	1491.3	1189.2	1679.8	1114.1	1194.3
"X89426_at"	21.6	27	136.3	106.3	40.1	54.7	100.2	19.6	131	6.6
"X89430_at"	183.4	89	119.2	415.7	126.8	58.9	92.9	149.8	67.9	89.9
"X89576_at"	276.8	139.8	207.4	231.5	118.1	162.1	408.5	163.2	167.1	133.5
"X89750_at"	6335.7	6197.9	4026.4	6938.7	6416.7	3426.2	5242.3	4671.6	6385.8	5920.7
"X89894_at"	551.7	322.3	137.6	373.8	252.9	200.4	252.8	289	601.5	161.1
"X89960_at"	258.2	311.6	58.3	631.4	199	232	461.1	172.4	287.8	131.1
"X89984_at"	100.3	312.7	54.5	93.3	121.1	155.6	736.9	90	184.9	20.7
"X89985_at"	8593.8	5015.6	2900.5	3341.6	2803.6	5108	6212.5	4406.8	4024.1	4622.2
"X89986_s_at"	79.2	535.6	29.1	3059.6	39.9	162.9	108.3	236.8	79	68.6
"X90392_at"	1386.4	1745.3	4362.4	1528.1	3501.5	2834.7	2280.1	5394.3	4229.7	3155.3
"X90530_at"	391.9	282.5	699.4	853	511.9	450	534.1	848.7	610.2	427.4
"X90568_at"	89.3	411.9	66.3	175.3	94.7	43.7	154.1	47.4	86.5	10.2
"X90761_at"	647.2	585.8	535.1	1801.1	585.3	362.1	807.4	698.2	631.9	392.9
"X90763_at"	574.3	482.5	220.2	838.1	353.6	403.2	880.5	243.3	569.2	335
"X90780_rna1_at"	73.9	114.7	19.4	934.3	63.8	91.8	293	52.3	83.7	38.8
"X90824_s_at"	2771.4	2151.8	4494.9	1412.4	2557.9	3220.3	5808.6	4203.3	2862.2	4806.5
"X90828_at"	164.1	100.2	84.6	104.1	47.5	129.6	128.3	86.2	126.1	55.4
"X90840_at"	616.4	671.6	516.8	890.2	318.2	482.1	699.8	471.1	415.6	94.9
"X90846_at"	1255.5	851.8	2284.3	2104.8	2137.1	897.2	738.1	2244.8	665.9	2272.1
"X90846_s_at"	153.9	212.2	227.4	169.8	137.7	147.4	299.9	248.2	165.3	155.9
"X90857_at"	1119.8	281.4	196.6	1160.4	105.3	174.2	289.3	455.1	170.1	497.7
"X90858_at"	58988.8	34039.1	15607.1	1047.4	22103.6	48977.6	26302.8	15101.7	14005	13400.9
"X90872_at"	1501.9	928.8	1848.8	2981.1	1368.1	1654.9	3547.9	1522	1994	2598.4
"X90908_at"	144.1	159.3	90.6	6221.5	64.8	202.1	51	202.7	176.5	127.7
"X90976_s_at"	789.4	1652.7	259.4	204.7	182.6	1092	358.6	338.8	329.3	942
"X90978_at"	462.9	518	576.2	716.3	168.4	350.8	472.6	157.7	301.3	276.2
"X90999_at"	4184.9	2119.6	2678.4	4297	2134.1	2438	2986.4	3933.1	3370.2	2710.7
"X91103_at"	187	45.6	121.7	308	190	54.8	203.3	89.3	132.8	50
"X91117_rna1_at"	189.4	120.1	100.8	113.1	38.4	155.5	610.8	255.9	227.6	54.2
"X91141_at"	346.9	42.6	43.5	23.8	122.8	245.9	531.6	158.4	110.7	216.3
"X91148_at"	40.8	25	26	78.1	14.6	13.1	31.6	52.9	39.6	16.6
"X91196_s_at"	65	29.6	173.4	135.5	99.7	111.3	247.8	167.9	105.3	16
"X91220_at"	237.3	48.6	81.3	86.6	116.8	38.8	71	63.5	56.1	74
"X91247_at"	22569.1	47511.8	5640.3	17510.2	17458.6	36730.8	26822.1	15407.4	13053.8	21168.9
"X91249_at"	5417.6	8189.6	10794.5	725.9	9146	2750.9	4229.1	7585.9	8058.1	5525.9
"X91257_at"	8332	6084.8	8249.9	9053.7	4994	7666.2	12759.4	7466.7	9978.1	8359.6
"X91348_at"	96.1	95.1	98.7	130.7	86.7	71.2	169	117.3	117.3	48
"X91504_at"	6835.3	5303.3	7373.5	9320.8	6144.2	7026.1	10336.7	6990.8	7584.8	5502.8
"X91648_at"	821.6	265.1	524.9	2404.2	683.8	476.6	946.4	1157.3	676.6	628.5
"X91653_s_at"	245.8	74.4	177.4	255.5	274.1	239.8	414.2	179.5	179.6	103.1
"X91788_at"	1769.5	972.6	4522	2936	2243.1	888.7	1060.7	3054.6	3001.8	2451.9
"X91809_at"	5398.3	3813.6	15249.2	2407.9	6716.5	4115.4	5717.2	13392.5	12089	7787.2
"X91868_at"	52.3	319.9	364.3	25577.4	113.8	199.2	149	292.9	131.1	90.4
"X91911_s_at"	3452.6	4387.3	3442.4	545.1	6156.3	3218.6	3793.2	5306.9	4553.7	5608.2
"X91992_at"	833.3	600.6	446.6	125	868.6	440.3	347.7	626.4	625.4	478.9
"X92098_at"	1162.5	795.5	1478.9	1749.1	1021.2	170.3	2458.2	1728.3	1699.6	1436.8
"X92106_at"	1104.4	839.1	616.4	1006.9	441.3	640.5	870.3	1351.6	833.5	876.9
"X92110_at"	525.8	658.1	664.2	1512.1	478.1	363	749.8	697.3	523	354.6
"X92368_at"	307.3	99	607.3	21.2	237.1	136.7	170.7	223.2	359.3	304.9
"X92396_at"	2657.8	1107	3164.4	1666	4265.4	4704.4	1917.1	3984	3486.2	5350.1
"X92475_at"	1069.3	817.8	1047	3087.5	918.4	596	2115.1	1251.6	1327.3	971.7
"X92493_s_at"	82	25	280.9	1343.7	294.9	38.9	164.1	247.3	273.8	133.1
"X92518_s_at"	199	101	870.3	1347.1	1025.6	760.2	1041.6	1051.6	926.8	622.5
"X92521_at"	8182.4	11488.8	1730.9	597	14208.3	11404.6	7486.2	4682.2	4072.3	17169.2
"X92689_at"	26.4	45.2	37.1	981.9	24.1	31.2	49.4	48.6	166.5	53.2
"X92715_at"	873.8	248.9	559.5	874.6	365.2	497.5	877.2	718	521.8	292.4
"X92720_at"	6796.3	2382	4726.5	1246.3	2061.8	3461.5	8256.2	6625.8	4336.7	5251.8
"X92744_at"	982.9	5290.3	1642.3	1688.1	11301.8	864	444.4	3511.6	408.3	1138.6
"X92762_at"	2184.1	1465.4	1933.6	2340.9	1649.4	1178.8	2552.6	2575.6	2532.6	2023.7
"X92814_at"	3894.8	7729.5	7718	2420	5679.8	4741.5	2490.1	6436.7	4635.3	4536.2
"X92896_at"	11288.7	4647	6427.8	7567	5133.7	5155	12169.7	5643.9	6932.7	6261.2
"X92972_at"	2160.9	1651.2	1857.2	1720.8	2551.6	3557.5	2779.9	3682.1	2398.1	2788.4
"X93017_at"	44.6	66.9	53	70	26.8	39.1	112.8	45.7	24.6	14.5
"X93036_at"	155.5	913.1	212	26328.2	1359.8	232.1	352.9	271.5	276.3	145.8
"X93498_at"	438.1	393.9	460.4	1026.3	509.5	321.1	601.4	536.6	731.9	462
"X93499_at"	3870.7	5578.6	3991.6	1065.8	3278.3	5093.7	6625.3	4464.6	1933.3	4626.9
"X93510_at"	122	172.8	166.1	5230	129.8	687.2	283.1	99.9	182.6	546.3
"X93511_s_at"	653.9	351.1	591.9	766.4	517.7	586.5	707.3	693.9	523.1	541.4
"X93512_at"	335.5	76.6	192.7	295.3	25.1	29.2	102.9	81.8	97.3	108.5
"X93920_at"	2846.9	4931.8	1475.1	1911.3	8006.1	6753.6	1309.9	3290.7	2928.7	4570.9
"X93921_at"	929.7	988.7	519	611.7	399.6	623.9	1605.2	997.7	766.1	379
"X93996_rna1_at"	2241.9	988.1	2440.4	3620.2	1512.6	1688.2	2733.2	2893.3	1508	2101.5
"X94232_at"	3814.2	4990.9	3907.3	1861.7	3928.4	4474.9	3992	3586.1	4351.4	4742.1
"X94333_at"	1139.6	1394.4	519.6	998.9	1179.3	1198.3	292.7	2320.3	986	641.8
"X94453_at"	95	19.9	700.7	1835.8	72	69.8	111.3	287	91.7	49.9
"X94563_xpt2_r_at"	2867.1	4340.5	924.5	1972.7	2467.5	1357.5	4929.8	384.4	867	1833
"X94612_at"	197.3	186.3	23.1	279.7	85.6	51.7	221.6	60.3	190.9	36.2
"X94628_rna1_s_at"	1586.2	1535.9	348.5	100.3	555.1	1018.2	1059.2	81	129.6	949.8
"X94629_at"	29.7	21.4	9.7	32.1	29.3	25.8	26.2	38.8	25.4	13.8
"X94703_at"	323.9	95.8	447.1	1179.2	250	159.4	790.5	718.7	513.9	438.7
"X94754_at"	6010.5	2729.1	4268.9	4025.6	2489.5	3352.7	5673.2	4577	3316.3	3001.6
"X94910_at"	4236.5	1602.5	6823.2	4166.5	2857.9	1791.8	3461.5	4826.4	5058.1	4084.1
"X95073_at"	434.7	147.9	555.2	57.4	268.8	278.7	432.4	679.1	161.9	255.6
"X95095_at"	69.3	151	27.3	39.4	48.2	31.9	69	64.2	29.5	15.5
"X95097_rna1_s_at"	233.7	178.8	401.5	514.2	799.4	506.3	280.3	1017.9	564	372.1
"X95152_rna1_at"	288.8	132.3	28	56.5	261.1	115.1	32.1	55.8	37.1	64.3
"X95190_at"	69.4	197.7	50.9	162.7	42.4	67.4	112.4	76.9	95.4	58.5
"X95191_at"	448.6	75.1	647.2	158.8	716.2	350.3	142	587.2	273.9	166.8
"X95237_at"	13.2	64.7	76.6	174.9	18.1	11.2	29.3	8.8	14.9	6.4
"X95239_at"	27.3	111.5	11.6	414.7	5.8	15.2	37.1	30.1	9.3	4.4
"X95240_s_at"	26.8	10.6	8.2	42.1	8.2	14.1	34.3	14.8	41.2	3.3
"X95289_at"	173.4	526.2	36.7	41.1	41.8	37	53.2	116.9	94.1	34.6
"X95325_s_at"	2771	4955.9	3146.6	5726.8	2875.8	2781.1	7898.4	4682.1	4308.8	4447.2
"X95384_at"	82	78.4	251.3	542	332.5	145.5	459.4	368.4	233.5	180
"X95404_at"	51530.5	51403.4	44394	18373.3	32491.5	41014.5	79617.1	36446.4	28814	35365.7
"X95406_at"	452.8	574.4	940.1	735.8	115.6	248.4	1815.6	366.5	235.7	218.6
"X95425_s_at"	105.7	82.4	49.3	48.5	37.7	47.2	22.3	66.4	21.7	24.7
"X95463_s_at"	114.8	110.9	69.8	180.4	36.8	70.2	107.9	125.7	80.4	72.4
"X95525_at"	245.1	179.4	43.9	422.5	94.5	159.8	183.9	109.2	129	130.4
"X95586_at"	6159.9	5344.1	3862.7	7297.4	3770.1	5200.7	6405	6892.7	5798.6	4431.7
"X95592_at"	1003.5	542.6	605.1	1052.4	1829.9	1230.6	525	1441.6	959.2	1159.7
"X95632_s_at"	611.1	468	766.8	1741.7	350.5	146.3	67.7	342.7	540.1	503.2
"X95648_at"	1108.7	818.5	1348.3	1276.7	1059.9	851	1002.7	1857.6	1596.9	1355.9
"X95654_at"	14.9	51.3	23.8	118.9	8.8	9.8	26	23.6	16.5	4.8
"X95677_at"	79.7	383.6	43.7	337.1	42.3	84.4	77.2	87.5	50	34.5
"X95715_at"	480.6	95.6	52.5	2156.5	126.4	71.4	84.3	190.1	77.1	37.5
"X95735_at"	18107.4	11532.7	15978.2	1067.1	9472.6	19236.1	20943.3	21433.8	16865.5	14282.6
"X95808_s_at"	1287.2	857.9	988	3499.8	740.6	424.9	1656.3	1587.4	1185.4	718.8
"X95826_at"	63	98.4	51.4	171.7	16.6	53.3	116.2	40	93.8	29.9
"X95876_at"	830.7	652.7	602.6	1944.7	576.2	1882.1	2518.4	1329.2	672.3	1247.8
"X96381_rna1_at"	522.3	80.5	162.8	264.8	323.1	70.6	628.7	549.3	785.6	276.8
"X96401_at"	248.1	790.3	671	321.4	892.3	559.1	2197	924	1302.3	547.1
"X96484_at"	159.6	3165.2	5051	9125.1	3451.2	1996.2	4332.1	5469.7	4136.8	3217.3
"X96506_s_at"	6700.2	5241.8	3786.4	3032.3	2849.6	3290.8	6882	4625.5	3424.5	5433.6
"X96584_at"	44.4	35.9	73.7	58.7	38.3	29.8	81.2	155.7	16.6	83.9
"X96586_at"	3402.1	8177.5	3266.3	2612	6965.7	1337	4662	6973.9	7016.4	7401.4
"X96698_at"	4474.1	2347.5	1675.8	1799.7	2353.5	3867.7	4408.4	2184.9	2591.3	2164.6
"X96719_at"	3509.5	1547.3	2365.9	212.4	2611	908.5	1829.2	2582.6	2362.6	2366.8
"X96752_at"	1002.4	877.4	1994.1	3295.9	2308.6	920.9	925.5	1936	1850.4	1865.6
"X96753_at"	381.6	661.8	74.4	255.2	59.5	212.3	279.5	147	118.9	67.4
"X96754_at"	77	92.7	372.7	1076.5	294.3	145.3	100.6	438.6	319.7	57.9
"X96783_rna1_at"	787.9	343.4	1044.8	441.3	444.2	910.8	1664	1181.7	494.5	941.8
"X96849_at"	606.4	209.8	187.6	1201	216.6	466.4	1303.5	300.4	422.6	368.3
"X96924_rna1_at"	5544.8	5346.3	8935.8	6093.5	5202.3	7695.6	6852.5	10231.2	2546.4	7051.3
"X96969_at"	668.6	1034	555.6	1250.9	664.1	682.6	302.5	961.3	807.4	578.7
"X97058_at"	249.5	600.6	145.9	178.5	256.3	171.5	1005.4	495.4	335	109.2
"X97064_at"	418.4	369.9	220.5	294.2	604	461.5	106.4	483.4	212.9	488.1
"X97065_at"	2408.9	1279.7	1974	3488.7	1745.1	3087	4419.6	2630.3	3625	2570
"X97074_at"	14447	11401.6	19298.4	6094.4	9580	12665.3	23738.7	15326.3	18492.5	13408.4
"X97160_rna1_at"	3036.7	3008.8	1730.8	2271	1912.8	2747.6	3625.8	2952.4	1823.4	2233.2
"X97198_at"	556.5	495.1	526.5	3040.1	740	486.7	1485.3	841.5	505.6	361.8
"X97230_f_at"	251.5	1173.6	523.7	566	528.3	569.9	195.3	828.4	620.5	548.6
"X97249_at"	750.8	241	267.5	1354.8	625.3	413.5	733.9	693.6	423.1	121.3
"X97261_at"	74.2	14.5	24.9	134.6	34	104.3	162.4	29.3	42.2	12.9
"X97261_r_at"	375.4	131.4	7.4	24.6	44.7	9.5	21.4	8.7	7.3	7.2
"X97267_rna1_s_at"	1063.7	407.5	930.5	1628.7	354.8	1064.5	528.5	1614.6	381.5	369.6
"X97301_at"	90.9	113.9	65.3	274.8	236.4	193.8	180.3	74.4	61.7	169.4
"X97302_at"	1109.3	392.4	649.8	967.1	719.5	742.7	1244.3	1191.2	1023.6	578.2
"X97303_at"	854.3	560.6	1216.3	125.7	677.4	253.5	933.4	166.9	1287.7	991
"X97324_at"	35041.1	51872.3	13080.1	976.1	30662.1	41468	78654.4	17334.9	14223.1	22668
"X97335_at"	760.4	599.1	783.8	2037.6	442.9	469.6	698.8	1076.4	922.2	577.6
"X97444_f_at"	1335.6	514.1	1866.2	1793	1503.4	1367.9	1589.7	2651.2	2294.3	1864.8
"X97544_at"	2008.7	1001.1	905.8	1480.7	1592.7	1809.7	2060	1715.7	1898	1815.1
"X97630_at"	1523.5	1282.6	1069.3	2060.2	642.1	1023.6	1304.2	2011.1	417.1	1043.3
"X97671_at"	152.3	16.9	142.9	232.4	78.1	55.9	138.8	32	27.8	46.5
"X97674_at"	245.5	188.3	112.4	280.2	255.4	93.1	1144	163.2	112.5	445.1
"X97675_rna1_at"	11327.4	35.8	45.4	432.9	177.3	69.1	35.2	24	98	5.4
"X97748_s_at"	1223	4131.5	604.6	902.4	6333	13727.7	2333	633.5	1237.6	2325.3
"X97795_at"	3061.6	168.7	149.6	145.7	139.3	148.9	548.9	133.9	162.8	116.2
"X98001_at"	2507.4	3143.6	3589.3	1448.4	4541.1	1010.8	2196.6	5221.3	3505.2	6511.8
"X98085_at"	596.8	493.9	449.2	314.9	591.6	464.6	571	1167	551.9	618.3
"X98172_at"	607.8	628.8	2489.5	1685.5	1790.3	1127.5	611.1	3324.8	1903.2	924
"X98176_at"	671.8	815.3	543.2	1383	340.4	482.6	292.4	132.3	378.8	155.8
"X98178_s_at"	57.8	48.8	118.1	42.4	43.4	16	125.5	417.6	61	17.1
"X98206_at"	236.2	48.3	36.3	340.2	22.7	39.4	92.9	55.7	45	12.7
"X98225_at"	105.5	153.6	93.2	173.6	150.3	122.5	102.4	107.3	303.1	86.9
"X98248_rna1_at"	483.3	853.6	859.2	889.1	268.8	379.4	483.3	1155.4	561.8	465.3
"X98253_at"	1566	711	1493.2	2961.3	2262.7	2038.1	1736.9	2997.1	1806.7	1983.5
"X98258_at"	47.8	22.5	249.5	632.8	222.9	30.2	313.6	354.9	250.6	88.5
"X98260_at"	1788.7	3067.7	855	1326.5	2930.8	3732	2227.6	1389.1	1110.1	1903.1
"X98261_at"	1730.7	2094.9	1516.5	2757.1	2372.8	2542.7	3084.2	2432.5	2063.8	2100.1
"X98263_at"	4444.6	2772.5	2360	1971.8	3837.4	3088.6	1153.6	3421.4	2713.8	4326.7
"X98266_cds2_at"	59.8	132.8	163.6	161	92.4	61.3	41.3	131.5	215.8	64.6
"X98296_at"	2141.1	999.8	3089.9	4818.3	3374.6	3604.8	1219.4	2778.5	2412	2205.3
"X98307_at"	65.6	322.8	67.2	89.2	96.3	76	170.8	53.7	50.6	34.5
"X98311_at"	98.1	257.6	265	550.5	365.8	92	645.1	473.8	623.3	124.3
"X98330_at"	126.8	215.8	22.5	18.1	18.8	55.4	44.7	24.7	10.6	6.8
"X98337_s_at"	235.9	25.5	19.5	183.8	16	203.9	450.7	18.9	15.3	77.8
"X98411_at"	2748.5	798.1	2072.1	968.2	1300.5	1042.1	4147.2	4559.6	3027.3	2061.9
"X98482_at"	42	30.4	44.3	58.3	57.2	15.9	307.3	27.6	19.7	59.2
"X98482_r_at"	42790.2	48253.2	56507.7	48826.1	67129.9	47246.5	78836.1	57240.2	56977.4	43053.5
"X98507_at"	867.5	569.9	899	797.5	733.7	934.2	1142.2	1357.3	1049.5	706.9
"X98534_s_at"	6847.3	7477.7	17461.7	2134.2	11301.4	8416.5	5199.3	11436.9	16237.2	12516.6
"X98743_at"	2598.5	2037.5	3179.9	3651.2	4597.6	4274.8	2539.2	3378.1	4548.5	3615.9
"X98801_at"	4771.3	4846.8	4768.2	7118.7	3791.5	3413.8	7171.5	5555.1	4109.4	4346.8
"X98833_rna1_at"	665.6	713.9	399.2	1063.6	532.8	519	385.5	686.4	284.9	139
"X98834_rna1_at"	310.9	472.9	260.8	473.9	180.6	220.8	645.4	74.3	179.2	142.9
"X99050_rna1_at"	2243.2	830	1272.8	1185.6	913.3	758.3	2307.8	1594.3	1451	1083.3
"X99076_rna1_at"	118.5	142.7	753.3	160.9	98.9	101.4	219.5	319.9	344.9	112.8
"X99101_at"	1266.4	720.9	837.7	1462.1	1263.7	953.7	1858.9	745.2	923.6	777.9
"X99133_at"	1585	2505.4	1033.2	18323.4	417.6	804.9	731.1	450.2	251.8	261.6
"X99140_at"	889.3	889.5	707.2	741.2	265.1	676.9	954.9	1041.6	665.4	454.4
"X99141_at"	11520	274.2	1047.3	1266.4	490.4	971.8	399.8	1096.8	912.9	755.2
"X99142_at"	991.1	647.8	652	1630.7	1789.5	1445.9	3367.7	1860.1	2017.8	1218.8
"X99209_at"	11200.9	6641.5	8139.7	10101.6	3483.5	874.9	10943.4	6435.3	6141.2	5462.7
"X99226_at"	702.6	836.3	157.6	175.8	98	101.9	234.4	676.9	312.9	221.4
"X99268_at"	105.9	46	54.9	124.5	33.4	40.6	60.9	65	48.9	23
"X99296_xpt1_at"	205.1	252.8	82	223.6	274	79.5	196.1	182.2	301.6	152.1
"X99325_at"	3829.2	2179.8	3485.3	3556.9	1382	3043.6	3098.9	4409	2951.2	2623
"X99350_rna1_at"	119.1	59.3	48.3	9855.2	59.6	55.9	140.7	58.4	129.2	33.5
"X99374_s_at"	30.8	59.2	51.2	59.3	23	39.3	61.6	196.8	35.4	39.8
"X99393_s_at"	77.6	60.6	82.6	180.2	23.3	216.4	377.8	180.6	192.6	61.7
"X99459_at"	3686.9	1724.4	4906.8	3699.3	2552.8	1866.1	2963.4	3766.5	4454.1	3138.6
"X99479_f_at"	686	372.7	291.3	431.9	356.8	384.6	541.4	330	507.4	241.1
"X99584_at"	1599.9	1265.9	2719.9	510.3	1677.2	1175.7	914.5	1898.6	1324	1804.4
"X99585_at"	2667	1555.9	3770.5	2614.2	3157.7	3953.2	1417.6	3884.7	4655.1	5596.4
"X99586_s_at"	606.2	781.7	585.5	689.4	555.9	279.6	430.2	815.5	615	435.7
"X99656_at"	316.4	243.4	1030.6	1163.6	152.7	264.6	406.5	1016	421.8	710.7
"X99657_at"	132.3	151	77.3	92.8	37.9	71.6	80	45.7	115.1	30.8
"X99664_at"	254.4	450.7	177.6	1375.5	140.9	257.6	233.9	110	500.1	52.7
"X99687_at"	170.3	739.3	335.7	856	495.9	525.7	295.3	480.2	531.7	366.4
"X99688_at"	3705.5	3808.3	2565.8	6154.5	4233	3461.9	6269.7	3785	4409.5	3241.8
"X99699_at"	987.8	699.3	642.9	167.2	400.7	331.1	434.5	641.9	457.1	238.1
"X99720_rna1_at"	3499	4294.8	2625.5	4254.2	2034.6	3268.9	2799.1	2682.4	2526.2	2503.1
"X99728_at"	4414.5	3504.3	4181.1	5029.9	3309.5	3911.8	10529.1	5833.4	5843.7	3906.7
"X99802_at"	227.5	344.6	647	454.8	168.4	191.9	259.6	683.6	228.1	356.8
"X99886_s_at"	103.3	279.7	228.3	281.8	89.1	765.8	302.4	198.8	236.9	38.5
"X99894_at"	95.9	116.7	188.4	238.3	106.8	118.3	250.4	143.3	162.7	99.7
"X99897_s_at"	96.3	98.3	59.7	104.3	67.8	91.6	324.1	89.7	89.4	44.8
"X99920_at"	2628.1	5043.5	10340	4673.3	7610.5	3385.8	12879.6	4017.2	7894.2	5250.6
"X99947_at"	946.8	776.6	1016.1	9718.7	51.7	510.6	813	535.4	384.1	418.9
"X99961_at"	348	338.1	78.9	304.2	251.5	73.7	363.4	421.2	79.3	98.5
"X99975_at"	366.4	154.2	81.6	200.6	410.6	167.3	572.5	352.2	350.7	68.1
"Y00062_at"	2980.5	1902.7	3667.5	730.9	8205.1	3667.3	2203.2	4656.1	4216.3	5280.2
"Y00064_at"	149.1	442.9	388.6	530.8	167.2	152.8	217.9	305.9	241.4	114.8
"Y00067_rna1_at"	833.4	197.1	207.6	267.1	33.1	23.8	92.1	384.2	126.2	6.5
"Y00081_s_at"	2307.9	21020.8	209.4	83.9	62290.3	69949.8	455.1	74.8	508.9	3085.2
"Y00083_s_at"	288	254	46.3	242.8	137.9	79.9	268.8	135.7	23.1	6.1
"Y00097_s_at"	878.9	727	810	1151.5	420.6	922.4	1206	896	887.4	523.8
"Y00264_at"	1110.6	1415.8	2608.5	7560.9	463.5	1067.8	1132.3	1321.7	2029.2	2782.7
"Y00281_at"	10088.9	7238.1	11832.8	8081.3	4334.2	7819.7	13687.3	7326.6	9476.8	7915.4
"Y00282_at"	27102.7	13004.4	23550.9	30183.5	20427.1	22468.7	23396.4	28280.9	27254.6	26347.8
"Y00285_s_at"	6565.8	4648.6	5548.4	3706	5440.2	6032.1	9390.8	13115.3	7145.1	7147
"Y00291_at"	84	89	20.2	811.3	50.8	145.1	54.2	90.4	63.2	32.9
"Y00317_at"	156	21.2	289.5	15.1	18.3	9	23.3	11.4	55.4	3.6
"Y00318_at"	145.8	253.8	317.2	727.5	217.5	129.3	234.9	206.3	400.1	73.9
"Y00339_s_at"	2124.9	5740.1	1458.7	35.9	11583	13681.8	5732.3	5343.8	6008.7	12885.1
"Y00414_s_at"	931.2	1358.7	822.5	617.2	839.4	772.4	2668.9	1022.8	677.4	681.8
"Y00433_at"	120776.9	35072.1	80783.8	8319.6	43190.1	25865.8	52137.2	62560.5	54851.5	39637.8
"Y00451_s_at"	18703.5	16519.5	11966.5	2795.5	11114.7	10585.6	19016.8	11873.2	19392.6	13533.2
"Y00477_at"	1497.8	569.7	1058.3	1381.3	796.9	601.1	982.6	897.4	589.1	947.1
"Y00486_rna1_at"	7443	4076.9	7145	5413.9	3326.1	3601.4	5875.5	7342.8	5604.9	4550.8
"Y00503_at"	529	2165.4	28	29691.2	65.7	465.5	79.6	53.7	60	20.4
"Y00636_at"	2825.3	3079.8	948.9	602.5	5006	4921.3	1763.8	4022.3	2821.1	4512.5
"Y00705_at"	113.5	692	23.9	44.2	27.6	29.5	1218	28.6	33.8	32.2
"Y00757_at"	586.9	81.3	25.2	64.8	21.6	32.4	64.9	63.8	60.8	10.5
"Y00764_at"	5940.5	12094.7	15002	9134.9	13427.6	13806.4	7862.6	14324.8	14237.5	15602.8
"Y00787_s_at"	106118.5	150690.4	12092.2	3156.1	136278.8	90934.6	96200.2	2330.8	50162	67066.9
"Y00796_at"	19134.4	9632.7	13984.8	3833.2	9667.1	9147.9	4791.8	10467.2	9633.8	8272.1
"Y00815_at"	892.4	424.7	139.1	19761.7	34.1	433.3	253	13	109.4	31.7
"Y00970_at"	203.3	128.4	101.4	209.8	389.9	84.9	382.6	185.1	212.1	100.8
"Y00971_at"	501.8	569.2	791.5	1127	1390.4	582.9	475.8	1126.4	1281.8	1156.1
"Y00978_at"	267.6	219.3	222.3	532.5	349.1	263.2	352.1	411.2	400.4	270
"Y07512_at"	86.3	22.3	55	84.5	55	42.2	123.2	45.5	157.3	19.2
"Y07565_s_at"	46.4	38	126.8	61.9	80.2	55.9	95.5	210.5	93	51.3
"Y07566_at"	1418.6	1794	1191.2	605.5	3460.6	4551.8	833.1	957.2	1185.3	1998.9
"Y07595_at"	253.1	171.5	272	478.6	398.6	195.7	159.4	279.7	245	312.2
"Y07596_at"	190.7	267.3	278.5	155.1	249.9	167.4	342.6	375.4	404.6	311.1
"Y07604_at"	466.3	1160.5	1945.6	991.7	775.6	646.2	424.1	1744.1	1316	1395.5
"Y07683_at"	818.3	285.6	760.3	917.5	595.6	322.1	879.5	855.5	254.1	567.4
"Y07701_at"	832.5	456	441.9	1046.8	114.5	375.4	587.5	976.1	657.2	348.1
"Y07707_at"	54.6	425.9	719.6	701.4	333.6	201.2	52.9	491.4	291.6	406.8
"Y07755_at"	2652.8	7072.9	1773.6	12236.7	2013.9	2895.1	4424.4	1439.9	1784.4	1581.3
"Y07759_at"	1415.9	879.8	1854.6	346	3074	3229.5	646.7	2605.6	2530	2513.9
"Y07827_s_at"	48.3	61.2	32.3	72.2	34.7	23.3	35.3	46.2	93	29.8
"Y07828_at"	492.4	297.8	39.5	109.6	28.5	37.4	66.8	55.9	67.7	30.5
"Y07829_xpt3_at"	291.6	632.2	665.6	684.1	360.4	503	688.4	555.2	437.9	461.6
"Y07829_xpt4_at"	1610	1349.6	923.4	1043.7	722	423.6	1641.8	656.5	1025.8	971
"Y07846_at"	178.5	143.2	146.8	174.5	137.3	54.5	369.3	368.5	186.8	188.3
"Y07847_at"	142.7	411	476.8	1107.5	682.9	270.5	847.8	986.3	537.2	260.2
"Y07867_at"	441.2	839.3	512.3	6642	292	1519.7	398.3	816	1305.8	1087.7
"Y07909_at"	3207.4	5947.7	370.9	481.1	1979.3	3247.2	1266.6	541.8	2031.9	4921.8
"Y08134_at"	1017.5	961.1	1018	1523.5	846.3	646.5	980.8	1154.2	1397	753.5
"Y08136_at"	244.2	36.6	221.8	657	347.5	176.4	146.4	283.4	259.7	64.1
"Y08200_at"	6114	3377.6	6314.5	3692.6	4341.9	4730.2	7232.3	5705.1	4354.3	5108.8
"Y08223_at"	206.3	429.4	379.6	155.4	113.3	154.5	291.4	121.4	111.3	100.3
"Y08263_at"	729.3	110.2	423.8	1235.8	544.7	588.1	1442.9	1077.9	383.9	514.3
"Y08265_s_at"	2283	2581.1	1585.6	2162.7	1221.2	2004.9	4772.2	2150.8	1616	1398.8
"Y08302_at"	1422.3	1106	839.8	1810.5	793.5	923.8	1362	1204.2	957.8	687.5
"Y08319_at"	550.5	227.6	212.2	557.7	177.7	331.4	64.4	401.6	214.5	231.2
"Y08374_rna1_at"	3652.8	897.4	1650.1	913.7	655.1	2340.7	701.8	2358.2	1590.6	932.4
"Y08409_at"	112.2	69.2	161.7	188.2	164.1	84.7	197.9	102.5	71.7	115.3
"Y08417_s_at"	51	403.4	28.3	277.2	52.9	111.4	129.2	312	71.1	39
"Y08564_at"	132.1	89	37.7	50.8	23.5	55.4	243.2	59.1	43.7	21.6
"Y08612_at"	935.3	1213.7	1006.4	1791.4	1267.4	1608.5	1008.5	940.5	1189.1	1097.3
"Y08613_at"	242.3	515.8	240.2	1986.8	411.3	395	839.5	670.6	443.5	454.4
"Y08614_at"	1878.6	1157.5	1882.3	4502.7	2004.1	1840.8	1738.8	3090	3017.2	2051.7
"Y08639_at"	353.7	77.5	144.5	720.7	214.4	157.7	415.5	366	258.1	177.5
"Y08682_rna1_s_at"	1864.5	1223.5	1012.8	1544.4	813.8	1438	635.7	1250.9	659.6	752.9
"Y08765_s_at"	1037	794.2	737.5	1318.7	314.6	868.4	1330.5	1378.3	1045	1019.5
"Y08766_s_at"	3411	1747	3235.9	2441	2276.2	2266.7	5303.2	4204.8	2359.8	2645
"Y08836_at"	450.3	307.4	422	1172.1	607.7	622	1737.7	1229.9	625.9	262.5
"Y08837_at"	126.3	265.1	94.2	47.1	158.6	26	462.5	244.2	45.6	21.6
"Y08915_at"	2840.9	2802	5989.5	5029.8	4681.4	2376.8	2287.9	5104.7	4630.6	5399
"Y08976_at"	2107.1	2012.7	2123.8	2735.4	3660.3	2233.4	4907	2346.6	2953.9	2199.2
"Y08991_at"	758.3	275.3	583.9	2042.9	813.2	519.4	1067.4	1556	1460	943.7
"Y08999_at"	2844.9	2484.3	4063.9	5746.3	3120.8	3083.2	3511.7	3021	3003.2	2308.1
"Y09022_at"	4688.5	2206.5	3308.6	4019.1	1730.8	1855	5464	5935.5	4536.9	4275.3
"Y09216_at"	1075.4	545.3	895	1897.2	639.2	675.6	1706.4	1558.4	1191.7	1012.4
"Y09267_at"	334.6	163.3	333.2	4236.3	310.6	117.9	83.8	313.6	427.4	213.7
"Y09305_at"	2024	1395.5	2129.7	1126.1	1055.3	1339.4	1600.9	1877.9	1638.1	1954.2
"Y09306_at"	170.1	317.8	139.6	214.1	122.9	158.7	83.8	256.4	153.2	217.4
"Y09321_at"	206.4	694.7	288.4	218.5	85	52.1	266.1	60.4	246	116
"Y09392_s_at"	131.1	285.2	96.2	1469.7	155.8	837.4	512.5	199.8	251.2	37.9
"Y09443_at"	1854.6	3225.8	2344	916.5	2020.6	4314.8	3289.4	3371.1	2914.8	3243.7
"Y09445_at"	117.7	114.1	97.4	66.9	56.6	78.8	134.2	73	59.2	46.2
"Y09561_at"	990.9	996.6	989.5	340	558.8	4915.2	3994.6	1538.9	770	1619.8
"Y09615_at"	136.5	201.4	200.4	184.7	280.3	241	129.5	341.4	200.6	241.8
"Y09616_at"	6418.1	3258.6	5674.8	13726.1	5916.3	5859.2	4123.2	7720.4	6472.6	5763.9
"Y09836_at"	109.9	168.4	64.8	8243.3	141.6	111.2	109.2	99	88.9	37.8
"Y09858_at"	194.3	434.2	306.3	61.3	36.4	60.6	316.5	281.9	85.4	14.5
"Y09912_rna1_at"	74	92.4	39	99.9	68.2	42.9	74.6	39.1	48.4	36.7
"Y09943_s_at"	401.4	354.7	160.4	254.6	442.1	239.5	498.8	288.4	2892.1	2686.1
"Y09980_rna4_at"	121.2	176.4	57.2	477.9	267.7	159.5	58.3	85.2	96.3	45.3
"Y10032_at"	3411.5	4862.5	2203.8	1104	3395.2	2594.1	8148.6	3407.2	8471.4	5606.8
"Y10055_at"	262.1	415.9	151.9	298.2	245.2	196.1	377.7	263.9	368	63
"Y10141_s_at"	1431.6	460.4	1019.3	464.4	310.5	696.7	2134.7	537.7	421.2	276.6
"Y10202_at"	228	25.5	29.6	17.7	15.6	21.1	68.7	108.7	27.8	23.6
"Y10204_at"	27.6	171.4	28	13.7	11.3	14.7	15.1	73.7	150.9	21.9
"Y10205_at"	61.7	201.1	75	38.1	158.6	23.9	47.6	46.4	42.2	70.4
"Y10207_at"	76.4	86.3	115.3	640.3	317.2	49.1	83.4	138.1	138.9	69.6
"Y10209_at"	61.2	71.1	184.7	90.8	112.8	54.3	719.3	77.5	106.6	39.9
"Y10210_at"	67.8	245.2	57.7	32.9	29.6	15.4	69.1	24	99.1	5.9
"Y10256_at"	159.5	170	166.5	239.8	106	86	405.7	216.8	196.9	83.7
"Y10260_at"	131.7	90.3	91.5	650.9	115.4	69.9	194.9	83	100.1	67.8
"Y10262_s_at"	323.6	72.6	98.1	212.9	572.4	88.2	100.9	392.8	270.6	66
"Y10275_at"	27.8	398	270.5	243.4	131.4	273.5	242.1	517.4	295.4	54.1
"Y10313_at"	305.6	1026.8	512.8	711.1	633.5	446.5	544.6	547	759.6	534.3
"Y10375_s_at"	3737.6	1989.8	2869.8	2532.5	2771.9	2773.9	7877.5	5521	1637.5	2927
"Y10376_at"	2424.5	2571.8	3182.3	1985.6	2141.5	2358.7	3521.2	5214.8	2943.4	2940.8
"Y10505_at"	511.5	178	244.9	725.4	226.4	174.6	701.5	335	384.2	153.1
"Y10506_at"	160	99.6	144.9	99.5	302.8	40.2	70.7	42.8	275.9	21
"Y10508_s_at"	19.8	58.3	19.4	13.5	19.3	22.8	22.1	13.6	25.8	7.8
"Y10510_at"	42.4	31.2	117.7	37.8	10.7	14.1	265.8	9.6	29	4.6
"Y10511_at"	260.4	294.3	197.4	310.8	245.3	164.6	139.3	351.9	237.5	17.6
"Y10512_at"	125.3	101.9	40.8	413.7	193.6	139.6	301.1	59.1	117.8	41
"Y10514_s_at"	115.7	98.9	324.3	679.1	311.2	244.5	569.9	304.9	103.7	63.6
"Y10515_at"	27.8	251.7	82.5	202.6	121.1	51	45.8	117	51.9	38.1
"Y10517_at"	419	87.4	168.6	161.1	223.7	129.8	35.5	149	35	107.4
"Y10518_at"	333.4	404.1	283.6	303.9	140.6	130.4	209.6	359.7	251.9	143.4
"Y10571_at"	48.4	419.8	286.9	247.8	261.5	600.5	24.3	148.7	150.7	306.4
"Y10615_at"	184.9	363.2	169.7	504.1	142.8	53.2	32.3	111.8	312.3	66.4
"Y10659_at"	1885.2	672.5	2480.8	656.2	1155.7	1416.6	1477.3	1947.7	1496.6	1610.6
"Y10807_s_at"	6974.8	3557.9	5890.5	6520	3635.2	6576.4	9923.2	6571.1	5369.2	5932.4
"Y10812_at"	180.4	92.5	91.4	100.6	97.2	75.6	149.7	88.3	78.6	26.6
"Y10871_at"	760.4	458.9	442.6	1678.9	1936.2	1505.5	4256.2	1634.7	1373.6	1469.8
"Y10936_at"	673.9	707.3	770.7	1914.4	1032.3	941.2	649.3	1329.4	541.3	1002.7
"Y11174_at"	61.4	52.7	75.1	194.8	22.7	16.3	35.1	41.2	42.9	16.2
"Y11180_at"	26.1	58.1	78.4	23.6	7.6	21.1	28.4	118.3	25.6	11.5
"Y11215_at"	541	635.4	529.4	1443.1	804.5	488.7	748.5	686.6	796.3	251
"Y11251_at"	1040.1	1013.6	739.3	287.7	1100.4	1296.9	962.3	1684	1136.5	1521.3
"Y11306_rna1_at"	2465	3328.8	5323.2	2169.1	4555.4	3100.7	1761.6	8043.2	4382.7	4361.6
"Y11416_at"	106.7	253.3	81.3	238.5	87.1	69.8	137.1	109.2	52.7	63.1
"Y11651_at"	937.1	614.9	901.5	798.6	1230.9	1281.7	673	1736.6	1362	1240.6
"Y11681_at"	5055.4	2838.4	4371.6	3165.9	1866	2173.7	7761.7	6360.6	5032.4	3908.7
"Y11709_at"	57.1	34.7	53.9	71.5	21.8	49.7	63.1	33.7	47.3	17.8
"Y11710_rna1_at"	764.7	663.4	504.4	1530.8	512	616.4	1175.5	837.4	713.7	417.6
"Y11897_at"	496.1	525.3	259.3	1005.1	687.5	796.7	746.1	610.2	688	524.2
"Y11999_at"	110.7	103.8	772	154.9	52.5	93.6	94.3	144.7	112	59.4
"Y12393_s_at"	838.3	1991.7	844.2	475	1413.2	2327.5	408.3	1094.8	597.1	1821
"Y12394_at"	553.9	577.4	917.2	1017.1	662.7	536.7	834.1	1286.1	642.3	921.7
"Y12478_at"	896.9	232.3	1734.4	5244	1020.3	259.7	1898.2	1458.7	1114.6	1256.4
"Y12556_at"	165	633.7	323.3	220.1	132.5	94.2	900.3	1377.3	589.7	502.2
"Y12670_at"	19908.1	7191.9	9651.8	10443.2	8626.5	10380.8	26943.6	18030.3	11408	16260.9
"Y12711_at"	1528.2	1253.3	1902.2	3346.8	1331.9	1535.1	1750	2071.7	2177.5	1971.2
"Y12812_at"	179.3	12.6	41.6	19.6	11.2	13.6	243.7	17.2	17.6	12.5
"Y12856_at"	158	198.2	676.3	465.3	411.5	582.7	291	594.5	382.3	379.2
"Y13115_at"	360.6	238.9	183.6	397.6	253.1	153	310.2	299.6	234.3	160.2
"Y13153_at"	1259.1	1843.9	889	159.1	1701.9	1280.3	1273.1	857.3	797.1	757.3
"Y13247_at"	1610.3	2123.7	2327.6	1893.3	2262.2	1962.2	2035	1937.4	3306.4	2323
"Y13618_at"	251.3	416.7	200.6	23.3	105.8	247.1	163.8	453.9	173.2	165.9
"Y13620_at"	507.3	684.6	386.8	2582.1	1250.4	1028.2	223.1	148.7	213	728.6
"Y13896_at"	312.8	63.6	112.6	76.8	91.7	21	27.4	282.9	36.3	73
"Y14140_at"	643.6	106.3	727	1139.9	1084.4	411	666.6	324.5	440.6	321.1
"Z00010_at"	49.8	80.5	31.4	27.9	26.8	27.3	21.6	30.2	19.5	18.2
"Z11502_at"	108.4	108.3	136.4	103.7	66	67	114.9	106.6	260.7	25.7
"Z11518_s_at"	982.4	943.6	834.4	1053.7	693.7	745.9	856.8	623	1138.1	756.1
"Z11559_at"	16962.1	6385.1	14537.7	1873.9	10931.1	10967.5	8344.9	8831.4	6774.2	6323.4
"Z11685_s_at"	233.7	575.3	441.9	296.3	481.4	391.2	522.3	281.6	323.1	449.7
"Z11695_at"	2506.7	2020.6	1248	1781.9	1884.6	4886.8	2305.5	3210.5	2725.6	3185.8
"Z11697_at"	12583.6	20107.9	11313.3	649.5	39820.6	27490.5	13982.2	6714.1	21949.7	22523
"Z11737_at"	820.1	611	972.4	2643.3	1254.5	545.5	884.4	1681.6	1596	1276.5
"Z11793_at"	74.6	20.4	112.8	2407	60.2	64.3	180	235.3	251.8	86.6
"Z11850_at"	108.1	56.8	49.4	408.8	41.7	189.3	97.4	189.8	87.9	137.5
"Z11899_s_at"	1102.7	495.1	863.6	2297.5	1975.3	765.6	815.2	957.3	904.6	728.2
"Z11933_at"	55.2	41.7	18.8	71.4	24.8	109.9	54.7	39.3	29.4	29
"Z12173_at"	577.3	184.1	510.9	220	567.5	195.2	675.5	723.7	443.7	432.4
"Z12830_at"	1709.5	1456.9	1787.7	1140.4	1547.1	1767.6	2721.7	1830.6	2138.7	1761.1
"Z12962_at"	114379.7	165228.2	134886.1	126030.4	118886.1	77213.4	255903.5	74510	100855.8	84332.8
"Z14000_at"	7675.6	4375.8	5090.1	8373	5930.6	8720.6	9425.3	9181	7732.9	6855.4
"Z14093_at"	847.9	327.1	1614.9	465.8	178.8	239.4	473.9	332	938.2	771.1
"Z14244_at"	4922.9	7149.2	6229.4	5563	6756.9	5043.4	6782.2	4133	7070.6	5381.1
"Z14978_at"	2927.5	3733.6	3465.9	3477.8	3630.3	2567.5	6185.6	5266.8	2993.3	3998.3
"Z14982_rna1_at"	11645.4	5738.7	10394.9	4331.2	6012.7	5904.1	4682.7	6021.9	7708.1	6495.3
"Z15005_at"	442.4	361.5	186.8	378	671.9	217.4	604.5	648	101.2	299.6
"Z15108_at"	473.6	105	704.2	4718.9	55.3	228.9	98.9	141.3	104.2	106.8
"Z15114_at"	1516.4	1192.1	838.5	1801.8	1332.9	1264.3	2959.6	1579.9	1663	1077.9
"Z15115_at"	2063.7	1598.1	1669.4	4655	2202.4	2793	2272.8	3025.8	1781.7	2650.2
"Z16411_s_at"	2667	1586.4	1244.2	598.1	822.9	1462.2	2329.4	2425.5	1272.5	1179.1
"Z17227_at"	5398.9	1904.4	5286.8	4095.7	3092.9	4173.1	5562.3	5198.6	6397.5	4786.5
"Z17240_at"	425.1	132.1	84.2	219.7	534.3	565.4	284.3	409	360	109.3
"Z18859_rna1_at"	414.7	419.9	259	563.2	161.9	263.5	277.7	477.5	379.3	196.3
"Z18948_at"	257.7	160.7	134.9	245.2	164.1	129.7	335.6	185.2	188.6	65.4
"Z18951_at"	90.9	48.2	56.3	161.7	44.6	50.4	109.3	60.5	62.9	22.1
"Z18954_at"	224.8	252.9	56.3	318.4	152.9	202.6	246.6	257.6	162.5	101.2
"Z18956_at"	1328.8	809.7	696.1	824.4	540.3	1064.2	1355.1	1312.1	474.2	779.7
"Z19002_at"	67.6	67.4	60.9	57.2	37.4	87.6	200.9	36.2	102.1	38.4
"Z19554_s_at"	143788.5	208025.5	103548.8	19938.9	124330.8	83973.2	267208.8	74503.4	88513.7	76701.5
"Z19574_rna1_at"	689.6	6198.6	344.5	4243.3	261.4	600.4	273.9	153	98	71.7
"Z19585_at"	107	84.4	179.5	121.9	69.8	49	86.3	42.6	47.6	49.6
"Z20656_rna1_s_at"	36.9	37.6	66.5	231.8	249.6	125.7	120.2	52.5	38.1	158.6
"Z21488_at"	315.1	340.6	153.6	518.7	201.5	163.8	422.1	153	67.5	51.9
"Z21507_at"	14711	13729.1	19298.9	16637.9	10737.8	15239.4	11701.8	13272.8	11934.2	14102.3
"Z21707_at"	64.2	48.5	64.3	23.1	248.1	67.7	62.5	28.5	26.1	37.6
"Z21966_at"	762.4	214.7	62.3	447.5	434.8	201.8	443.6	112.5	136.5	127.9
"Z22534_at"	1282.4	1126.2	683.6	1383.1	1169	2495.5	624.5	1081	998.8	1344
"Z22535_at"	208.2	39.6	291.8	856.2	62.3	278.6	316	401.8	71	19.2
"Z22536_at"	383.8	838.6	496.5	1195.7	540.6	501.3	1810.4	770	939.9	513.5
"Z22548_at"	923.4	638.8	120.1	5155.6	146.4	113.2	909.3	366.9	1268.9	950.4
"Z22551_at"	831.2	1082.1	577.3	3943	1952.1	1552.8	488.2	1043.1	706.3	1820
"Z22555_at"	3145.8	1650.2	1694.3	816.5	1667.5	918	2374	8003	2904.6	1620.9
"Z22780_at"	254.4	25	179	35.6	136.8	28.3	617.1	78.3	145.8	150.5
"Z22865_at"	52.4	282.3	389.3	535.3	182.3	58	374.8	430.5	321.7	242.9
"Z22951_rna1_s_at"	3347	3300.8	2188.5	2711.3	4311.7	10457.9	2585.1	3490.8	1891.1	4821.8
"Z22970_at"	400.9	706.2	557.4	430.2	845.1	540.6	772.6	1747	1003.7	1002.7
"Z23064_at"	1203.8	1449.4	2464.7	3604.9	3642.1	1717.3	1013	1500.4	3024.1	3197.7
"Z23090_at"	40363.7	151871.7	105902.3	46311.5	38260	22555.2	91355.3	38642	39252.3	39666.7
"Z23091_rna1_at"	56.5	123.5	147	164.1	47.4	37.4	337.2	37.1	26.1	10.8
"Z23115_at"	1510	1380.5	1045.3	1679.9	901.1	1141.5	2802.4	1743.1	1231.3	1087.8
"Z24459_xpt5_at"	328.2	505.3	33.4	115.5	44.8	76.5	179.5	63.4	47.9	117.3
"Z24680_at"	1223.8	757.9	383.9	1260.8	274.8	528	1284.6	692.9	428.6	308.8
"Z24724_at"	2992.2	4705.4	672.8	2400.6	5321.5	6788.9	2683	3193.5	1853.7	5716
"Z24725_at"	387.5	445.5	126.1	745.4	234	229.5	197	182.4	235.9	102.3
"Z24727_at"	809.4	641.1	712.7	5111.4	788	497.7	370.1	1022.5	795.9	518.1
"Z25521_s_at"	16877.4	9007.4	10847	3427.8	14442.1	14573.3	6967.4	12881.3	11789.9	11889.6
"Z25535_at"	789.7	1904.3	441.9	1469.5	1130.3	1154.5	387.9	1081.6	958.8	1220.8
"Z25749_rna1_at"	14484.3	19908.6	28972.8	18794	21267.1	14092.3	16971.2	15323.4	22785.8	22003.7
"Z25884_at"	727.2	469.7	622.1	1160	751.1	800.7	1506.9	355.4	971.5	694.8
"Z26248_s_at"	70	69.7	35.5	74.4	106.8	39.3	52.1	82.5	69.8	25.7
"Z26256_at"	180.6	149.9	214.7	249	148.6	180.9	227.3	181.9	185.1	128.6
"Z26317_at"	83.2	640.1	100	172.2	89.2	76.4	192	521.9	76.9	58.7
"Z26491_s_at"	10259.6	9981.5	15801.1	11735.3	23427.4	15481.6	9884.9	15885.3	18962.2	17344.8
"Z26634_at"	56	14.9	54.2	225.3	19.2	51.5	55.5	46.7	85.6	26.7
"Z26653_at"	288.4	1040.3	85.1	417.4	448.2	85.8	149.7	79.4	185	58.2
"Z26876_at"	49386.3	62242.7	76394.4	43185.6	59539.3	49159.9	40559.8	43459.9	44200.2	57354.1
"Z27113_at"	11221.9	6369.6	8958.9	6712.2	5149.3	5073.6	11514	6456.8	7058.4	6572.6
"Z28339_at"	302.4	278.5	132.8	216.1	85.8	43.3	162.8	198.9	37.6	60.3
"Z28407_at"	37750	35193.8	52286.3	54589.4	37938.2	32003.1	56082.2	42766.2	42519.9	46168.6
"Z29064_at"	2172.1	1464.1	3505.5	2011.6	3843.1	2480.7	1334.9	3254.3	4806.2	2243.8
"Z29066_s_at"	50.8	30.9	164.8	130.6	133.6	17.5	58.9	70.3	139	57.2
"Z29067_at"	109.6	84.3	60.4	1233.6	328.5	61.6	384.8	406.7	196.8	173.5
"Z29074_at"	202	606	147.7	293.7	206.4	172.6	307.5	212.8	193	160.9
"Z29077_xpt1_at"	89.2	73.4	36.7	113.8	32.2	40.7	38.5	63	29.8	33.1
"Z29083_at"	335.6	776.5	522.5	4509.1	546.7	540.6	336.9	183.2	1440.5	157.1
"Z29090_at"	593.6	665.4	627.6	642.1	595.2	797.5	1025.8	1190.2	433.1	612.7
"Z29331_at"	646.1	841.1	632.7	2043	925.7	834.6	788.5	445.1	724.2	747.4
"Z29481_at"	1564.2	1297.4	1503.9	1777.8	1159.5	885.3	2493.5	1485.9	1133.6	1215.6
"Z29505_at"	11028.7	11768.6	13893.5	18553	20449.1	18425.3	12765.8	14477.3	22072.8	17979.6
"Z29572_at"	479.2	503.8	363.1	732.8	239.4	160.3	319.5	402.1	232	159.7
"Z29574_at"	555.4	229.6	148.9	383.5	124.7	111.5	477.6	291.3	331.6	35.1
"Z29678_at"	11160.3	5030.4	7903.2	2723.8	12665.2	16716.5	10454.1	5130.8	10493.1	20767.9
"Z30425_at"	179.3	529.6	156.5	228.7	190.4	188.6	942.4	484.4	473.6	267.4
"Z30426_at"	45.8	380.7	50.4	61.7	320.2	378.5	137.1	146.1	19.2	53.8
"Z30643_at"	4582.5	6933.8	6552	4530.9	4694.3	5215.2	9108.9	4677.2	6637.9	6028.1
"Z30644_at"	2817.2	1794.6	1986.8	4427.6	2881.5	2841.3	5677.2	3173.5	2828.8	2592.4
"Z31357_at"	436.7	232.5	253.6	122.6	248.2	139.5	307.1	89.3	253.5	45
"Z31560_s_at"	532.5	239.8	456.3	2493.9	323.3	428.4	460.4	826	554.7	437.2
"Z31690_s_at"	2171.6	4162.3	10575.6	1441	6549.1	6955	19008.3	21230.8	19828.6	19829.6
"Z31695_at"	72.6	60.3	65.2	1565.6	52.2	65.9	316.3	66.4	54.7	35.8
"Z32684_at"	83.4	111.6	225.5	144	209.7	29.5	150.7	288	121.2	85.5
"Z32765_at"	3696.1	5595.6	4690.4	6239.1	5003.1	4847.5	9482.4	9027.9	6991.9	8747.1
"Z33642_at"	2260.1	2174	6518.5	216.8	2387	2042.5	3480.5	4618.7	6669.7	2907.6
"Z33905_at"	363	215.2	149.8	158.5	87.9	175.2	276.8	199.2	194.1	126.5
"Z34822_f_at"	180.4	105.3	85.1	126.8	87.9	86.7	98	98.5	38.9	59.4
"Z34897_at"	933.7	1204.7	621.3	653	1719.6	1102.4	769.3	1100.4	633.1	770.5
"Z34918_at"	857.9	238.6	454.7	2154.2	833	318.8	733	970.8	661.3	495.1
"Z34974_s_at"	146.5	131.4	269	196.2	214.6	84.9	171.3	151.1	207.5	76.1
"Z34975_at"	1347.3	963	799.4	1117.9	586.4	666.4	708.5	1519.3	1085.1	864.5
"Z35085_s_at"	1882	3155.5	1465.5	4203.6	2793.4	3718.2	957.6	1997.5	1423.9	2551.3
"Z35093_at"	6730.7	4722.7	7023.1	5381.6	4090.3	3228.9	6144.6	4133.8	5162.7	4416.2
"Z35102_at"	382.1	154.4	573.5	1991.1	807.6	693	1098.6	917.9	723.7	500
"Z35227_at"	1351.1	1205.1	598.9	1102.7	1116.1	1851.4	437.2	751.6	452.6	450.4
"Z35278_at"	887.9	1034.1	492	1134.7	680.6	2296.5	770	1619.9	1293.3	1019.4
"Z35307_at"	396.7	1299.3	420.2	1730.9	737	1329.9	948.8	638.5	133.4	322.6
"Z35309_at"	124.7	179.7	90.1	134.3	82	91.2	208.8	89.6	119.8	47.3
"Z35402_rna1_s_at"	390.4	1473.9	307.5	10519.5	528.5	388	272.7	397.9	343.3	135.5
"Z35491_at"	2162	2952.9	2831.9	4680.1	1924.2	2286.5	2055.9	2024.6	2295.9	2431.5
"Z36531_at"	526	1414.5	1290.3	547.7	1139.1	427.4	452.6	1053	872.2	702
"Z36714_at"	1171.7	1128.2	1266.6	1399.8	618.7	1091.9	2015	1651.5	996	930.3
"Z36715_at"	903.6	664.3	397.7	1801.1	631.8	686.8	1173.7	643.2	756	503.3
"Z37166_at"	6599.3	7356	7988.8	12045.1	5782.7	9580	9059.7	8642.7	5772.9	7630.8
"Z37976_at"	659.4	326.7	61.5	832.3	285.2	154.6	484.1	109	461.8	243.6
"Z37986_at"	3077	2743.2	4500.5	4843.5	2829.7	2600	4765.3	6545.9	5563.4	3233.3
"Z37987_s_at"	413.2	207	226.9	239.2	293.4	702.5	23.6	195	59.2	278.9
"Z38026_at"	663.9	3355.6	6928.2	401.2	12760.6	798.3	1684.4	1094.4	313.5	1099.5
"Z38133_s_at"	408.8	72	130.8	96.4	66.7	276.8	150.1	94.8	81.4	98.8
"Z46261_at"	38.6	38	53.6	21.1	23.6	34.8	73.8	22	45.4	16.8
"Z46376_rna1_at"	3181.2	1233.6	1790.7	1013.6	982.1	2166.9	4918.4	2742.9	1382.4	1251.4
"Z46629_at"	312.1	79.3	38.6	776.6	351.8	188	255.4	189.7	415.7	50.2
"Z46632_at"	54.1	195.3	688.2	31.5	59.2	94.9	51.6	20.2	31.9	22
"Z46632_r_at"	978.4	888	1042.8	75	95.7	667	992.9	633.6	286.8	250.3
"Z46788_at"	36.8	14.2	36.6	136.5	18.7	37.3	118.6	55.6	20.3	12.2
"Z46967_at"	481.5	492.9	499.2	257.6	163	186.4	755.5	638.5	124.7	390.3
"Z46973_at"	1719.1	1103.1	1271.3	1517.9	1181.3	1858.3	1041.5	1222.3	1366.7	1276.5
"Z47038_s_at"	1506.8	1746.8	1263.6	4088.2	1632.4	1183.9	2165.9	1220.4	1549.7	1084.1
"Z47043_at"	67.8	215.5	50.6	92.6	66	33.7	105.4	88	39.8	30.6
"Z47055_s_at"	2663.9	2495.2	2711.4	3747.8	2390.4	1823.3	2505.1	4152.1	3725.8	2456.5
"Z47087_at"	3050.5	3964.2	4858.4	9181	5434.4	4240.8	2183.2	4619.4	4884.3	5201.7
"Z47553_at"	147.4	187.3	149.6	1136.4	215.7	30.9	211.2	264.3	416.1	100.2
"Z47556_rna2_at"	59.2	33.2	75.5	67.4	23.9	32.4	49.9	18.8	71.7	17.5
"Z47727_at"	6999.2	6630.4	6586.2	3216.3	6206	5091.7	5139.5	6106.5	5018.5	6401.3
"Z48042_at"	1860	2831.2	3703.5	2891	4553.3	5442	2348.2	4347.9	5347.9	4984.6
"Z48051_rna1_at"	204.8	300.9	106.1	299.8	238.5	79.2	133	145.7	192.9	108.4
"Z48054_at"	1045.9	345.8	977.8	1579.9	809.7	661.6	1011.6	1247.3	1074.1	1027.7
"Z48199_at"	298	423	745.6	11300.9	827.8	586.4	1245.5	642.6	969.3	933.6
"Z48314_s_at"	305.6	2980.6	154.9	80928.9	315.5	1672.3	280.5	334.3	347.7	111.7
"Z48475_at"	136.5	384.4	83	113.4	93.7	143.2	126.5	132.8	102.6	78.8
"Z48481_at"	2657.2	785.4	257.2	1613.8	502.8	1428.2	3855	857.5	1184.2	965.9
"Z48482_at"	242.2	136.9	118.2	462.6	129.1	166.5	192.6	176.8	158.6	97.8
"Z48501_s_at"	28121.9	46062.3	45342.8	16123.5	58047.2	42107.3	42190	35194.5	42782.4	54038.9
"Z48510_at"	99.3	32.2	31.8	139.7	23.5	21.4	163	19.5	19.8	4.4
"Z48511_at"	182.2	341.7	233.4	351.8	158.8	289.5	271.9	125.9	210.8	181.7
"Z48512_at"	140.2	398	265	804.8	62.3	195.3	213.8	348.7	324.9	60.1
"Z48519_s_at"	50.2	342.8	39.4	118.1	191.2	31.9	605.5	127.1	293.5	44.6
"Z48520_at"	15.9	20.8	23.6	65	7.3	12	129.1	30.4	14	10.4
"Z48541_at"	1865.6	916.5	3792.9	147.5	2296	1101.7	2098.7	3865	4658.7	2247.4
"Z48570_at"	360.5	276.6	180.6	7946.6	245.6	111.3	29.8	330.9	334.1	234.2
"Z48579_at"	1833	1016.2	796.9	577.7	887.7	1458.9	4300.7	2983.2	1026.7	2083
"Z48605_at"	374.6	388.7	529.9	240.5	584.2	192.6	160.6	571	698	367.3
"Z48633_at"	1257.1	731.1	835.1	5881.3	548.2	732.7	1387.6	1607	690.8	653.8
"Z48804_at"	151.7	189.8	111.9	479.7	73.2	242.7	609.1	343.1	417.1	91.9
"Z48923_at"	1329.2	1210	1128.3	1102.9	928.7	1133.6	1150.4	1227.1	843.2	1088.3
"Z48950_at"	22368.2	33249.3	24159	32100.9	63221.3	22393.6	19520.4	17253.8	40473.1	41142.1
"Z49099_at"	11861	11263.5	5557.5	6945.9	8904.5	19079.6	12838.5	10083	8993.9	10265.3
"Z49105_at"	1084.4	2393.6	1670.1	2170.3	1918.9	1514.9	2615.8	2108	1273.4	1898.2
"Z49107_s_at"	15391.3	9530.4	17977	4844.2	8026.1	9753	22144.5	26076.6	12350.2	17027.4
"Z49148_s_at"	22401.5	26389	45100.7	28633.6	29857.9	22267.2	37847.8	29312.1	34741.9	42701.1
"Z49155_at"	628.9	934.9	666.6	1275	508.5	585	1633.3	450.8	834.4	524.4
"Z49194_at"	101.9	41.7	11.2	1248.7	19.9	42.9	46	51.2	34.1	16
"Z49205_at"	155.1	81.3	164.3	33.8	32.7	177.9	33.9	41.8	47.5	231.1
"Z49208_at"	18.5	24.8	29.5	44.1	52.5	11.8	44.3	320.9	21.2	19.8
"Z49254_at"	10842.1	4821.9	9734.4	13374.9	4979.1	4126.8	9211.5	6890.4	6909.1	6306.1
"Z49269_at"	269.7	202	119.5	1830	95.3	210.6	172.9	188.5	119.3	100.7
"Z49825_s_at"	1303.7	1352.8	1429.1	2213.7	1567.4	1184.2	1734.1	1416.7	876.6	910.4
"Z49835_s_at"	657.6	400.9	875.8	3097.6	608.1	1508.9	660.8	842.3	1173.8	1121.1
"Z49878_at"	775.8	292.1	693.4	1263.6	329.1	400.7	399.9	770.3	708.3	132.3
"Z49989_at"	167.1	222.6	157	215.1	133.5	164.1	241.7	235.1	198	128.8
"Z49995_at"	133.1	46.6	39.1	73.6	21.4	22.8	63.5	53.6	49.6	23.1
"Z50022_at"	9061.2	6248.7	12115.5	12694.5	11673	7126.7	6014.7	11638.6	9321.5	9160.7
"Z50053_at"	73.2	475.3	334.4	258.7	110.2	274.4	407.6	78.4	519.4	27.2
"Z50115_s_at"	1195.2	974.2	1117.2	2386.8	857.9	753.6	2222.7	1206.3	1417.2	1216.2
"Z50194_at"	1308	1794.5	194.1	139.8	1656.6	1420.3	2263.4	489.1	818.1	3056.6
"Z50749_at"	3224.4	2152.1	3149	5104.9	2307.6	1980.2	2718.7	3315.6	3102.3	2787.5
"Z50781_at"	2031.7	2233.5	3709.2	2639.4	1693.3	1713.2	2532.6	5780.1	5235.7	2890.9
"Z50853_at"	6632.4	2555.1	4991.5	4575.1	2505.8	2176.5	4633.5	3739.4	3679.3	3045.5
"Z54367_s_at"	2040.7	280.6	1622.5	2443.1	472	1014	4257.6	5304.2	2005	2499.6
"Z56281_at"	4404.4	1816.5	3086.9	3355.5	1455.4	1830.3	5978.8	2785.1	2350.4	1979.5
"Z67743_at"	894	384.7	727.1	1029.2	476	638.2	2738.3	1828.6	1081.6	1009.5
"Z68129_cds1_at"	4353.7	2919.2	3890.3	4604.3	2235.7	2643.5	5135.7	2967.9	3290.3	2595.3
"Z68193_at"	163.4	373.1	347.5	375.3	69.5	113.8	97.8	84	449.3	47.8
"Z68204_at"	943.5	823.6	1212.6	960.6	493.9	616	1570.6	1132	1243.6	778.4
"Z68228_s_at"	1648	6075	1562.4	13942.7	1136.1	2477.9	3289.1	2463.2	1724.8	1790.1
"Z68274_at"	52.1	499	173.3	67.1	102.8	309.8	546.4	67.1	94.9	52
"Z68280_cds2_s_at"	4530.6	2013.3	2757.8	4377.7	2401	2638.9	6129.4	3757.6	3743.1	3313.1
"Z68747_at"	675.7	720.4	367.1	2345.7	471.7	460.1	411.5	563.4	398.3	255.6
"Z69030_s_at"	1610.9	1396.7	1547.3	976.1	1446.2	1454.1	2963.3	1650	1490.8	2056.7
"Z69043_s_at"	13538.3	9605.1	11393.4	20729.8	9394	13625.7	15465.5	8496.8	14887.5	14650.7
"Z69720_at"	964.6	818.3	1125.9	1482.9	730.8	702	2233.1	1084.3	869.6	974.7
"Z69881_at"	1389.2	232.7	120.9	6439.7	324.4	527.9	1490.7	579.2	665.8	357.9
"Z69915_at"	233.4	207.8	292	918.3	603.8	270.9	664.5	436.3	414.1	572.2
"Z69923_at"	916	1151.9	156.7	425.5	165.2	326.1	887.4	546.6	457.6	257.8
"Z70218_s_at"	39.1	32.4	39.6	32.6	16.6	30.1	108.7	26.2	27.2	19.8
"Z70219_at"	700.6	446.8	338.9	526.9	392	421.8	687.5	288.5	475.4	258.7
"Z70220_at"	211.7	88.6	116	149.6	153.3	40.2	385.3	201.9	115.1	56
"Z70222_at"	1040.1	2548.4	888.6	191.3	1606	3034.7	1824.4	795.7	889.2	1511.4
"Z70276_s_at"	79.4	152.1	135.4	281.7	23.1	70.3	412.6	88.5	119.6	14.2
"Z70295_at"	68.5	136.3	110.1	165.8	110	154.5	190.7	59.8	55.2	54.5
"Z70723_at"	70.6	62.2	26.5	44.4	19.8	24	306.1	53.6	25.9	12.5
"Z70759_at"	54478.3	177899.7	69820.5	121989.2	130526.2	54167	294278.1	44706.6	58221.3	64719.4
"Z71389_at"	491	530.3	87.4	79.3	67.6	64.8	378.5	73.4	78.8	22.8
"Z71460_at"	2434.3	1637.6	1599.2	2535.9	1635.6	1587.4	3696.5	4940.2	1751.6	2296.3
"Z72499_at"	2660.8	3587.8	1819.4	3154.5	4612.4	6025.1	6461.4	3703.2	3199.8	4778.7
"Z73497_at"	47.1	73.1	37.6	52.2	31.2	41.6	108.1	40.6	48.3	23.1
"Z73677_at"	559.7	109.2	284.3	447.6	183.1	141.8	185.8	327.4	84	45.3
"Z73903_at"	61.7	134	96.5	187.3	166.2	128.8	212.7	916.6	133.6	77.7
"Z74615_at"	275.3	631.9	404	825.6	340.7	798.4	1030	1075.1	436.5	491.7
"Z74616_s_at"	89.2	88.6	39.9	385.1	33.6	62.8	33.2	60.6	142.3	17.7
"Z74792_s_at"	2902.6	3380.9	2806.4	1871.4	2312.2	2240.2	1955.5	2903	2660.8	2172.1
"Z75190_s_at"	94.9	129.3	561.1	88	41.2	215	631.3	87.5	130.6	42.6
"Z75330_at"	70.3	379.1	575.7	184.6	197.3	383.8	30.7	383.8	222.3	242.1
"Z78285_f_at"	21.4	16.9	2.7	3.4	2.4	2.9	18.2	1.4	2.7	1.3
"Z78289_at"	388.6	235.1	417.4	209	356	183.7	474.3	411.1	187.9	197.2
"Z78290_at"	41	31.4	15.7	25.1	11.5	29.6	47.2	146.1	41.6	6.6
"Z78291_at"	42.4	47.9	41.8	47	38.6	44.6	37.8	46.9	57.9	25.8
"Z79581_at"	32	46.5	41.6	30.8	19.5	31.5	89.5	50.4	19.8	10.2
"Z79693_s_at"	176.3	50.2	285.6	198.1	150.4	200	18.5	462.2	232.2	188.3
"Z80345_rna1_s_at"	2022.4	821.6	1577.8	1325.9	920.7	601.5	2225.8	2249.8	1047.2	1176
"Z80776_at"	102.4	57.6	11.5	98.1	9.1	9.8	187.5	10.2	21.2	4.7
"Z80777_at"	36.1	36.1	29.9	30.5	53	31.1	36.9	46.7	57.8	7.5
"Z80779_at"	57.9	60.8	32.1	118.1	10	37.5	55.5	33.8	13.7	7.7
"Z80780_f_at"	762	1040.8	1380.5	619.6	93.4	514.8	185.7	317.3	207.9	346.6
"Z80781_at"	40	71.2	422.4	455.2	68.2	115.4	83	276.5	145.2	114.8
"Z80783_at"	407.4	665.9	216.2	120.8	326.1	405	678.5	170.9	124.7	266.2
"Z80787_at"	236.2	54.1	187.1	368.7	326.5	48.8	91.6	182.8	119.6	94.1
"Z80788_at"	345.3	30.6	20.2	203.6	26.1	27.3	52.9	35.5	70.6	26.6
"Z81326_at"	45.3	78.1	211.2	240.3	143.3	96.6	92.1	558.8	325.3	380.6
"Z83336_at"	2022.9	2153.7	2032.1	1846.1	2434	2086.5	2790	2490.6	2126	1859.6
"Z83735_at"	87.8	43.5	171.1	16.4	8.7	25.8	43.8	47.4	23.9	22.6
"Z83741_at"	84.3	60.8	52.1	170.9	110.2	134.7	396.2	61.6	109.5	59.1
"Z83742_at"	31	320.4	301.3	24.1	16.6	41.3	44.9	41.1	45	7.8
"Z83745_at"	81.6	53.6	355.2	264	26.4	119.6	420.8	290	205.8	31.2
"Z83799_at"	50.4	35	24.9	73.9	20.1	20.4	93.2	25.8	37	11.1
"Z83800_at"	46.3	17.1	5.8	285	7.8	7.2	26.6	26.8	10.9	3.5
"Z83802_at"	20.8	27.9	23	368.8	24.4	90.5	105.3	114.7	166.9	30.2
"Z83803_at"	122.2	63.5	71.6	109.3	44.9	63.7	165.8	55.1	59.6	48.4
"Z83804_at"	43.3	510.7	116.3	57.9	37	50.5	314.4	175.9	156.3	22.1
"Z83805_at"	154.9	94.5	101.7	209.1	112.4	122.3	221	174.1	154.7	241.1
"Z83806_at"	240	90	41.9	35.3	13.6	37.7	25.4	419.3	23.8	36.2
"Z83821_cds2_at"	166.3	146.1	480.9	285.8	169.5	141.5	906.6	243.1	161.4	148.4
"Z84483_at"	65.6	140.8	176.5	757.6	112	123.1	235.1	183.8	87.4	85.1
"Z84497_s_at"	3059.5	6873.2	1791.8	2467.8	4849.4	2354	4037.8	2661.5	5526.5	5305.3
"Z84718_cds1_at"	1381.2	3848.1	148.3	172.6	66.2	111.5	1681.2	4089.6	8548.3	7599.7
"Z84721_cds1_at"	323.7	217.2	76.7	852.1	229	268.3	557	872.5	289.6	415.8
"Z84721_cds2_at"	136.1	588.1	1090.7	21248.8	419.2	2784.9	982.2	809.6	536.3	211.3
"Z84722_at"	381.2	253.8	544.4	302.8	427.2	212.9	217.9	247.5	171.9	173
"Z86000_at"	1406.5	273	797.8	1634.9	627.9	1067.8	1715.5	690.8	634.3	449.1
"Z93784_at"	1328.3	1038.9	1663.1	2538.6	1443	1231.4	1091.6	2055.4	1790.3	1703.1
"Z94753_s_at"	498.2	360.5	697.6	2384.4	1674.4	826.7	1556.8	2156.5	883.4	1190.3
"Z95624_at"	223.8	294.7	125.6	414.3	117.1	117.4	537.9	601.5	141.8	41.9
"Z96810_at"	68.9	274.8	30.7	218.1	43.1	43.7	79.2	286.9	34.7	12.3
"Z97054_xpt2_at"	2713	2166.5	1674.5	2644.1	2058.9	5356.4	2563.8	3240	2575.3	2464.5
"Z97074_at"	1435.7	723.2	1499.5	1051	1001.2	573.5	1407.2	1411.8	960.7	956.8
!series_matrix_table_end
